# k [Mpc^-1], P(k,z=0) [Mpc^3]
1.000000000000000048e-04 2.018821899343324958e+03
1.001382644197049994e-04 2.021512357877294562e+03
1.002767200099075577e-04 2.024206394286939258e+03
1.004153670349284579e-04 2.026904013301661280e+03
1.005542057594539492e-04 2.029605219657052885e+03
1.006932364485363347e-04 2.032310018094905217e+03
1.008324593675940796e-04 2.035018413363201489e+03
1.009718747824129632e-04 2.037730410216153359e+03
1.011114829591461197e-04 2.040446013414195249e+03
1.012512841643147020e-04 2.043165227723968655e+03
1.013912786648083565e-04 2.045888057918373079e+03
1.015314667278857240e-04 2.048614508776542607e+03
1.016718486211750093e-04 2.051344585083865240e+03
1.018124246126745231e-04 2.054078291631997217e+03
1.019531949707528311e-04 2.056815633218855055e+03
1.020941599641498384e-04 2.059556614648629875e+03
1.022353198619769653e-04 2.062301240731806047e+03
1.023766749337176764e-04 2.065049516285161644e+03
1.025182254492280491e-04 2.067801446131773901e+03
1.026599716787372893e-04 2.070557035101013753e+03
1.028019138928482052e-04 2.073316288028599502e+03
1.029440523625378988e-04 2.076079209756556793e+03
1.030863873591577657e-04 2.078845805133243175e+03
1.032289191544347558e-04 2.081616079013365834e+03
1.033716480204713729e-04 2.084390036257978409e+03
1.035145742297463660e-04 2.087167681734494181e+03
1.036576980551152309e-04 2.089949020316699716e+03
1.038010197698106845e-04 2.092734056884736674e+03
1.039445396474432881e-04 2.095522796325150921e+03
1.040882579620018539e-04 2.098315243530866155e+03
1.042321749878541637e-04 2.101111403401221196e+03
1.043762909997470226e-04 2.103911280841936787e+03
1.045206062728074248e-04 2.106714880765174257e+03
1.046651210825426620e-04 2.109522208089509149e+03
1.048098357048409738e-04 2.112333267739950315e+03
1.049547504159720359e-04 2.115148064647946740e+03
1.050998654925875016e-04 2.117966603751391176e+03
1.052451812117215582e-04 2.120788889994645160e+03
1.053906978507915363e-04 2.123614928328537644e+03
1.055364156875979778e-04 2.126444723710355902e+03
1.056823350003258826e-04 2.129278281103868267e+03
1.058284560675447767e-04 2.132115605479359147e+03
1.059747791682093352e-04 2.134956701813598102e+03
1.061213045816599110e-04 2.137801575089853031e+03
1.062680325876231175e-04 2.140650230297912003e+03
1.064149634662123032e-04 2.143502672434037777e+03
1.065620974979282563e-04 2.146358906495248903e+03
1.067094349636592450e-04 2.149218937474456652e+03
1.068569761446822242e-04 2.152082770369901937e+03
1.070047213226629843e-04 2.154950410186300360e+03
1.071526707796567070e-04 2.157821861934822209e+03
1.073008247981086156e-04 2.160697130633128836e+03
1.074491836608543953e-04 2.163576221305369472e+03
1.075977476511208301e-04 2.166459138982194418e+03
1.077465170525262908e-04 2.169345888700740943e+03
1.078954921490814261e-04 2.172236475504681948e+03
1.080446732251892032e-04 2.175130904444192765e+03
1.081940605656461817e-04 2.178029180575978899e+03
1.083436544556425410e-04 2.180931308963306037e+03
1.084934551807628254e-04 2.183837294675956855e+03
1.086434630269864050e-04 2.186747142790281032e+03
1.087936782806880854e-04 2.189660858389200712e+03
1.089441012286385959e-04 2.192578446562184126e+03
1.090947321580053075e-04 2.195499912405301075e+03
1.092455713563523009e-04 2.198425261021192910e+03
1.093966191116415725e-04 2.201354497519097549e+03
1.095478757122331698e-04 2.204287627014871305e+03
1.096993414468858423e-04 2.207224654630965233e+03
1.098510166047575833e-04 2.210165585496460153e+03
1.100029014754061858e-04 2.213110424747055276e+03
1.101549963487898114e-04 2.216059177525110044e+03
1.103073015152676410e-04 2.219011848979596380e+03
1.104598172655999697e-04 2.221968444266160986e+03
1.106125438909494536e-04 2.224928968547109434e+03
1.107654816828812180e-04 2.227893426991409797e+03
1.109186309333634948e-04 2.230861824774719935e+03
1.110719919347682321e-04 2.233834167079381587e+03
1.112255649798716227e-04 2.236810459094421276e+03
1.113793503618546463e-04 2.239790706015575324e+03
1.115333483743036658e-04 2.242774913045311678e+03
1.116875593112110642e-04 2.245763085392790344e+03
1.118419834669753804e-04 2.248755228273910689e+03
1.119966211364025556e-04 2.251751346911310520e+03
1.121514726147060013e-04 2.254751446534371098e+03
1.123065381975073447e-04 2.257755532379242140e+03
1.124618181808368896e-04 2.260763609688813631e+03
1.126173128611343208e-04 2.263775683712769023e+03
1.127730225352491244e-04 2.266791759707557503e+03
1.129289475004413877e-04 2.269811842936422636e+03
1.130850880543818392e-04 2.272835938669397819e+03
1.132414444951531095e-04 2.275864052183337208e+03
1.133980171212498940e-04 2.278896188761885242e+03
1.135548062315795622e-04 2.281932353695529400e+03
1.137118121254627952e-04 2.284972552281586104e+03
1.138690351026341006e-04 2.288016789824205716e+03
1.140264754632424357e-04 2.291065071634385276e+03
1.141841335078518717e-04 2.294117403029992147e+03
1.143420095374416751e-04 2.297173789335742640e+03
1.145001038534076493e-04 2.300234235883228848e+03
1.146584167575621889e-04 2.303298748010945474e+03
1.148169485521349705e-04 2.306367331064247082e+03
1.149756995397735633e-04 2.309439990395423138e+03
1.151346700235439976e-04 2.312516731363643430e+03
1.152938603069313074e-04 2.315597559335009919e+03
1.154532706938401804e-04 2.318682479682546273e+03
1.156129014885955820e-04 2.321771497786221971e+03
1.157727529959428904e-04 2.324864619032926385e+03
1.159328255210492385e-04 2.327961848816522888e+03
1.160931193695035138e-04 2.331063192537822488e+03
1.162536348473171987e-04 2.334168655604618834e+03
1.164143722609248043e-04 2.337278243431668216e+03
1.165753319171845885e-04 2.340391961441880994e+03
1.167365141233790574e-04 2.343509815075869483e+03
1.168979191872157109e-04 2.346631809787159455e+03
1.170595474168271239e-04 2.349757951036425311e+03
1.172213991207723017e-04 2.352888244291477804e+03
1.173834746080367202e-04 2.356022695027248574e+03
1.175457741880330854e-04 2.359161308725801064e+03
1.177082981706019160e-04 2.362304090876339615e+03
1.178710468660121259e-04 2.365451046975234931e+03
1.180340205849616207e-04 2.368602182526019533e+03
1.181972196385780162e-04 2.371757503039388666e+03
1.183606443384187327e-04 2.374917014033225314e+03
1.185242949964723509e-04 2.378080721032601559e+03
1.186881719251586657e-04 2.381248629569793138e+03
1.188522754373294452e-04 2.384420745184283078e+03
1.190166058462690542e-04 2.387597073422763060e+03
1.191811634656949828e-04 2.390777619839173440e+03
1.193459486097584967e-04 2.393962389994671867e+03
1.195109615930453286e-04 2.397151389457680580e+03
1.196762027305758137e-04 2.400344623803854574e+03
1.198416723378062176e-04 2.403542098616138901e+03
1.200073707306288586e-04 2.406743819484723645e+03
1.201732982253727851e-04 2.409949792007121687e+03
1.203394551388044535e-04 2.413160021788100039e+03
1.205058417881282699e-04 2.416374514439749873e+03
1.206724584909872546e-04 2.419593275581462422e+03
1.208393055654635701e-04 2.422816310839971266e+03
1.210063833300793350e-04 2.426043625849307318e+03
1.211736921037966639e-04 2.429275226250867036e+03
1.213412322060191046e-04 2.432511117693386950e+03
1.215090039565916511e-04 2.435751305832959588e+03
1.216770076758015573e-04 2.438995796333059843e+03
1.218452436843789056e-04 2.442244594864516785e+03
1.220137123034972581e-04 2.445497707105555037e+03
1.221824138547742116e-04 2.448755138741810697e+03
1.223513486602721841e-04 2.452016895466314509e+03
1.225205170424985637e-04 2.455282982979497319e+03
1.226899193244069283e-04 2.458553406989243285e+03
1.228595558293973575e-04 2.461828173210853492e+03
1.230294268813170015e-04 2.465107287367067784e+03
1.231995328044608402e-04 2.468390755188095227e+03
1.233698739235721984e-04 2.471678582411602747e+03
1.235404505638434231e-04 2.474970774782724220e+03
1.237112630509164528e-04 2.478267338054074571e+03
1.238823117108836579e-04 2.481568277985767054e+03
1.240535968702878404e-04 2.484873600345412342e+03
1.242251188561237251e-04 2.488183310908132626e+03
1.243968779958379864e-04 2.491497415456572071e+03
1.245688746173300614e-04 2.494815919780902277e+03
1.247411090489527466e-04 2.498138829678835464e+03
1.249135816195128749e-04 2.501466150955634930e+03
1.250862926582718313e-04 2.504797889424121422e+03
1.252592424949463927e-04 2.508134050904681771e+03
1.254324314597089177e-04 2.511474641225282994e+03
1.256058598831885393e-04 2.514819666221482748e+03
1.257795280964715172e-04 2.518169131736434338e+03
1.259534364311017801e-04 2.521523043620898079e+03
1.261275852190817386e-04 2.524881407733245851e+03
1.263019747928728273e-04 2.528244229939497018e+03
1.264766054853961555e-04 2.531611516113285234e+03
1.266514776300332391e-04 2.534983272135902098e+03
1.268265915606262169e-04 2.538359503896281240e+03
1.270019476114791525e-04 2.541740217291043791e+03
1.271775461173581961e-04 2.545125418224463374e+03
1.273533874134924254e-04 2.548515112608538402e+03
1.275294718355743601e-04 2.551909306362877942e+03
1.277057997197606398e-04 2.555308005407037854e+03
1.278823714026728101e-04 2.558711215650282156e+03
1.280591872213978375e-04 2.562118943006934387e+03
1.282362475134884343e-04 2.565531193398891901e+03
1.284135526169644147e-04 2.568947972755664978e+03
1.285911028703128295e-04 2.572369287014373185e+03
1.287688986124887254e-04 2.575795142119725369e+03
1.289469401829158228e-04 2.579225544024046940e+03
1.291252279214870574e-04 2.582660498687329891e+03
1.293037621685654752e-04 2.586100012077178690e+03
1.294825432649845574e-04 2.589544090168844377e+03
1.296615715520493047e-04 2.592992738945251858e+03
1.298408473715361290e-04 2.596445964396984891e+03
1.300203710656944254e-04 2.599903772522309282e+03
1.302001429772467076e-04 2.603366169327180160e+03
1.303801634493892588e-04 2.606833160825240611e+03
1.305604328257929984e-04 2.610304753037858973e+03
1.307409514506039164e-04 2.613780951994112911e+03
1.309217196684438862e-04 2.617261763730772145e+03
1.311027378244113964e-04 2.620747194292402128e+03
1.312840062640816593e-04 2.624237249731265820e+03
1.314655253335081831e-04 2.627731936107393722e+03
1.316472953792226903e-04 2.631231259488588421e+03
1.318293167482360937e-04 2.634735225950424137e+03
1.320115897880390929e-04 2.638243841576246723e+03
1.321941148466028784e-04 2.641757112457209132e+03
1.323768922723796745e-04 2.645275044692268693e+03
1.325599224143036059e-04 2.648797644388165281e+03
1.327432056217912675e-04 2.652324917659502262e+03
1.329267422447420494e-04 2.655856870628683737e+03
1.331105326335394921e-04 2.659393509425972297e+03
1.332945771390515034e-04 2.662934840189473562e+03
1.334788761126310362e-04 2.666480869065147090e+03
1.336634299061169285e-04 2.670031602206841853e+03
1.338482388718343914e-04 2.673587045776270315e+03
1.340333033625959035e-04 2.677147205943045719e+03
1.342186237317017803e-04 2.680712088884674813e+03
1.344042003329404451e-04 2.684281700786573765e+03
1.345900335205899197e-04 2.687856047842071803e+03
1.347761236494179329e-04 2.691435136252435768e+03
1.349624710746826796e-04 2.695018972226874666e+03
1.351490761521336337e-04 2.698607561982541938e+03
1.353359392380120362e-04 2.702200911744542736e+03
1.355230606890517895e-04 2.705799027745958483e+03
1.357104408624800807e-04 2.709401916227840502e+03
1.358980801160177075e-04 2.713009583439238668e+03
1.360859788078803512e-04 2.716622035637204135e+03
1.362741372967789298e-04 2.720239279086768875e+03
1.364625559419203025e-04 2.723861320061008882e+03
1.366512351030080015e-04 2.727488164841019625e+03
1.368401751402428823e-04 2.731119819715936956e+03
1.370293764143238561e-04 2.734756290982925748e+03
1.372188392864486482e-04 2.738397584947237192e+03
1.374085641183139881e-04 2.742043707922174690e+03
1.375985512721171272e-04 2.745694666229110680e+03
1.377888011105560012e-04 2.749350466197528931e+03
1.379793139968299898e-04 2.753011114164971332e+03
1.381700902946406476e-04 2.756676616477131120e+03
1.383611303681924094e-04 2.760346979487784211e+03
1.385524345821932679e-04 2.764022209558853319e+03
1.387440033018554780e-04 2.767702313060388406e+03
1.389358368928963973e-04 2.771387296370598506e+03
1.391279357215386488e-04 2.775077165875833089e+03
1.393203001545115845e-04 2.778771927970622073e+03
1.395129305590514751e-04 2.782471589057666279e+03
1.397058273029023773e-04 2.786176155547840153e+03
1.398989907543168117e-04 2.789885633860071266e+03
1.400924212820564129e-04 2.793600030421381234e+03
1.402861192553927431e-04 2.797319351667008505e+03
1.404800850441079965e-04 2.801043604040425180e+03
1.406743190184953248e-04 2.804772793993328833e+03
1.408688215493602192e-04 2.808506927985653419e+03
1.410635930080207006e-04 2.812246012485631127e+03
1.412586337663082679e-04 2.815990053969712790e+03
1.414539441965684404e-04 2.819739058922659751e+03
1.416495246716616791e-04 2.823493033837508392e+03
1.418453755649638206e-04 2.827251985215592867e+03
1.420414972503671069e-04 2.831015919566556931e+03
1.422378901022807547e-04 2.834784843408366214e+03
1.424345544956313078e-04 2.838558763267299582e+03
1.426314908058641008e-04 2.842337685677999616e+03
1.428286994089433945e-04 2.846121617183438048e+03
1.430261806813533788e-04 2.849910564334950323e+03
1.432239350000986608e-04 2.853704533692247423e+03
1.434219627427052131e-04 2.857503531823417688e+03
1.436202642872210790e-04 2.861307565304934087e+03
1.438188400122165889e-04 2.865116640721677868e+03
1.440176902967859327e-04 2.868930764666937193e+03
1.442168155205473493e-04 2.872749943742423056e+03
1.444162160636438587e-04 2.876574184558281104e+03
1.446158923067441561e-04 2.880403493733088453e+03
1.448158446310432901e-04 2.884237877893883251e+03
1.450160734182632854e-04 2.888077343676160581e+03
1.452165790506540109e-04 2.891921897723904749e+03
1.454173619109940191e-04 2.895771546689570641e+03
1.456184223825905471e-04 2.899626297234107369e+03
1.458197608492814131e-04 2.903486156026964181e+03
1.460213776954348813e-04 2.907351129746109564e+03
1.462232733059507189e-04 2.911221225078061707e+03
1.464254480662608468e-04 2.915096448717828480e+03
1.466279023623301252e-04 2.918976807368997470e+03
1.468306365806570045e-04 2.922862307743707788e+03
1.470336511082745554e-04 2.926752956562667350e+03
1.472369463327504683e-04 2.930648760555141507e+03
1.474405226421888159e-04 2.934549726459019439e+03
1.476443804252300525e-04 2.938455861020759585e+03
1.478485200710520447e-04 2.942367170995448305e+03
1.480529419693706939e-04 2.946283663146784875e+03
1.482576465104408318e-04 2.950205344247101493e+03
1.484626340850567618e-04 2.954132221077367831e+03
1.486679050845532348e-04 2.958064300427207854e+03
1.488734599008061273e-04 2.962001589094927567e+03
1.490792989262327119e-04 2.965944093887464078e+03
1.492854225537933654e-04 2.969891821620486098e+03
1.494918311769915143e-04 2.973844779118326187e+03
1.496985251898747460e-04 2.977802973214023041e+03
1.499055049870354596e-04 2.981766410749361512e+03
1.501127709636116520e-04 2.985735098574819403e+03
1.503203235152875681e-04 2.989709043549631133e+03
1.505281630382948122e-04 2.993688252541765451e+03
1.507362899294122940e-04 2.997672732427970459e+03
1.509447045859680443e-04 3.001662490093738597e+03
1.511534074058392698e-04 3.005657532433374854e+03
1.513623987874532738e-04 3.009657866349955384e+03
1.515716791297883244e-04 3.013663498755357068e+03
1.517812488323742231e-04 3.017674436570272064e+03
1.519911082952933080e-04 3.021690686724237366e+03
1.522012579191809960e-04 3.025712256155586601e+03
1.524116981052268125e-04 3.029739151811538250e+03
1.526224292551745269e-04 3.033771380648134254e+03
1.528334517713238877e-04 3.037808949630305960e+03
1.530447660565306222e-04 3.041851865729210203e+03
1.532563725142075479e-04 3.045900135917164334e+03
1.534682715483252501e-04 3.049953767173947654e+03
1.536804635634128407e-04 3.054012766488173384e+03
1.538929489645588801e-04 3.058077140857328686e+03
1.541057281574116482e-04 3.062146897287766478e+03
1.543188015481806617e-04 3.066222042794714980e+03
1.545321695436369460e-04 3.070302584402265438e+03
1.547458325511140106e-04 3.074388529143493997e+03
1.549597909785084722e-04 3.078479884060302538e+03
1.551740452342809768e-04 3.082576656203571474e+03
1.553885957274569313e-04 3.086678852633088809e+03
1.556034428676272353e-04 3.090786480417586972e+03
1.558185870649493111e-04 3.094899546634789203e+03
1.560340287301472122e-04 3.099018058371340885e+03
1.562497682745132767e-04 3.103142022722871388e+03
1.564658061099084255e-04 3.107271446794043641e+03
1.566821426487630294e-04 3.111406337698469997e+03
1.568987783040776953e-04 3.115546702558812285e+03
1.571157134894240798e-04 3.119692548506727690e+03
1.573329486189455929e-04 3.123843882682893764e+03
1.575504841073585105e-04 3.128000712237075732e+03
1.577683203699519463e-04 3.132163044328066917e+03
1.579864578225897770e-04 3.136330886123708297e+03
1.582048968817106687e-04 3.140504244800956712e+03
1.584236379643290534e-04 3.144683127545840762e+03
1.586426814880359960e-04 3.148867541553463070e+03
1.588620278709998717e-04 3.153057494028071687e+03
1.590816775319672880e-04 3.157252992183027800e+03
1.593016308902638436e-04 3.161454043240802548e+03
1.595218883657950225e-04 3.165660654433027503e+03
1.597424503790464381e-04 3.169872833000491482e+03
1.599633173510855684e-04 3.174090586193127365e+03
1.601844897035619179e-04 3.178313921270054379e+03
1.604059678587079667e-04 3.182542845499607665e+03
1.606277522393399835e-04 3.186777366159274152e+03
1.608498432688588932e-04 3.191017490535773504e+03
1.610722413712509812e-04 3.195263225925057668e+03
1.612949469710889510e-04 3.199514579632274945e+03
1.615179604935320051e-04 3.203771558971850936e+03
1.617412823643277155e-04 3.208034171267448528e+03
1.619649130098121861e-04 3.212302423851983804e+03
1.621888528569109204e-04 3.216576324067682890e+03
1.624131023331397156e-04 3.220855879266032389e+03
1.626376618666055033e-04 3.225141096807828035e+03
1.628625318860071349e-04 3.229431984063175605e+03
1.630877128206361954e-04 3.233728548411485463e+03
1.633132051003779788e-04 3.238030797241528944e+03
1.635390091557116510e-04 3.242338737951415624e+03
1.637651254177120924e-04 3.246652377948575122e+03
1.639915543180500614e-04 3.250971724649844873e+03
1.642182962889931152e-04 3.255296785481427833e+03
1.644453517634065316e-04 3.259627567878915670e+03
1.646727211747540411e-04 3.263964079287284221e+03
1.649004049570989108e-04 3.268306327160949422e+03
1.651284035451040257e-04 3.272654318963732749e+03
1.653567173740337864e-04 3.277008062168885772e+03
1.655853468797542443e-04 3.281367564259132905e+03
1.658142924987340231e-04 3.285732832726611832e+03
1.660435546680453492e-04 3.290103875072967639e+03
1.662731338253646747e-04 3.294480698809315527e+03
1.665030304089736262e-04 3.298863311456255815e+03
1.667332448577598454e-04 3.303251720543898500e+03
1.669637776112179101e-04 3.307645933611849159e+03
1.671946291094496056e-04 3.312045958209276705e+03
1.674257997931656865e-04 3.316451801894609162e+03
1.676572901036861747e-04 3.320863472231741071e+03
1.678891004829411457e-04 3.325280976790620116e+03
1.681212313734718397e-04 3.329704323150604068e+03
1.683536832184312580e-04 3.334133518900635863e+03
1.685864564615852199e-04 3.338568571639156744e+03
1.688195515473132305e-04 3.343009488974213127e+03
1.690529689206086972e-04 3.347456278523410674e+03
1.692867090270808270e-04 3.351908947913941574e+03
1.695207723129548165e-04 3.356367504782620017e+03
1.697551592250727461e-04 3.360831956775805338e+03
1.699898702108946103e-04 3.365302311549562091e+03
1.702249057184989679e-04 3.369778576769533629e+03
1.704602661965840264e-04 3.374260760111032141e+03
1.706959520944683467e-04 3.378748869258989998e+03
1.709319638620918460e-04 3.383242911908080259e+03
1.711683019500161228e-04 3.387742895762569333e+03
1.714049668094262192e-04 3.392248828536470683e+03
1.716419588921308103e-04 3.396760717953481162e+03
1.718792786505633156e-04 3.401278571747017395e+03
1.721169265377826309e-04 3.405802397660204406e+03
1.723549030074741852e-04 3.410332203445946561e+03
1.725932085139505643e-04 3.414867996866848443e+03
1.728318435121528119e-04 3.419409785695312166e+03
1.730708084576503209e-04 3.423957577713476439e+03
1.733101038066430562e-04 3.428511380713298422e+03
1.735497300159614465e-04 3.433071202496526439e+03
1.737896875430676035e-04 3.437637050874685883e+03
1.740299768460561354e-04 3.442208933669144244e+03
1.742705983836550956e-04 3.446786858711114292e+03
1.745115526152266603e-04 3.451370833841618150e+03
1.747528400007682938e-04 3.455960866911546873e+03
1.749944610009135349e-04 3.460556965781680901e+03
1.752364160769323488e-04 3.465159138322642775e+03
1.754787056907329437e-04 3.469767392414955339e+03
1.757213303048620686e-04 3.474381735949057202e+03
1.759642903825059889e-04 3.479002176825286369e+03
1.762075863874913815e-04 3.483628722953901615e+03
1.764512187842862286e-04 3.488261382255122044e+03
1.766951880380009023e-04 3.492900162659085254e+03
1.769394946143883001e-04 3.497545072105914187e+03
1.771841389798458504e-04 3.502196118545692570e+03
1.774291216014156213e-04 3.506853309938488565e+03
1.776744429467854857e-04 3.511516654254378409e+03
1.779201034842899619e-04 3.516186159473435509e+03
1.781661036829110267e-04 3.520861833585746808e+03
1.784124440122792266e-04 3.525543684591450074e+03
1.786591249426743011e-04 3.530231720500703432e+03
1.789061469450265113e-04 3.534925949333769950e+03
1.791535104909166122e-04 3.539626379120913043e+03
1.794012160525779945e-04 3.544333017902526535e+03
1.796492641028968199e-04 3.549045873729063715e+03
1.798976551154129696e-04 3.553764954661122374e+03
1.801463895643212103e-04 3.558490268769377053e+03
1.803954679244718171e-04 3.563221824134656799e+03
1.806448906713717124e-04 3.567959628847917884e+03
1.808946582811853869e-04 3.572703691010263356e+03
1.811447712307351983e-04 3.577454018732986697e+03
1.813952299975033226e-04 3.582210620137519072e+03
1.816460350596319168e-04 3.586973503355532102e+03
1.818971868959242571e-04 3.591742676528847824e+03
1.821486859858456337e-04 3.596518147809539187e+03
1.824005328095242180e-04 3.601299925359866847e+03
1.826527278477521469e-04 3.606088017352366478e+03
1.829052715819861729e-04 3.610882431969818299e+03
1.831581644943490472e-04 3.615683177405231618e+03
1.834114070676294919e-04 3.620490261853889479e+03
1.836649997852843146e-04 3.625303693491490321e+03
1.839189431314386251e-04 3.630123480496902630e+03
1.841732375908868653e-04 3.634949631059081185e+03
1.844278836490938125e-04 3.639782153377050690e+03
1.846828817921954461e-04 3.644621055659912145e+03
1.849382325070000866e-04 3.649466346126930603e+03
1.851939362809885579e-04 3.654318033007418308e+03
1.854499936023163288e-04 3.659176124540875207e+03
1.857064049598135128e-04 3.664040628976897096e+03
1.859631708429862235e-04 3.668911554575277933e+03
1.862202917420172792e-04 3.673788909605937079e+03
1.864777681477673417e-04 3.678672702349001611e+03
1.867356005517756745e-04 3.683562941094754933e+03
1.869937894462612277e-04 3.688459634143696803e+03
1.872523353241235052e-04 3.693362789806533783e+03
1.875112386789436485e-04 3.698272416404198339e+03
1.877705000049847354e-04 3.703188522267859298e+03
1.880301197971938126e-04 3.708111115738903663e+03
1.882900985512020041e-04 3.713040205169028013e+03
1.885504367633257853e-04 3.717975798920145280e+03
1.888111349305678500e-04 3.722917905364489343e+03
1.890721935506180056e-04 3.727866532884559092e+03
1.893336131218544731e-04 3.732821689873163905e+03
1.895953941433439153e-04 3.737783384733442290e+03
1.898575371148436043e-04 3.742751625878827781e+03
1.901200425368016389e-04 3.747726421733138068e+03
1.903829109103580557e-04 3.752707780730502691e+03
1.906461427373457506e-04 3.757695711315440803e+03
1.909097385202914820e-04 3.762690221942831613e+03
1.911736987624169004e-04 3.767691321077941666e+03
1.914380239676393347e-04 3.772699017196428031e+03
1.917027146405730930e-04 3.777713318784391504e+03
1.919677712865296257e-04 3.782734234338321130e+03
1.922331944115195578e-04 3.787761772365125580e+03
1.924989845222530146e-04 3.792795941382212277e+03
1.927651421261407328e-04 3.797836749917386442e+03
1.930316677312949550e-04 3.802884206508982061e+03
1.932985618465305139e-04 3.807938319705767299e+03
1.935658249813657268e-04 3.812999098067016348e+03
1.938334576460235882e-04 3.818066550162514432e+03
1.941014603514319866e-04 3.823140684572565078e+03
1.943698336092258459e-04 3.828221509887971479e+03
1.946385779317472066e-04 3.833309034710138803e+03
1.949076938320465813e-04 3.838403267650964153e+03
1.951771818238838487e-04 3.843504217332922508e+03
1.954470424217292297e-04 3.848611892389092191e+03
1.957172761407642092e-04 3.853726301463139862e+03
1.959878834968826740e-04 3.858847453209271407e+03
1.962588650066919430e-04 3.863975356292366087e+03
1.965302211875130385e-04 3.869110019387914235e+03
1.968019525573829083e-04 3.874251451182043184e+03
1.970740596350544806e-04 3.879399660371507252e+03
1.973465429399979642e-04 3.884554655663755511e+03
1.976194029924018252e-04 3.889716445776890396e+03
1.978926403131737620e-04 3.894885039439690900e+03
1.981662554239418711e-04 3.900060445391646681e+03
1.984402488470549185e-04 3.905242672382949877e+03
1.987146211055844261e-04 3.910431729174520115e+03
1.989893727233250518e-04 3.915627624538010423e+03
1.992645042247955921e-04 3.920830367255804958e+03
1.995400161352400392e-04 3.926039966121052203e+03
1.998159089806286922e-04 3.931256429937684516e+03
2.000921832876590247e-04 3.936479767520402220e+03
2.003688395837567690e-04 3.941709987694705887e+03
2.006458783970768646e-04 3.946947099297175555e+03
2.009233002565047864e-04 3.952191111182485656e+03
2.012011056916565717e-04 3.957442032223744263e+03
2.014792952328811788e-04 3.962699871305292618e+03
2.017578694112606491e-04 3.967964637322465933e+03
2.020368287586112998e-04 3.973236339181521544e+03
2.023161738074847813e-04 3.978514985799707574e+03
2.025959050911690527e-04 3.983800586105190632e+03
2.028760231436896560e-04 3.989093149037189505e+03
2.031565284998098513e-04 3.994392683545872842e+03
2.034374216950329210e-04 3.999699198592437824e+03
2.037187032656023592e-04 4.005012703149147455e+03
2.040003737485030920e-04 4.010333206199227789e+03
2.042824336814624798e-04 4.015660716737017083e+03
2.045648836029514018e-04 4.020995243767876218e+03
2.048477240521852317e-04 4.026336796308276917e+03
2.051309555691248950e-04 4.031685383385764908e+03
2.054145786944780612e-04 4.037041014038996309e+03
2.056985939696994424e-04 4.042403697317711703e+03
2.059830019369929884e-04 4.047773442282807082e+03
2.062678031393121040e-04 4.053150258006303375e+03
2.065529981203609224e-04 4.058534153571396928e+03
2.068385874245953087e-04 4.063925138072412210e+03
2.071245715972239436e-04 4.069323220614879574e+03
2.074109511842092994e-04 4.074728410315514793e+03
2.076977267322689951e-04 4.080140716302249530e+03
2.079848987888758237e-04 4.085560147714189952e+03
2.082724679022603001e-04 4.090986713701705867e+03
2.085604346214106337e-04 4.096420423426409798e+03
2.088487994960741383e-04 4.101861286061147439e+03
2.091375630767582615e-04 4.107309310790054042e+03
2.094267259147315069e-04 4.112764506808550323e+03
2.097162885620246805e-04 4.118226883323310176e+03
2.100062515714318126e-04 4.123696449552339800e+03
2.102966154965114855e-04 4.129173214724987702e+03
2.105873808915869965e-04 4.134657188081882850e+03
2.108785483117487161e-04 4.140148378875058370e+03
2.111701183128542774e-04 4.145646796367845127e+03
2.114620914515298773e-04 4.151152449834982690e+03
2.117544682851713880e-04 4.156665348562595682e+03
2.120472493719453052e-04 4.162185501848187414e+03
2.123404352707900498e-04 4.167712919000679904e+03
2.126340265414162654e-04 4.173247609340405688e+03
2.129280237443091227e-04 4.178789582199165125e+03
2.132224274407285090e-04 4.184338846920167271e+03
2.135172381927103564e-04 4.189895412858117197e+03
2.138124565630676447e-04 4.195459289379167785e+03
2.141080831153915670e-04 4.201030485860979752e+03
2.144041184140525595e-04 4.206609011692708918e+03
2.147005630242013587e-04 4.212194876275002571e+03
2.149974175117701398e-04 4.217788089020087682e+03
2.152946824434737367e-04 4.223388659351693605e+03
2.155923583868099124e-04 4.228996596705080265e+03
2.158904459100617450e-04 4.234611910527137297e+03
2.161889455822978438e-04 4.240234610276293097e+03
2.164878579733735427e-04 4.245864705422555744e+03
2.167871836539322276e-04 4.251502205447591223e+03
2.170869231954061231e-04 4.257147119844627014e+03
2.173870771700179183e-04 4.262799458118573057e+03
2.176876461507806857e-04 4.268459229785948992e+03
2.179886307115005376e-04 4.274126444374934181e+03
2.182900314267766800e-04 4.279801111425423187e+03
2.185918488720027682e-04 4.285483240488953925e+03
2.188940836233680450e-04 4.291172841128761320e+03
2.191967362578584792e-04 4.296869922919830060e+03
2.194998073532577142e-04 4.302574495448834568e+03
2.198032974881482607e-04 4.308286568305866240e+03
2.201072072419129331e-04 4.314006151053215035e+03
2.204115371947348498e-04 4.319733253252918985e+03
2.207162879276000080e-04 4.325467884478475753e+03
2.210214600222975005e-04 4.331210054314872650e+03
2.213270540614208440e-04 4.336959772358584814e+03
2.216330706283690358e-04 4.342717048217583397e+03
2.219395103073477200e-04 4.348481891511321919e+03
2.222463736833702982e-04 4.354254311870813581e+03
2.225536613422592308e-04 4.360034318938583965e+03
2.228613738706463352e-04 4.365821922368732885e+03
2.231695118559751708e-04 4.371617131826885270e+03
2.234780758865013105e-04 4.377419956990273022e+03
2.237870665512936683e-04 4.383230407547688628e+03
2.240964844402356651e-04 4.389048493199545192e+03
2.244063301440262588e-04 4.394874223657828225e+03
2.247166042541811639e-04 4.400707608646191147e+03
2.250273073630339898e-04 4.406548657899877981e+03
2.253384400637374878e-04 4.412397381165824299e+03
2.256500029502639306e-04 4.418253788202603573e+03
2.259619966174074160e-04 4.424117888780454450e+03
2.262744216607843009e-04 4.429989692681298948e+03
2.265872786768344206e-04 4.435869209698789746e+03
2.269005682628222819e-04 4.441756449638257436e+03
2.272142910168382284e-04 4.447651422316755998e+03
2.275284475377997143e-04 4.453554137563096447e+03
2.278430384254516298e-04 4.459464605217815915e+03
2.281580642803688220e-04 4.465382835133210392e+03
2.284735257039562301e-04 4.471308837173372922e+03
2.287894232984503495e-04 4.477242621214159954e+03
2.291057576669203698e-04 4.483184197143238634e+03
2.294225294132692862e-04 4.489133574860081353e+03
2.297397391422350654e-04 4.495090764275992115e+03
2.300573874593918376e-04 4.501055775314077437e+03
2.303754749711510626e-04 4.507028617909333661e+03
2.306940022847627761e-04 4.513009302008633313e+03
2.310129700083160510e-04 4.518997837570628690e+03
2.313323787507413280e-04 4.524994234565969236e+03
2.316522291218107955e-04 4.530998502977148746e+03
2.319725217321397714e-04 4.537010652798580850e+03
2.322932571931877609e-04 4.543030694036610839e+03
2.326144361172597568e-04 4.549058636709492021e+03
2.329360591175075681e-04 4.555094490847482120e+03
2.332581268079300912e-04 4.561138266492763250e+03
2.335806398033758030e-04 4.567189973699482834e+03
2.339035987195431680e-04 4.573249622533804541e+03
2.342270041729818577e-04 4.579317223073898276e+03
2.345508567810940248e-04 4.585392785409918361e+03
2.348751571621354956e-04 4.591476319644059913e+03
2.351999059352169355e-04 4.597567835890599781e+03
2.355251037203049606e-04 4.603667344275786490e+03
2.358507511382236825e-04 4.609774854937966666e+03
2.361768488106548165e-04 4.615890378027612314e+03
2.365033973601404196e-04 4.622013923707214417e+03
2.368303974100830259e-04 4.628145502151425717e+03
2.371578495847471101e-04 4.634285123546974319e+03
2.374857545092603074e-04 4.640432798092751909e+03
2.378141128096145790e-04 4.646588535999765554e+03
2.381429251126673775e-04 4.652752347491197725e+03
2.384721920461431650e-04 4.658924242802380832e+03
2.388019142386335484e-04 4.665104232180853614e+03
2.391320923196000171e-04 4.671292325886310209e+03
2.394627269193741329e-04 4.677488534190681094e+03
2.397938186691589662e-04 4.683692867378130359e+03
2.401253682010303433e-04 4.689905335745034790e+03
2.404573761479379841e-04 4.696125949599826527e+03
2.407898431437068042e-04 4.702354719256073622e+03
2.411227698230380251e-04 4.708591655030373659e+03
2.414561568215106929e-04 4.714836767250877529e+03
2.417900047755819489e-04 4.721090066257970648e+03
2.421243143225896048e-04 4.727351562404255674e+03
2.424590861007524406e-04 4.733621266054568878e+03
2.427943207491716686e-04 4.739899187585973777e+03
2.431300189078322072e-04 4.746185337387819345e+03
2.434661812176037651e-04 4.752479725861699080e+03
2.438028083202424675e-04 4.758782363421498303e+03
2.441399008583909375e-04 4.765093260493406888e+03
2.444774594755811151e-04 4.771412427515932904e+03
2.448154848162345824e-04 4.777739874939874426e+03
2.451539775256637290e-04 4.784075613228386828e+03
2.454929382500732702e-04 4.790419652856974608e+03
2.458323676365615205e-04 4.796772004313461366e+03
2.461722663331212613e-04 4.803132678098152610e+03
2.465126349886413671e-04 4.809501684723606559e+03
2.468534742529079440e-04 4.815879034714882437e+03
2.471947847766055762e-04 4.822264738609372216e+03
2.475365672113179769e-04 4.828658806956972512e+03
2.478788222095303735e-04 4.835061250319932697e+03
2.482215504246299952e-04 4.841472079273036798e+03
2.485647525109073203e-04 4.847891304403482536e+03
2.489084291235577019e-04 4.854318936310944082e+03
2.492525809186822358e-04 4.860754985607594790e+03
2.495972085532894408e-04 4.867199462918151767e+03
2.499423126852954756e-04 4.873652378879745811e+03
2.502878939735270658e-04 4.880113744142166979e+03
2.506339530777214504e-04 4.886583569367650853e+03
2.509804906585280074e-04 4.893061865230994954e+03
2.513275073775098263e-04 4.899548642419619682e+03
2.516750038971443584e-04 4.906043911633471907e+03
2.520229808808252601e-04 4.912547683585118648e+03
2.523714389928633688e-04 4.919059968999725243e+03
2.527203788984882745e-04 4.925580778615095369e+03
2.530698012638485372e-04 4.932110123181638301e+03
2.534197067560145598e-04 4.938648013462436211e+03
2.537700960429789131e-04 4.945194460233195059e+03
2.541209697936575290e-04 4.951749474282311894e+03
2.544723286778914346e-04 4.958313066410893953e+03
2.548241733664477287e-04 4.964885247432704091e+03
2.551765045310211530e-04 4.971466028174268104e+03
2.555293228442344724e-04 4.978055419474750124e+03
2.558826289796411850e-04 4.984653432186158170e+03
2.562364236117257391e-04 4.991260077173180434e+03
2.565907074159053764e-04 4.997875365313311704e+03
2.569454810685308909e-04 5.004499307496756956e+03
2.573007452468885261e-04 5.011131914626596881e+03
2.576565006292007884e-04 5.017773197618665108e+03
2.580127478946279106e-04 5.024423167401621868e+03
2.583694877232693698e-04 5.031081834916963999e+03
2.587267207961649719e-04 5.037749211119015854e+03
2.590844477952955558e-04 5.044425306975002968e+03
2.594426694035856500e-04 5.051110133464932005e+03
2.598013863049036354e-04 5.057803701581799942e+03
2.601605991840636421e-04 5.064506022331426720e+03
2.605203087268265802e-04 5.071217106732564389e+03
2.608805156199013858e-04 5.077936965816894372e+03
2.612412205509469188e-04 5.084665610629042931e+03
2.616024242085719089e-04 5.091403052226551154e+03
2.619641272823380993e-04 5.098149301679961354e+03
2.623263304627603009e-04 5.104904370072752499e+03
2.626890344413080193e-04 5.111668268501432067e+03
2.630522399104069718e-04 5.118441008075500577e+03
2.634159475634401180e-04 5.125222599910384815e+03
2.637801580947491233e-04 5.132013055091343631e+03
2.641448721996357140e-04 5.138812384700114308e+03
2.645100905743630868e-04 5.145620599831134314e+03
2.648758139161571561e-04 5.152437711591556763e+03
2.652420429232072037e-04 5.159263731101225858e+03
2.656087782946686443e-04 5.166098669492753288e+03
2.659760207306633502e-04 5.172942537911521867e+03
2.663437709322810068e-04 5.179795347515621870e+03
2.667120296015809558e-04 5.186657109475941070e+03
2.670807974415930082e-04 5.193527834976217491e+03
2.674500751563193418e-04 5.200407535212920266e+03
2.678198634507348262e-04 5.207296221395328757e+03
2.681901630307897337e-04 5.214193904745597138e+03
2.685609746034101184e-04 5.221100596498707091e+03
2.689322988764996053e-04 5.228016307902463268e+03
2.693041365589405288e-04 5.234941050217542397e+03
2.696764883605952878e-04 5.241874834717488739e+03
2.700493549923078636e-04 5.248817672688749553e+03
2.704227371659050669e-04 5.255769575430704208e+03
2.707966355941981637e-04 5.262730554255584138e+03
2.711710509909831470e-04 5.269700620488550157e+03
2.715459840710437718e-04 5.276679785467769761e+03
2.719214355501518268e-04 5.283668060544280706e+03
2.722974061450687605e-04 5.290665457082099238e+03
2.726738965735469819e-04 5.297671986458270112e+03
2.730509075543313788e-04 5.304687660062744726e+03
2.734284398071608899e-04 5.311712489298527544e+03
2.738064940527687213e-04 5.318746485581662455e+03
2.741850710128853827e-04 5.325789660341104536e+03
2.745641714102390663e-04 5.332842025018941968e+03
2.749437959685572738e-04 5.339903591070308721e+03
2.753239454125680627e-04 5.346974369963355457e+03
2.757046204680016726e-04 5.354054373179333197e+03
2.760858218615916100e-04 5.361143612212599692e+03
2.764675503210763281e-04 5.368242098570543931e+03
2.768498065752003656e-04 5.375349843773744396e+03
2.772325913537162980e-04 5.382466859355862653e+03
2.776159053873846296e-04 5.389593156863668810e+03
2.779997494079772626e-04 5.396728747857160670e+03
2.783841241482775514e-04 5.403873643909435486e+03
2.787690303420819831e-04 5.411027856606769092e+03
2.791544687242017496e-04 5.418191397548668647e+03
2.795404400304638318e-04 5.425364278347754407e+03
2.799269449977130056e-04 5.432546510629955264e+03
2.803139843638120582e-04 5.439738106034375051e+03
2.807015588676446075e-04 5.446939076213356202e+03
2.810896692491158611e-04 5.454149432832467937e+03
2.814783162491538084e-04 5.461369187570591748e+03
2.818675006097111184e-04 5.468598352119844094e+03
2.822572230737661154e-04 5.475836938185667350e+03
2.826474843853245137e-04 5.483084957486774329e+03
2.830382852894206642e-04 5.490342421755180112e+03
2.834296265321193439e-04 5.497609342736225699e+03
2.838215088605160262e-04 5.504885732188646216e+03
2.842139330227399716e-04 5.512171601884440861e+03
2.846068997679546066e-04 5.519466963609027516e+03
2.850004098463591504e-04 5.526771829161210917e+03
2.853944640091900784e-04 5.534086210353116257e+03
2.857890630087225859e-04 5.541410119010344715e+03
2.861842075982719432e-04 5.548743566971875225e+03
2.865798985321953390e-04 5.556086566090099041e+03
2.869761365658920430e-04 5.563439128230878850e+03
2.873729224558067125e-04 5.570801265273497847e+03
2.877702569594295010e-04 5.578172989110720664e+03
2.881681408352980639e-04 5.585554311648772455e+03
2.885665748429986428e-04 5.592945244806035589e+03
2.889655597431679086e-04 5.600345800512304777e+03
2.893650962974940997e-04 5.607755990710657898e+03
2.897651852687186487e-04 5.615175827357646085e+03
2.901658274206378625e-04 5.622605322423433790e+03
2.905670235181031938e-04 5.630044487891618701e+03
2.909687743270246017e-04 5.637493335759404545e+03
2.913710806143706062e-04 5.644951878037553797e+03
2.917739431481702395e-04 5.652420126750341296e+03
2.921773626975144016e-04 5.659898093935745237e+03
2.925813400325574863e-04 5.667385791645221616e+03
2.929858759245189534e-04 5.674883231943875217e+03
2.933909711456835997e-04 5.682390426910434144e+03
2.937966264694050287e-04 5.689907388637322583e+03
2.942028426701058129e-04 5.697434129230479812e+03
2.946096205232792285e-04 5.704970660809640322e+03
2.950169608054908281e-04 5.712516995508106447e+03
2.954248642943798492e-04 5.720073145472993019e+03
2.958333317686607329e-04 5.727639122864937235e+03
2.962423640081246414e-04 5.735214939858474281e+03
2.966519617936408675e-04 5.742800608641719009e+03
2.970621259071586236e-04 5.750396141416606042e+03
2.974728571317074755e-04 5.758001550398779727e+03
2.978841562514005403e-04 5.765616847817687812e+03
2.982960240514346498e-04 5.773242045916492316e+03
2.987084613180924640e-04 5.780877156952215046e+03
2.991214688387436099e-04 5.788522193195629370e+03
2.995350474018465786e-04 5.796177166931331158e+03
2.999491977969501351e-04 5.803842090457776067e+03
3.003639208146939143e-04 5.811516976087196781e+03
3.007792172468115111e-04 5.819201836145740344e+03
3.011950878861310767e-04 5.826896682973388124e+03
3.016115335265767824e-04 5.834601528924012200e+03
3.020285549631706082e-04 5.842316386365342623e+03
3.024461529920338611e-04 5.850041267679066550e+03
3.028643284103883673e-04 5.857776185260766397e+03
3.032830820165584242e-04 5.865521151519936211e+03
3.037024146099723721e-04 5.873276178880041698e+03
3.041223269911629196e-04 5.881041279778473836e+03
3.045428199617705592e-04 5.888816466666612541e+03
3.049638943245439461e-04 5.896601752009820302e+03
3.053855508833415791e-04 5.904397148287432174e+03
3.058077904431333186e-04 5.912202667992843999e+03
3.062306138100021752e-04 5.920018323633407817e+03
3.066540217911456652e-04 5.927844127730520086e+03
3.070780151948774911e-04 5.935680092819676247e+03
3.075025948306283545e-04 5.943526231450377963e+03
3.079277615089487212e-04 5.951382556186210422e+03
3.083535160415096341e-04 5.959249079604863255e+03
3.087798592411043937e-04 5.967125814298083242e+03
3.092067919216500219e-04 5.975012772871801644e+03
3.096343148981889424e-04 5.982909967945957760e+03
3.100624289868904445e-04 5.990817412154765407e+03
3.104911350050524178e-04 5.998735118146482819e+03
3.109204337711029241e-04 6.006663098583583633e+03
3.113503261046007939e-04 6.014601366142675033e+03
3.117808128262389332e-04 6.022549933514606892e+03
3.122118947578446488e-04 6.030508813404430839e+03
3.126435727223815996e-04 6.038478018531308408e+03
3.130758475439511523e-04 6.046457561628797521e+03
3.135087200477942784e-04 6.054447455444539628e+03
3.139421910602932888e-04 6.062447712740545285e+03
3.143762614089719428e-04 6.070458346293009527e+03
3.148109319224992966e-04 6.078479368892470120e+03
3.152462034306898657e-04 6.086510793343716614e+03
3.156820767645053061e-04 6.094552632456912761e+03
3.161185527560564736e-04 6.102604898985478030e+03
3.165556322386044543e-04 6.110667605663041286e+03
3.169933160465626242e-04 6.118740765236709194e+03
3.174316050154980589e-04 6.126824390467423655e+03
3.178704999821329973e-04 6.134918494129820829e+03
3.183100017843470096e-04 6.143023089012380296e+03
3.187501112611771065e-04 6.151138187917261348e+03
3.191908292528213703e-04 6.159263803660538542e+03
3.196321566006393895e-04 6.167399949072064373e+03
3.200740941471538303e-04 6.175546636995435620e+03
3.205166427360523883e-04 6.183703880288177061e+03
3.209598032121896861e-04 6.191871691821605054e+03
3.214035764215873270e-04 6.200050084480896658e+03
3.218479632114377444e-04 6.208239071165108726e+03
3.222929644301043644e-04 6.216438664787161542e+03
3.227385809271237195e-04 6.224648878273895207e+03
3.231848135532067504e-04 6.232869724565974138e+03
3.236316631602407568e-04 6.241101216618057151e+03
3.240791306012908617e-04 6.249343367398637383e+03
3.245272167306017456e-04 6.257596189890251480e+03
3.249759224035991107e-04 6.265859697089256770e+03
3.254252484768914151e-04 6.274133902006075914e+03
3.258751958082718790e-04 6.282418817665018651e+03
3.263257652567187013e-04 6.290714457104384564e+03
3.267769576823988001e-04 6.299020833376504015e+03
3.272287739466679755e-04 6.307337959547651735e+03
3.276812149120731320e-04 6.315665848698167792e+03
3.281342814423535799e-04 6.324004513922370279e+03
3.285879744024433656e-04 6.332353968328609881e+03
3.290422946584713269e-04 6.340714225039313533e+03
3.294972430777648323e-04 6.349085297190929850e+03
3.299528205288502700e-04 6.357467197934020078e+03
3.304090278814547817e-04 6.365859940433155316e+03
3.308658660065079979e-04 6.374263537867048399e+03
3.313233357761438268e-04 6.382678003428517513e+03
3.317814380637019176e-04 6.391103350324452549e+03
3.322401737437296124e-04 6.399539591775846020e+03
3.326995436919832471e-04 6.407986741017914937e+03
3.331595487854301573e-04 6.416444811299950743e+03
3.336201899022504672e-04 6.424913815885412987e+03
3.340814679218375230e-04 6.433393768051929328e+03
3.345433837248015796e-04 6.441884681091314633e+03
3.350059381929701256e-04 6.450386568309575523e+03
3.354691322093899435e-04 6.458899443026872177e+03
3.359329666583286272e-04 6.467423318577657483e+03
3.363974424252769136e-04 6.475958208310548798e+03
3.368625603969486819e-04 6.484504125588422539e+03
3.373283214612849117e-04 6.493061083788397809e+03
3.377947265074539534e-04 6.501629096301807294e+03
3.382617764258535886e-04 6.510208176534295490e+03
3.387294721081126020e-04 6.518798337905844164e+03
3.391978144470926787e-04 6.527399593850575002e+03
3.396668043368899765e-04 6.536011957817050643e+03
3.401364426728369149e-04 6.544635443268075505e+03
3.406067303515036924e-04 6.553270063680779458e+03
3.410776682707007267e-04 6.561915832546673300e+03
3.415492573294785458e-04 6.570572763371555084e+03
3.420214984281319081e-04 6.579240869675626527e+03
3.424943924681998569e-04 6.587920164993413891e+03
3.429679403524682132e-04 6.596610662873891670e+03
3.434421429849707154e-04 6.605312376880354350e+03
3.439170012709916202e-04 6.614025320590535557e+03
3.443925161170658116e-04 6.622749507596558942e+03
3.448686884309824872e-04 6.631484951504994569e+03
3.453455191217858627e-04 6.640231665936778882e+03
3.458230090997767986e-04 6.648989664519512189e+03
3.463011592765149679e-04 6.657758960879446931e+03
3.467799705648203206e-04 6.666539568655308358e+03
3.472594438787749262e-04 6.675331501500226295e+03
3.477395801337247088e-04 6.684134773081642379e+03
3.482203802462811816e-04 6.692949397081340067e+03
3.487018451343232360e-04 6.701775387195541043e+03
3.491839757169992015e-04 6.710612757134808817e+03
3.496667729147271710e-04 6.719461520624152399e+03
3.501502376491989039e-04 6.728321691402922625e+03
3.506343708433802054e-04 6.737193283224949482e+03
3.511191734215130954e-04 6.746076309858508466e+03
3.516046463091173258e-04 6.754970785086256001e+03
3.520907904329928203e-04 6.763876722705352222e+03
3.525776067212197285e-04 6.772794136527384580e+03
3.530650961031626001e-04 6.781723040378464248e+03
3.535532595094704935e-04 6.790663448099116977e+03
3.540420978720794148e-04 6.799615373544424074e+03
3.545316121242136193e-04 6.808578830583998752e+03
3.550218032003879423e-04 6.817553833101864257e+03
3.555126720364091544e-04 6.826540394996693976e+03
3.560042195693780215e-04 6.835538530181627721e+03
3.564964467376909312e-04 6.844548252584357215e+03
3.569893544810421150e-04 6.853569576147195221e+03
3.574829437404239744e-04 6.862602514826940933e+03
3.579772154581309829e-04 6.871647082595063694e+03
3.584721705777602833e-04 6.880703293437539287e+03
3.589678100442135304e-04 6.889771161355033655e+03
3.594641348036988968e-04 6.898850700362754651e+03
3.599611458037328075e-04 6.907941924490586644e+03
3.604588439931421628e-04 6.917044847783023215e+03
3.609572303220646636e-04 6.926159484299231735e+03
3.614563057419526598e-04 6.935285848112976055e+03
3.619560712055739098e-04 6.944423953312787489e+03
3.624565276670133149e-04 6.953573814001791106e+03
3.629576760816749796e-04 6.962735444297836693e+03
3.634595174062840543e-04 6.971908858333467833e+03
3.639620525988884704e-04 6.981094070255959195e+03
3.644652826188606747e-04 6.990291094227275607e+03
3.649692084268998525e-04 6.999499944424162095e+03
3.654738309850336076e-04 7.008720635038059299e+03
3.659791512566186672e-04 7.017953180275162595e+03
3.664851702063448937e-04 7.027197594356482114e+03
3.669918888002356096e-04 7.036453891517779084e+03
3.674993080056496576e-04 7.045722086009554005e+03
3.680074287912835150e-04 7.055002192097191255e+03
3.685162521271734618e-04 7.064294224060832676e+03
3.690257789846956892e-04 7.073598196195441233e+03
3.695360103365707451e-04 7.082914122810821937e+03
3.700469471568635879e-04 7.092242018231594557e+03
3.705585904209860804e-04 7.101581896797280024e+03
3.710709411056986704e-04 7.110933772862214028e+03
3.715840001891123419e-04 7.120297660795627962e+03
3.720977686506904587e-04 7.129673574981637103e+03
3.726122474712505531e-04 7.139061529819225143e+03
3.731274376329664398e-04 7.148461539722334237e+03
3.736433401193697888e-04 7.157873619119780415e+03
3.741599559153526182e-04 7.167297782455309061e+03
3.746772860071674572e-04 7.176734044187589461e+03
3.751953313824316831e-04 7.186182418790274824e+03
3.757140930301278462e-04 7.195642920751979545e+03
3.762335719406058386e-04 7.205115564576235556e+03
3.767537691055848994e-04 7.214600364781605094e+03
3.772746855181558379e-04 7.224097335901655242e+03
3.777963221727813586e-04 7.233606492484862429e+03
3.783186800653003980e-04 7.243127849086842616e+03
3.788417601929282871e-04 7.252661420195147002e+03
3.793655635542592455e-04 7.262207220262433111e+03
3.798900911492681157e-04 7.271765263755068190e+03
3.804153439793124232e-04 7.281335565153701282e+03
3.809413230471342198e-04 7.290918138953260495e+03
3.814680293568618722e-04 7.300512999663049413e+03
3.819954639140122309e-04 7.310120161806704346e+03
3.825236277254927438e-04 7.319739639922189781e+03
3.830525217996018903e-04 7.329371448561770194e+03
3.835821471460334640e-04 7.339015602292168296e+03
3.841125047758768975e-04 7.348672115694384956e+03
3.846435957016195936e-04 7.358341003363832897e+03
3.851754209371488773e-04 7.368022279910319412e+03
3.857079814977538925e-04 7.377715959958018175e+03
3.862412784001280418e-04 7.387422058145528354e+03
3.867753126623691491e-04 7.397140589125789120e+03
3.873100853039839592e-04 7.406871567566260637e+03
3.878455973458884085e-04 7.416615008148733978e+03
3.883818498104101187e-04 7.426370925569485735e+03
3.889188437212900236e-04 7.436139334539206175e+03
3.894565801036846452e-04 7.445920249783018335e+03
3.899950599841679375e-04 7.455713686040597167e+03
3.905342843907331834e-04 7.465519658065945805e+03
3.910742543527951092e-04 7.475338180627635666e+03
3.916149709011920526e-04 7.485169268508678215e+03
3.921564350681864511e-04 7.495012936506573169e+03
3.926986478874692869e-04 7.504869199433316680e+03
3.932416103941603039e-04 7.514738072115450450e+03
3.937853236248103385e-04 7.524619569393988968e+03
3.943297886174036509e-04 7.534513706124468627e+03
3.948750064113598223e-04 7.544420497176979552e+03
3.954209780475345681e-04 7.554339957436139230e+03
3.959677045682238579e-04 7.564272101801052486e+03
3.965151870171642950e-04 7.574216945185461555e+03
3.970634264395357725e-04 7.584174502517667861e+03
3.976124238819631540e-04 7.594144788740491094e+03
3.981621803925185503e-04 7.604127818811310135e+03
3.987126970207230002e-04 7.614123607702189474e+03
3.992639748175488552e-04 7.624132170399714596e+03
3.998160148354214607e-04 7.634153521905020170e+03
4.003688181282212695e-04 7.644187677234001058e+03
4.009223857512864446e-04 7.654234651417044915e+03
4.014767187614129125e-04 7.664294459499178629e+03
4.020318182168590264e-04 7.674367116540131065e+03
4.025876851773459988e-04 7.684452637614204832e+03
4.031443207040602333e-04 7.694551037810349953e+03
4.037017258596553842e-04 7.704662332232255721e+03
4.042599017082546876e-04 7.714786535998183354e+03
4.048188493154516120e-04 7.724923664241104234e+03
4.053785697483140867e-04 7.735073732108659897e+03
4.059390640753849895e-04 7.745236754763206591e+03
4.065003333666847491e-04 7.755412747381740701e+03
4.070623786937130795e-04 7.765601725156090652e+03
4.076252011294512569e-04 7.775803703292601313e+03
4.081888017483642343e-04 7.786018697012489611e+03
4.087531816264024296e-04 7.796246721551688097e+03
4.093183418410038408e-04 7.806487792160794925e+03
4.098842834710968641e-04 7.816741924105206635e+03
4.104510075971001858e-04 7.827009132665045399e+03
4.110185153009276071e-04 7.837289433135205400e+03
4.115868076659885320e-04 7.847582840825319181e+03
4.121558857771902436e-04 7.857889371059864970e+03
4.127257507209400734e-04 7.868209039178032981e+03
4.132964035851474606e-04 7.878541860533805448e+03
4.138678454592265000e-04 7.888887850496014835e+03
4.144400774340962676e-04 7.899247024440600399e+03
4.150131006021854827e-04 7.909619397739149463e+03
4.155869160574328326e-04 7.920004985774821762e+03
4.161615248952895210e-04 7.930403803945588152e+03
4.167369282127214363e-04 7.940815867663972313e+03
4.173131271082112115e-04 7.951241192357268119e+03
4.178901226817601758e-04 7.961679793467435957e+03
4.184679160348905771e-04 7.972131686451091809e+03
4.190465082706478590e-04 7.982596886779660963e+03
4.196259004936027208e-04 7.993075409939181554e+03
4.202060938098520931e-04 8.003567271430457367e+03
4.207870893270233121e-04 8.014072486769049647e+03
4.213688881542748785e-04 8.024591071485156135e+03
4.219514914022987886e-04 8.035123041123872099e+03
4.225349001833227569e-04 8.045668411244932940e+03
4.231191156111127638e-04 8.056227197422814243e+03
4.237041388009733811e-04 8.066799415246799072e+03
4.242899708697525966e-04 8.077385080320998895e+03
4.248766129358421393e-04 8.087984208264188965e+03
4.254640661191801359e-04 8.098596814710018407e+03
4.260523315412531164e-04 8.109222915306881077e+03
4.266414103250982365e-04 8.119862525717945573e+03
4.272313035953054466e-04 8.130515661621328036e+03
4.278220124780196055e-04 8.141182338709758369e+03
4.284135381009425945e-04 8.151862572690928573e+03
4.290058815933354866e-04 8.162556379287301752e+03
4.295990440860212559e-04 8.173263774236204881e+03
4.301930267113850495e-04 8.183984773289788791e+03
4.307878306033789033e-04 8.194719392214996333e+03
4.313834568975223930e-04 8.205467646793726090e+03
4.319799067309051271e-04 8.216229552822709593e+03
4.325771812421888075e-04 8.227005126113504957e+03
4.331752815716099938e-04 8.237794382492584191e+03
4.337742088609804290e-04 8.248597337801234971e+03
4.343739642536920261e-04 8.259414007895760733e+03
4.349745488947169775e-04 8.270244408647262389e+03
4.355759639306106814e-04 8.281088555941752929e+03
4.361782105095138025e-04 8.291946465680162873e+03
4.367812897811544398e-04 8.302818153778389387e+03
4.373852028968503499e-04 8.313703636167199875e+03
4.379899510095112232e-04 8.324602928792257444e+03
4.385955352736406899e-04 8.335516047614224590e+03
4.392019568453393017e-04 8.346443008608750461e+03
4.398092168823044775e-04 8.357383827766283503e+03
4.404173165438359243e-04 8.368338521092337032e+03
4.410262569908355830e-04 8.379307104607441943e+03
4.416360393858106102e-04 8.390289594346926606e+03
4.422466648928755463e-04 8.401286006361269756e+03
4.428581346777543757e-04 8.412296356715816728e+03
4.434704499077833997e-04 8.423320661490930434e+03
4.440836117519115622e-04 8.434358936782049568e+03
4.446976213807053279e-04 8.445411198699475790e+03
4.453124799663492795e-04 8.456477463368628378e+03
4.459281886826486647e-04 8.467557746929929635e+03
4.465447487050317279e-04 8.478652065538790339e+03
4.471621612105518783e-04 8.489760435365637022e+03
4.477804273778900209e-04 8.500882872596026573e+03
4.483995483873566166e-04 8.512019393430417040e+03
4.490195254208942301e-04 8.523170014084440481e+03
4.496403596620800235e-04 8.534334750788719248e+03
4.502620522961262440e-04 8.545513619788944197e+03
4.508846045098852660e-04 8.556706637345914714e+03
4.515080174918500782e-04 8.567913819735460493e+03
4.521322924321567239e-04 8.579135183248477915e+03
4.527574305225869023e-04 8.590370744191015547e+03
4.533834329565706797e-04 8.601620518877714858e+03
4.540103009291867058e-04 8.612884523546952551e+03
4.546380356371673638e-04 8.624162774384241857e+03
4.552666382788992587e-04 8.635455287587661587e+03
4.558961100544260355e-04 8.646762079369602361e+03
4.565264521654504399e-04 8.658083165956684752e+03
4.571576658153368115e-04 8.669418563589719270e+03
4.577897522091133064e-04 8.680768288523873707e+03
4.584227125534741745e-04 8.692132357028414845e+03
4.590565480567821441e-04 8.703510785387039505e+03
4.596912599290706451e-04 8.714903589897601705e+03
4.603268493820466818e-04 8.726310786872229073e+03
4.609633176290910497e-04 8.737732392637402882e+03
4.616006658852638109e-04 8.749168423533734313e+03
4.622388953673044567e-04 8.760618895916217298e+03
4.628780072936348891e-04 8.772083826154108465e+03
4.635180028843614809e-04 8.783563230630890757e+03
4.641588833612782196e-04 8.795057125744433506e+03
4.648006499478668702e-04 8.806565527906792340e+03
4.654433038693023424e-04 8.818088453544391086e+03
4.660868463524530151e-04 8.829625919097867154e+03
4.667312786258835558e-04 8.841177941022242521e+03
4.673766019198573600e-04 8.852744535786801862e+03
4.680228174663387739e-04 8.864325719875107097e+03
4.686699264989955876e-04 8.875921509785108356e+03
4.693179302532012585e-04 8.887531922028983900e+03
4.699668299660373499e-04 8.899156973133247448e+03
4.706166268762963507e-04 8.910796679638820933e+03
4.712673222244821085e-04 8.922451058100741648e+03
4.719189172528150339e-04 8.934120125088611530e+03
4.725714132052327514e-04 8.945803897186180620e+03
4.732248113273927010e-04 8.957502390991627180e+03
4.738791128666745779e-04 8.969215623117361247e+03
4.745343190721828803e-04 8.980943610190310210e+03
4.751904311947495658e-04 8.992686368851544103e+03
4.758474504869346475e-04 9.004443915756555725e+03
4.765053782030314526e-04 9.016216267575182428e+03
4.771642155990670018e-04 9.028003440991640673e+03
4.778239639328049366e-04 9.039805452704433264e+03
4.784846244637480672e-04 9.051622319426460308e+03
4.791461984531404867e-04 9.063454057884933718e+03
4.798086871639702816e-04 9.075300684821519098e+03
4.804720918609717002e-04 9.087162216992130197e+03
4.811364138106277548e-04 9.099038671167074426e+03
4.818016542811729319e-04 9.110930064131125619e+03
4.824678145425938974e-04 9.122836412683202070e+03
4.831348958666345918e-04 9.134757733636863122e+03
4.838028995267969353e-04 9.146694043819868966e+03
4.844718267983435926e-04 9.158645360074389828e+03
4.851416789583005203e-04 9.170611699257053260e+03
4.858124572854597865e-04 9.182593078238727685e+03
4.864841630603801122e-04 9.194589513904789783e+03
4.871567975653922928e-04 9.206601023154911672e+03
4.878303620845995232e-04 9.218627622903251904e+03
4.885048579038805960e-04 9.230669330078277198e+03
4.891802863108920705e-04 9.242726161622915242e+03
4.898566485950710909e-04 9.254798134494429178e+03
4.905339460476373925e-04 9.266885265664492181e+03
4.912121799615961747e-04 9.278987572119265678e+03
4.918913516317403780e-04 9.291105070859197440e+03
4.925714623546530689e-04 9.303237778899178011e+03
4.932525134287106929e-04 9.315385713268586187e+03
4.939345061540831826e-04 9.327548891011099840e+03
4.946174418327399210e-04 9.339727329184821428e+03
4.953013217684496330e-04 9.351921044862372582e+03
4.959861472667839635e-04 9.364130055130641267e+03
4.966719196351195367e-04 9.376354377068902977e+03
4.973586401826412097e-04 9.388594027699438811e+03
4.980463102203423970e-04 9.400849024044175167e+03
4.987349310610307085e-04 9.413119383139017373e+03
4.994245040193283835e-04 9.425405122033678708e+03
5.001150304116752177e-04 9.437706257791709504e+03
5.008065115563314906e-04 9.450022807490568084e+03
5.014989487733795921e-04 9.462354788221562558e+03
5.021923433847278167e-04 9.474702217089845362e+03
5.028866967141116650e-04 9.487065111214469653e+03
5.035820100870970961e-04 9.499443487728316541e+03
5.042782848310832381e-04 9.511837363778167855e+03
5.049755222753032555e-04 9.524246756524629745e+03
5.056737237508294449e-04 9.536671683142181791e+03
5.063728905905742110e-04 9.549112160819209748e+03
5.070730241292926684e-04 9.561568206757920052e+03
5.077741257035856774e-04 9.574039838174361648e+03
5.084761966519023377e-04 9.586527072298500570e+03
5.091792383145411814e-04 9.599029926374183560e+03
5.098832520336550513e-04 9.611548417659021652e+03
5.105882391532524022e-04 9.624082563424623004e+03
5.112942010191995779e-04 9.636632380956321867e+03
5.120011389792240636e-04 9.649197887553442342e+03
5.127090543829166541e-04 9.661779100529060088e+03
5.134179485817341650e-04 9.674376037210222421e+03
5.141278229290020341e-04 9.686988714937753684e+03
5.148386787799168153e-04 9.699617151066355291e+03
5.155505174915486722e-04 9.712261362964642103e+03
5.162633404228450648e-04 9.724921368015040571e+03
5.169771489346303150e-04 9.737597183613856032e+03
5.176919443896122212e-04 9.750288827171218145e+03
5.184077281523820574e-04 9.762996316111186388e+03
5.191245015894178265e-04 9.775719667871630008e+03
5.198422660690868620e-04 9.788458899904289865e+03
5.205610229616490807e-04 9.801214029674807534e+03
5.212807736392574163e-04 9.813985074662570696e+03
5.220015194759634576e-04 9.826772052360918678e+03
5.227232618477182071e-04 9.839574980277056966e+03
5.234460021323750082e-04 9.852393875932002629e+03
5.241697417096923646e-04 9.865228756860604335e+03
5.248944819613364336e-04 9.878079640611604191e+03
5.256202242708838453e-04 9.890946544747648659e+03
5.263469700238240876e-04 9.903829486845113934e+03
5.270747206075623251e-04 9.916728484494336954e+03
5.278034774114221100e-04 9.929643555299500804e+03
5.285332418266483088e-04 9.942574716878554682e+03
5.292640152464079704e-04 9.955521986863332131e+03
5.299957990657957465e-04 9.968485382899565593e+03
5.307285946818349762e-04 9.981464922646748164e+03
5.314624034934802878e-04 9.994460623778340960e+03
5.321972269016208516e-04 1.000747250398151118e+04
5.329330663090829819e-04 1.002050058095739587e+04
5.336699231206312212e-04 1.003354487242089817e+04
5.344077987429740866e-04 1.004660539610074920e+04
5.351466945847642865e-04 1.005968216973960989e+04
5.358866120566024068e-04 1.007277521109387271e+04
5.366275525710392964e-04 1.008588453793380359e+04
5.373695175425787776e-04 1.009901016804357641e+04
5.381125083876805732e-04 1.011215211922114759e+04
5.388565265247628007e-04 1.012531040927827235e+04
5.396015733742047906e-04 1.013848505604055390e+04
5.403476503583501227e-04 1.015167607734746707e+04
5.410947589015077100e-04 1.016488349105232919e+04
5.418429004299571113e-04 1.017810731502220005e+04
5.425920763719492904e-04 1.019134756713802017e+04
5.433422881577101935e-04 1.020460426528746393e+04
5.440935372194433519e-04 1.021787742723141855e+04
5.448458249913328087e-04 1.023116707061475245e+04
5.455991529095439866e-04 1.024447321309005201e+04
5.463535224122297593e-04 1.025779587232216181e+04
5.471089349395307768e-04 1.027113506598830099e+04
5.478653919335791517e-04 1.028449081177802873e+04
5.486228948385006273e-04 1.029786312739328241e+04
5.493814451004178307e-04 1.031125203054817939e+04
5.501410441674528745e-04 1.032465753896929346e+04
5.509016934897299593e-04 1.033807967039545838e+04
5.516633945193785173e-04 1.035151844257776975e+04
5.524261487105357063e-04 1.036497387327969773e+04
5.531899575193495542e-04 1.037844598027693974e+04
5.539548224039799341e-04 1.039193478135746409e+04
5.547207448246046363e-04 1.040544029432161915e+04
5.554877262434196935e-04 1.041896253698191686e+04
5.562557681246426333e-04 1.043250152716313096e+04
5.570248719345157308e-04 1.044605728270238069e+04
5.577950391413090446e-04 1.045962982144896159e+04
5.585662712153210670e-04 1.047321916126443102e+04
5.593385696288847957e-04 1.048682532002255721e+04
5.601119358563683842e-04 1.050044831560936291e+04
5.608863713741786116e-04 1.051408816592306357e+04
5.616618776607634842e-04 1.052774488887418738e+04
5.624384561966153800e-04 1.054141850238531879e+04
5.632161084642733255e-04 1.055510902439135316e+04
5.639948359483265734e-04 1.056881647283928214e+04
5.647746401354166628e-04 1.058254086568843559e+04
5.655555225142414304e-04 1.059628222091014686e+04
5.663374845755553364e-04 1.061004055648800204e+04
5.671205278121756437e-04 1.062381589041775806e+04
5.679046537189830690e-04 1.063760824070731906e+04
5.686898637929252518e-04 1.065141762537672548e+04
5.694761595330196822e-04 1.066524406245816863e+04
5.702635424403563026e-04 1.067908756999596335e+04
5.710520140181013027e-04 1.069294816604655171e+04
5.718415757714971192e-04 1.070682586867845930e+04
5.726322292078694833e-04 1.072072069597236987e+04
5.734239758366275292e-04 1.073463266602107433e+04
5.742168171692673719e-04 1.074856179692943624e+04
5.750107547193749257e-04 1.076250810681436815e+04
5.758057900026290494e-04 1.077647161380493162e+04
5.766019245368039304e-04 1.079045233604220812e+04
5.773991598417725548e-04 1.080445029167935354e+04
5.781974974395093095e-04 1.081846549888156005e+04
5.789969388540934514e-04 1.083249797582612518e+04
5.797974856117097580e-04 1.084654774070234271e+04
5.805991392406550326e-04 1.086061481171149717e+04
5.814019012713383212e-04 1.087469920706693483e+04
5.822057732362849241e-04 1.088880094499402912e+04
5.830107566701391063e-04 1.090292004373012605e+04
5.838168531096673500e-04 1.091705652152459879e+04
5.846240640937594392e-04 1.093121039663877309e+04
5.854323911634344221e-04 1.094538168734597093e+04
5.862418358618416963e-04 1.095957041193154691e+04
5.870523997342639352e-04 1.097377658869263723e+04
5.878640843281207748e-04 1.098800023593854712e+04
5.886768911929711988e-04 1.100224137199039069e+04
5.894908218805165745e-04 1.101650001518123463e+04
5.903058779446039052e-04 1.103077618385613641e+04
5.911220609412284324e-04 1.104506989637202605e+04
5.919393724285371052e-04 1.105938117109768973e+04
5.927578139668313994e-04 1.107371002641390442e+04
5.935773871185686182e-04 1.108805648071330870e+04
5.943980934483682893e-04 1.110242055240043373e+04
5.952199345230121648e-04 1.111680225999915456e+04
5.960429119114488833e-04 1.113120162248636916e+04
5.968670271847960297e-04 1.114561865896652125e+04
5.976922819163441470e-04 1.116005338855927766e+04
5.985186776815573867e-04 1.117450583039964113e+04
5.993462160580797973e-04 1.118897600363780293e+04
6.001748986257364081e-04 1.120346392743933575e+04
6.010047269665362655e-04 1.121796962098505537e+04
6.018357026646762274e-04 1.123249310347102801e+04
6.026678273065430233e-04 1.124703439410870305e+04
6.035011024807170488e-04 1.126159351212472029e+04
6.043355297779752933e-04 1.127617047676108632e+04
6.051711107912939418e-04 1.129076530727504360e+04
6.060078471158524948e-04 1.130537802293918139e+04
6.068457403490339856e-04 1.132000864304124116e+04
6.076847920904320270e-04 1.133465718688446032e+04
6.085250039418513539e-04 1.134932367378723029e+04
6.093663775073114011e-04 1.136400812308333661e+04
6.102089143930492302e-04 1.137871055412170062e+04
6.110526162075229995e-04 1.139343098626672327e+04
6.118974845614151082e-04 1.140816943889798131e+04
6.127435210676334971e-04 1.142292593141046927e+04
6.135907273413176120e-04 1.143770048321428476e+04
6.144391049998397048e-04 1.145249311373500313e+04
6.152886556628083025e-04 1.146730384241345746e+04
6.161393809520712434e-04 1.148213268870577122e+04
6.169912824917184960e-04 1.149697967208336013e+04
6.178443619080861704e-04 1.151184481203291034e+04
6.186986208297583613e-04 1.152672812805642570e+04
6.195540608875714852e-04 1.154162963967140240e+04
6.204106837146170991e-04 1.155654936641033237e+04
6.212684909462428762e-04 1.157148732782119805e+04
6.221274842200597618e-04 1.158644354346722503e+04
6.229876651759418647e-04 1.160141803292700752e+04
6.238490354560311197e-04 1.161641081579440288e+04
6.247115967047395637e-04 1.163142191167851888e+04
6.255753505687538900e-04 1.164645134020393198e+04
6.264402986970352312e-04 1.166149912101032169e+04
6.273064427408269654e-04 1.167656527375289807e+04
6.281737843536546080e-04 1.169164981810191966e+04
6.290423251913301482e-04 1.170675277374319376e+04
6.299120669119547596e-04 1.172187416037771618e+04
6.307830111759223785e-04 1.173701399772183322e+04
6.316551596459224135e-04 1.175217230550713975e+04
6.325285139869435413e-04 1.176734910348061931e+04
6.334030758662761995e-04 1.178254441140448398e+04
6.342788469535163816e-04 1.179775824905633999e+04
6.351558289205687814e-04 1.181299063622906215e+04
6.360340234416483104e-04 1.182824159273081023e+04
6.369134321932862783e-04 1.184351113838507808e+04
6.377940568543314769e-04 1.185879929303071185e+04
6.386758991059540832e-04 1.187410607652180443e+04
6.395589606316485869e-04 1.188943150872775368e+04
6.404432431172379101e-04 1.190477560953331522e+04
6.413287482508738414e-04 1.192013839883855326e+04
6.422154777230442996e-04 1.193551989655877514e+04
6.431034332265736595e-04 1.195092012262468234e+04
6.439926164566273049e-04 1.196633909698222669e+04
6.448830291107141227e-04 1.198177683959270507e+04
6.457746728886900808e-04 1.199723337043268293e+04
6.466675494927614804e-04 1.201270870949407617e+04
6.475616606274881004e-04 1.202820287678406567e+04
6.484570079997867753e-04 1.204371589232520637e+04
6.493535933189347560e-04 1.205924777615529092e+04
6.502514182965706858e-04 1.207479854832744422e+04
6.511504846467019731e-04 1.209036822887654853e+04
6.520507940857050077e-04 1.210595683687102428e+04
6.529523483323294982e-04 1.212156439027367196e+04
6.538551491077012907e-04 1.213719090699126355e+04
6.547591981353262716e-04 1.215283640493448365e+04
6.556644971410939462e-04 1.216850090201791681e+04
6.565710478532777632e-04 1.218418441616018026e+04
6.574788520025430299e-04 1.219988696528344008e+04
6.583879113219474541e-04 1.221560856731398053e+04
6.592982275469446134e-04 1.223134924018175116e+04
6.602098024153877504e-04 1.224710900182038313e+04
6.611226376675329161e-04 1.226288787016725837e+04
6.620367350460422233e-04 1.227868586316351502e+04
6.629520962959876409e-04 1.229450299875373457e+04
6.638687231648533792e-04 1.231033929488633657e+04
6.647866174025408772e-04 1.232619476951312754e+04
6.657057807613690195e-04 1.234206944058953013e+04
6.666262149960812920e-04 1.235796332607433214e+04
6.675479218638470831e-04 1.237387644393000846e+04
6.684709031242648276e-04 1.238980881212224085e+04
6.693951605393663436e-04 1.240576044862013441e+04
6.703206958736201938e-04 1.242173137139620667e+04
6.712475108939323356e-04 1.243772159842625661e+04
6.721756073696540362e-04 1.245373114768934283e+04
6.731049870725823057e-04 1.246976003716779269e+04
6.740356517769635842e-04 1.248580828484705125e+04
6.749676032594977525e-04 1.250187590871580869e+04
6.759008432993412769e-04 1.251796292676583653e+04
6.768353736781102447e-04 1.253406935699203314e+04
6.777711961798844843e-04 1.255019521739223637e+04
6.787083125912101670e-04 1.256634052596743277e+04
6.796467247011040358e-04 1.258250530072151196e+04
6.805864343010567660e-04 1.259868955966131762e+04
6.815274431850340498e-04 1.261489332079659835e+04
6.824697531494840772e-04 1.263111660213991672e+04
6.834133659933384029e-04 1.264735942170665112e+04
6.843582835180154166e-04 1.266362179751512849e+04
6.853045075274246788e-04 1.267990374758612415e+04
6.862520398279703913e-04 1.269620528994348206e+04
6.872008822285522638e-04 1.271252644261333262e+04
6.881510365405732119e-04 1.272886722362472574e+04
6.891025045779398993e-04 1.274522765100921606e+04
6.900552881570671832e-04 1.276160774280088845e+04
6.910093890968812581e-04 1.277800751703629248e+04
6.919648092188231256e-04 1.279442699175458984e+04
6.929215503468522802e-04 1.281086618499726683e+04
6.938796143074502879e-04 1.282732511480822359e+04
6.948390029296237129e-04 1.284380379923369946e+04
6.957997180449091053e-04 1.286030225632240945e+04
6.967617614873728923e-04 1.287682050412506942e+04
6.977251350936197272e-04 1.289335856069486545e+04
6.986898407027928139e-04 1.290991644408709180e+04
6.996558801565782443e-04 1.292649417235922010e+04
7.006232552992086842e-04 1.294309176357079741e+04
7.015919679774664094e-04 1.295970923578352085e+04
7.025620200406880759e-04 1.297634660706105205e+04
7.035334133407650454e-04 1.299300389546912447e+04
7.045061497321514080e-04 1.300968111907533603e+04
7.054802310718645249e-04 1.302637829594933828e+04
7.064556592194895816e-04 1.304309544416252538e+04
7.074324360371825153e-04 1.305983258178817050e+04
7.084105633896742435e-04 1.307658972690141309e+04
7.093900431442738078e-04 1.309336689757905515e+04
7.103708771708722777e-04 1.311016411189965766e+04
7.113530673419458938e-04 1.312698138794347869e+04
7.123366155325607310e-04 1.314381874379224428e+04
7.133215236203730228e-04 1.316067619776449646e+04
7.143077934856375101e-04 1.317755376941389841e+04
7.152954270112080919e-04 1.319445147870586152e+04
7.162844260825415111e-04 1.321136934561704766e+04
7.172747925877018000e-04 1.322830739013544917e+04
7.182665284173640752e-04 1.324526563225985410e+04
7.192596354648156214e-04 1.326224409200010268e+04
7.202541156259633726e-04 1.327924278937724921e+04
7.212499707993348880e-04 1.329626174442325646e+04
7.222472028860831223e-04 1.331330097718104116e+04
7.232458137899891362e-04 1.333036050770463225e+04
7.242458054174665417e-04 1.334744035605896352e+04
7.252471796775647548e-04 1.336454054231991722e+04
7.262499384819727901e-04 1.338166108657436598e+04
7.272540837450228385e-04 1.339880200892015273e+04
7.282596173836937371e-04 1.341596332946601797e+04
7.292665413176159560e-04 1.343314506833153791e+04
7.302748574690713819e-04 1.345034724564726275e+04
7.312845677630025335e-04 1.346756988155469480e+04
7.322956741270122364e-04 1.348481299620596656e+04
7.333081784913687189e-04 1.350207660976437728e+04
7.343220827890091897e-04 1.351936074240380731e+04
7.353373889555437411e-04 1.353666541430914731e+04
7.363540989292570839e-04 1.355399064567596724e+04
7.373722146511154860e-04 1.357133645671065460e+04
7.383917380647688324e-04 1.358870286763054901e+04
7.394126711165536613e-04 1.360608989866352204e+04
7.404350157554982596e-04 1.362349757004841922e+04
7.414587739333251565e-04 1.364092590203451255e+04
7.424839476044558942e-04 1.365837491488218620e+04
7.435105387260139550e-04 1.367584462886234542e+04
7.445385492578289899e-04 1.369333506425650012e+04
7.455679811624410470e-04 1.371084624135710146e+04
7.465988364051015470e-04 1.372837818046701432e+04
7.476311169537813066e-04 1.374593090189984468e+04
7.486648247791715142e-04 1.376350442597989058e+04
7.496999618546878498e-04 1.378109877304205293e+04
7.507365301564748218e-04 1.379871396343179003e+04
7.517745316634091282e-04 1.381635001750520496e+04
7.528139683571042099e-04 1.383400695562907640e+04
7.538548422219113355e-04 1.385168479818048399e+04
7.548971552449275152e-04 1.386938356554722122e+04
7.559409094159964771e-04 1.388710327812771720e+04
7.569861067277131126e-04 1.390484395633075110e+04
7.580327491754277041e-04 1.392260562057562856e+04
7.590808387572489614e-04 1.394038829129226360e+04
7.601303774740484666e-04 1.395819198892090026e+04
7.611813673294643605e-04 1.397601673391231270e+04
7.622338103299050290e-04 1.399386254672771611e+04
7.632877084845537648e-04 1.401172944783870298e+04
7.643430638053694184e-04 1.402961745772732684e+04
7.653998783070953965e-04 1.404752659688608765e+04
7.664581540072594457e-04 1.406545688581773902e+04
7.675178929261791813e-04 1.408340834503544647e+04
7.685790970869655573e-04 1.410138099506280196e+04
7.696417685155276366e-04 1.411937485643365289e+04
7.707059092405728080e-04 1.413738994969216037e+04
7.717715212936164353e-04 1.415542629539274094e+04
7.728386067089815323e-04 1.417348391410021395e+04
7.739071675238038588e-04 1.419156282638964512e+04
7.749772057780360398e-04 1.420966305284622649e+04
7.760487235144510358e-04 1.422778461406553470e+04
7.771217227786463705e-04 1.424592753065329089e+04
7.781962056190477092e-04 1.426409182322541710e+04
7.792721740869131952e-04 1.428227751240804901e+04
7.803496302363370279e-04 1.430048461882440824e+04
7.814285761242541250e-04 1.431871316249318988e+04
7.825090138104414230e-04 1.433696316257369472e+04
7.835909453575256841e-04 1.435523463816261028e+04
7.846743728309852305e-04 1.437352760835860499e+04
7.857592982991537392e-04 1.439184209226262283e+04
7.868457238332251212e-04 1.441017810897724485e+04
7.879336515072575325e-04 1.442853567760756960e+04
7.890230833981744588e-04 1.444691481726029087e+04
7.901140215857733887e-04 1.446531554704423252e+04
7.912064681527267900e-04 1.448373788606994094e+04
7.923004251845865544e-04 1.450218185344987978e+04
7.933958947697883346e-04 1.452064746829833894e+04
7.944928789996550137e-04 1.453913474973123084e+04
7.955913799684013674e-04 1.455764371686639424e+04
7.966913997731377498e-04 1.457617438882310671e+04
7.977929405138736718e-04 1.459472678472254120e+04
7.988960042935234389e-04 1.461330092368719852e+04
8.000005932179062593e-04 1.463189682484131481e+04
8.011067093957555682e-04 1.465051450731055593e+04
8.022143549387193533e-04 1.466915399022205202e+04
8.033235319613655752e-04 1.468781529270438477e+04
8.044342425811856377e-04 1.470649843388747104e+04
8.055464889185996995e-04 1.472520343290271740e+04
8.066602730969570003e-04 1.474393030888260000e+04
8.077755972425451842e-04 1.476267908096102838e+04
8.088924634845911675e-04 1.478144976827307983e+04
8.100108739552655838e-04 1.480024238995492124e+04
8.111308307896872294e-04 1.481905696514395277e+04
8.122523361259269660e-04 1.483789351297860594e+04
8.133753921050117328e-04 1.485675205259846553e+04
8.145000008709289913e-04 1.487563260314387844e+04
8.156261645706304117e-04 1.489453518375640851e+04
8.167538853540361014e-04 1.491345981357837809e+04
8.178831653740397008e-04 1.493240651175300991e+04
8.190140067865089250e-04 1.495137529742442712e+04
8.201464117502949968e-04 1.497036618973738405e+04
8.212803824272328634e-04 1.498937920783744994e+04
8.224159209821468343e-04 1.500841437087105624e+04
8.235530295828543757e-04 1.502747169798506911e+04
8.246917104001708814e-04 1.504655120832699322e+04
8.258319656079108652e-04 1.506565292104498076e+04
8.269737973828970683e-04 1.508477685528762049e+04
8.281172079049608928e-04 1.510392303020408872e+04
8.292621993569479315e-04 1.512309146494391280e+04
8.304087739247216536e-04 1.514228217865695660e+04
8.315569337971680675e-04 1.516149519049358423e+04
8.327066811661994064e-04 1.518073051960433259e+04
8.338580182267585740e-04 1.519998818514004051e+04
8.350109471768233727e-04 1.521926820625170512e+04
8.361654702174106234e-04 1.523857060209062365e+04
8.373215895525811534e-04 1.525789539180804968e+04
8.384793073894407714e-04 1.527724259455534047e+04
8.396386259381492670e-04 1.529661222948407158e+04
8.407995474119216031e-04 1.531600431574550385e+04
8.419620740270329032e-04 1.533541887249105275e+04
8.431262080028225714e-04 1.535485591887192277e+04
8.442919515616992797e-04 1.537431547403932382e+04
8.454593069291420522e-04 1.539379755714402745e+04
8.466282763337095894e-04 1.541330218733674701e+04
8.477988620070408101e-04 1.543282938376779930e+04
8.489710661838603808e-04 1.545237916558721736e+04
8.501448911019828360e-04 1.547195155194465588e+04
8.513203390023166978e-04 1.549154656198933662e+04
8.524974121288688127e-04 1.551116421486998115e+04
8.536761127287489058e-04 1.553080452973481442e+04
8.548564430521735915e-04 1.555046752578627093e+04
8.560384053524712532e-04 1.557015322259728964e+04
8.572220018860837775e-04 1.558986163989566558e+04
8.584072349125751195e-04 1.560959279741194950e+04
8.595941066946327126e-04 1.562934671487891865e+04
8.607826194980724554e-04 1.564912341203138567e+04
8.619727755918429402e-04 1.566892290860648245e+04
8.631645772480308742e-04 1.568874522434321807e+04
8.643580267418620551e-04 1.570859037898278075e+04
8.655531263517102615e-04 1.572845839226824501e+04
8.667498783590988796e-04 1.574834928394478811e+04
8.679482850487058899e-04 1.576826307375936449e+04
8.691483487083678794e-04 1.578819978146086578e+04
8.703500716290851367e-04 1.580815942680008811e+04
8.715534561050251221e-04 1.582814202952945197e+04
8.727585044335275629e-04 1.584814760940342967e+04
8.739652189151085734e-04 1.586817618617790322e+04
8.751736018534651005e-04 1.588822777961057909e+04
8.763836555554800189e-04 1.590830240946094818e+04
8.775953823312232158e-04 1.592840009548982198e+04
8.788087844939613483e-04 1.594852085745982913e+04
8.800238643601584945e-04 1.596866471513492615e+04
8.812406242494815736e-04 1.598883168828063390e+04
8.824590664848047921e-04 1.600902179666394295e+04
8.836791933922150642e-04 1.602923506005324816e+04
8.849010073010125542e-04 1.604947149821824678e+04
8.861245105437209760e-04 1.606973113092998756e+04
8.873497054560880275e-04 1.609001397796085439e+04
8.885765943770909192e-04 1.611032005908429528e+04
8.898051796489408203e-04 1.613064939407518978e+04
8.910354636170874114e-04 1.615100200270937057e+04
8.922674486302233305e-04 1.617137790476393275e+04
8.935011370402885095e-04 1.619177712001706823e+04
8.947365312024748362e-04 1.621219966824769108e+04
8.959736334752314672e-04 1.623264556923613600e+04
8.972124462202658033e-04 1.625311484276345618e+04
8.984529718025532474e-04 1.627360750861153065e+04
8.996952125903382889e-04 1.629412358656332981e+04
9.009391709551400331e-04 1.631466309640250802e+04
9.021848492717561042e-04 1.633522605791353089e+04
9.034322499182681748e-04 1.635581249088160257e+04
9.046813752760464108e-04 1.637642241509262931e+04
9.059322277297509902e-04 1.639705585033319949e+04
9.071848096673420766e-04 1.641771281639048539e+04
9.084391234800804705e-04 1.643839333305214313e+04
9.096951715625333553e-04 1.645909742010651098e+04
9.109529563125787427e-04 1.647982509734240375e+04
9.122124801314098093e-04 1.650057638454899643e+04
9.134737454235401007e-04 1.652135130151583144e+04
9.147367545968074351e-04 1.654214986803293868e+04
9.160015100623791068e-04 1.656297210389058455e+04
9.172680142347567657e-04 1.658381802887932281e+04
9.185362695317780433e-04 1.660468766278987096e+04
9.198062783746260938e-04 1.662558102541324843e+04
9.210780431878308949e-04 1.664649813654061654e+04
9.223515663992746692e-04 1.666743901596306023e+04
9.236268504401965460e-04 1.668840368347192634e+04
9.249038977451981992e-04 1.670939215885841622e+04
9.261827107522444978e-04 1.673040446191379669e+04
9.274632919026741312e-04 1.675144061242922180e+04
9.287456436412002596e-04 1.677250063019575828e+04
9.300297684159161520e-04 1.679358453500424730e+04
9.313156686783001731e-04 1.681469234664541000e+04
9.326033468832199040e-04 1.683582408490953094e+04
9.338928054889373458e-04 1.685697976958684012e+04
9.351840469571133648e-04 1.687815942046363125e+04
9.364770737528123551e-04 1.689936305703771359e+04
9.377718883445070085e-04 1.692059069829891814e+04
9.390684932040841695e-04 1.694184236318132389e+04
9.403668908068451605e-04 1.696311807061406216e+04
9.416670836315172745e-04 1.698441783952176411e+04
9.429690741602533410e-04 1.700574168882372396e+04
9.442728648786385568e-04 1.702708963743459390e+04
9.455784582756948230e-04 1.704846170426381650e+04
9.468858568438860571e-04 1.706985790821579576e+04
9.481950630791200364e-04 1.709127826818980247e+04
9.495060794807577221e-04 1.711272280307983601e+04
9.508189085516155362e-04 1.713419153177478074e+04
9.521335527979698067e-04 1.715568447315796948e+04
9.534500147295625139e-04 1.717720164610765278e+04
9.547682968596055185e-04 1.719874306949633683e+04
9.560884017047857663e-04 1.722030876219125275e+04
9.574103317852696244e-04 1.724189874305410922e+04
9.587340896247083027e-04 1.726351303094065952e+04
9.600596777502428411e-04 1.728515164470145100e+04
9.613870986925058442e-04 1.730681460318093013e+04
9.627163549856317809e-04 1.732850192521790814e+04
9.640474491672577440e-04 1.735021362964547006e+04
9.653803837785297380e-04 1.737194973529052004e+04
9.667151613641070161e-04 1.739371026097414506e+04
9.680517844721672847e-04 1.741549522551150221e+04
9.693902556544125573e-04 1.743730464771153856e+04
9.707305774660699143e-04 1.745913854637696204e+04
9.720727524659023445e-04 1.748099694030445607e+04
9.734167832162097210e-04 1.750287984828444314e+04
9.747626722828347644e-04 1.752478728910083737e+04
9.761104222351674881e-04 1.754671928153137924e+04
9.774600356461510525e-04 1.756867584434714445e+04
9.788115150922854519e-04 1.759065699631286043e+04
9.801648631536333690e-04 1.761266275618675354e+04
9.815200824138251619e-04 1.763469314272022166e+04
9.828771754600636353e-04 1.765674817465802334e+04
9.842361448831262079e-04 1.767882787073827785e+04
9.855969932773757554e-04 1.770093224969220319e+04
9.869597232407606099e-04 1.772306133024421069e+04
9.883243373748214992e-04 1.774521513111168679e+04
9.896908382846960998e-04 1.776739367100501477e+04
9.910592285791248925e-04 1.778959696862774581e+04
9.924295108704526795e-04 1.781182504267603508e+04
9.938016877746389931e-04 1.783407791183894005e+04
9.951757619112589631e-04 1.785635559479841686e+04
9.965517359035104723e-04 1.787865811022888738e+04
9.979296123782174094e-04 1.790098547679756302e+04
9.993093939658366075e-04 1.792333771316423736e+04
1.000691083300460880e-03 1.794571483798116969e+04
1.002074683019825961e-03 1.796811686989298323e+04
1.003460195765313971e-03 1.799054382753680329e+04
1.004847624181959493e-03 1.801299572954207906e+04
1.006236970918454121e-03 1.803547259453041988e+04
1.007628238627152756e-03 1.805797444111572986e+04
1.009021429964074247e-03 1.808050128790394592e+04
1.010416547588913107e-03 1.810305315349317971e+04
1.011813594165040164e-03 1.812563005647349928e+04
1.013212572359509928e-03 1.814823201542689276e+04
1.014613484843060812e-03 1.817085904892723192e+04
1.016016334290127708e-03 1.819351117554025404e+04
1.017421123378841989e-03 1.821618841382339451e+04
1.018827854791037792e-03 1.823889078232576503e+04
1.020236531212257445e-03 1.826161829958823728e+04
1.021647155331756448e-03 1.828437098414301363e+04
1.023059729842508469e-03 1.830714885451391092e+04
1.024474257441210755e-03 1.832995192920244881e+04
1.025890740828288910e-03 1.835278022657976180e+04
1.027309182707902531e-03 1.837563376494432669e+04
1.028729585787949759e-03 1.839851256258440480e+04
1.030151952780074221e-03 1.842141663777836220e+04
1.031576286399665246e-03 1.844434600879464051e+04
1.033002589365870005e-03 1.846730069389181517e+04
1.034430864401594385e-03 1.849028071131839533e+04
1.035861114233508620e-03 1.851328607931269653e+04
1.037293341592054451e-03 1.853631681610309897e+04
1.038727549211445342e-03 1.855937293990744001e+04
1.040163739829678404e-03 1.858245446893349799e+04
1.041601916188535700e-03 1.860556142137846837e+04
1.043042081033589879e-03 1.862869381542936753e+04
1.044484237114210031e-03 1.865185166926251259e+04
1.045928387183566030e-03 1.867503500104359773e+04
1.047374533998635246e-03 1.869824382892783251e+04
1.048822680320206455e-03 1.872147817105965078e+04
1.050272828912885478e-03 1.874473804557258700e+04
1.051724982545101245e-03 1.876802347058945452e+04
1.053179143989109705e-03 1.879133446422214183e+04
1.054635316021001416e-03 1.881467104457136156e+04
1.056093501420701753e-03 1.883803322972694150e+04
1.057553702971983280e-03 1.886142103776755539e+04
1.059015923462466174e-03 1.888483448676054468e+04
1.060480165683626253e-03 1.890827359476213314e+04
1.061946432430795192e-03 1.893173837981703036e+04
1.063414726503173532e-03 1.895522885995865727e+04
1.064885050703830681e-03 1.897874505320884782e+04
1.066357407839711637e-03 1.900228697757796544e+04
1.067831800721642408e-03 1.902585465106471747e+04
1.069308232164335650e-03 1.904944809165606421e+04
1.070786704986395436e-03 1.907306731732712797e+04
1.072267222010323115e-03 1.909671234604131314e+04
1.073749786062522726e-03 1.912038319575011701e+04
1.075234399973305560e-03 1.914407988439296605e+04
1.076721066576897309e-03 1.916780242989719409e+04
1.078209788711441321e-03 1.919155085017806778e+04
1.079700569219006626e-03 1.921532516313872475e+04
1.081193410945589014e-03 1.923912538666973705e+04
1.082688316741121448e-03 1.926295153864967142e+04
1.084185289459477317e-03 1.928680363694450716e+04
1.085684331958476721e-03 1.931068169940771986e+04
1.087185447099887122e-03 1.933458574388018314e+04
1.088688637749437010e-03 1.935851578819019778e+04
1.090193906776815462e-03 1.938247185015338619e+04
1.091701257055679736e-03 1.940645394757251051e+04
1.093210691463659826e-03 1.943046209823747631e+04
1.094722212882364961e-03 1.945449631992524883e+04
1.096235824197388598e-03 1.947855663039978390e+04
1.097751528298313408e-03 1.950264304741203523e+04
1.099269328078717779e-03 1.952675558869972156e+04
1.100789226436180808e-03 1.955089427198733392e+04
1.102311226272287932e-03 1.957505911498609566e+04
1.103835330492637440e-03 1.959925013539381689e+04
1.105361542006841986e-03 1.962346735089493086e+04
1.106889863728539869e-03 1.964771077916023205e+04
1.108420298575397631e-03 1.967198043784701804e+04
1.109952849469115262e-03 1.969627634459874389e+04
1.111487519335434011e-03 1.972059851704528046e+04
1.113024311104136594e-03 1.974494697280271066e+04
1.114563227709060213e-03 1.976932172947301297e+04
1.116104272088097420e-03 1.979372280464439245e+04
1.117647447183202835e-03 1.981815021589090247e+04
1.119192755940398359e-03 1.984260398077239006e+04
1.120740201309779671e-03 1.986708411683409213e+04
1.122289786245521219e-03 1.989159064149038022e+04
1.123841513705882075e-03 1.991612357188421447e+04
1.125395386653211356e-03 1.994068292510823812e+04
1.126951408053954292e-03 1.996526871823859983e+04
1.128509580878657437e-03 1.998988096833477903e+04
1.130069908101975816e-03 2.001451969243978601e+04
1.131632392702673802e-03 2.003918490757949621e+04
1.133197037663637901e-03 2.006387663076322497e+04
1.134763845971877624e-03 2.008859487898321458e+04
1.136332820618533943e-03 2.011333966921483443e+04
1.137903964598879726e-03 2.013811101841613709e+04
1.139477280912332526e-03 2.016290894352824762e+04
1.141052772562456104e-03 2.018773346147475240e+04
1.142630442556967366e-03 2.021258458916212112e+04
1.144210293907741349e-03 2.023746234347934296e+04
1.145792329630817945e-03 2.026236674129778112e+04
1.147376552746406236e-03 2.028729779947137649e+04
1.148962966278892304e-03 2.031225553483621843e+04
1.150551573256843128e-03 2.033723996421081756e+04
1.152142376713013311e-03 2.036225110439564378e+04
1.153735379684350934e-03 2.038728897217336635e+04
1.155330585212002758e-03 2.041235358430862107e+04
1.156927996341321815e-03 2.043744495754792297e+04
1.158527616121867842e-03 2.046256310861959719e+04
1.160129447607420724e-03 2.048770805423374259e+04
1.161733493855982013e-03 2.051287981108210442e+04
1.163339757929781650e-03 2.053807839583788518e+04
1.164948242895280780e-03 2.056330382515598467e+04
1.166558951823183686e-03 2.058855611567237065e+04
1.168171887788438650e-03 2.061383528400464638e+04
1.169787053870246195e-03 2.063914134675149398e+04
1.171404453152064071e-03 2.066447432049276904e+04
1.173024088721613331e-03 2.068983422178935143e+04
1.174645963670884179e-03 2.071522106718307623e+04
1.176270081096141831e-03 2.074063487319663909e+04
1.177896444097932798e-03 2.076607565633369813e+04
1.179525055781090745e-03 2.079154343307834642e+04
1.181155919254741476e-03 2.081703821989554490e+04
1.182789037632311392e-03 2.084256003323068217e+04
1.184424414031528140e-03 2.086810888950961089e+04
1.186062051574433189e-03 2.089368480513853137e+04
1.187701953387383788e-03 2.091928779650404249e+04
1.189344122601059678e-03 2.094491787997271240e+04
1.190988562350470690e-03 2.097057507189135868e+04
1.192635275774957607e-03 2.099625938858685549e+04
1.194284266018204961e-03 2.102197084636585714e+04
1.195935536228242982e-03 2.104770946151500539e+04
1.197589089557454974e-03 2.107347525030070392e+04
1.199244929162581862e-03 2.109926822896879094e+04
1.200903058204730008e-03 2.112508841374503390e+04
1.202563479849376405e-03 2.115093582083438014e+04
1.204226197266374324e-03 2.117681046642129513e+04
1.205891213629960244e-03 2.120271236666967525e+04
1.207558532118759281e-03 2.122864153772249119e+04
1.209228155915791471e-03 2.125459799570204632e+04
1.210900088208479147e-03 2.128058175670934725e+04
1.212574332188648017e-03 2.130659283682454770e+04
1.214250891052540398e-03 2.133263125210683938e+04
1.215929768000816947e-03 2.135869701859406632e+04
1.217610966238564683e-03 2.138479015230258665e+04
1.219294488975298943e-03 2.141091066922770915e+04
1.220980339424975738e-03 2.143705858534290383e+04
1.222668520805993706e-03 2.146323391660038033e+04
1.224359036341201700e-03 2.148943667893041129e+04
1.226051889257904646e-03 2.151566688824183075e+04
1.227747082787869178e-03 2.154192456040125762e+04
1.229444620167331010e-03 2.156820971101828036e+04
1.231144504636999494e-03 2.159452235552643106e+04
1.232846739442065853e-03 2.162086250933266274e+04
1.234551327832207526e-03 2.164723018781965220e+04
1.236258273061595098e-03 2.167362540634559628e+04
1.237967578388898598e-03 2.170004818024463748e+04
1.239679247077295297e-03 2.172649852482594360e+04
1.241393282394470145e-03 2.175297645537455537e+04
1.243109687612629650e-03 2.177948198715057515e+04
1.244828466008503828e-03 2.180601513538927247e+04
1.246549620863354442e-03 2.183257591530106947e+04
1.248273155462975873e-03 2.185916434207151906e+04
1.249999073097710078e-03 2.188578043086088655e+04
1.251727377062446375e-03 2.191242419680441526e+04
1.253458070656630332e-03 2.193909565501211182e+04
1.255191157184269192e-03 2.196579482056840425e+04
1.256926639953938590e-03 2.199252170853229472e+04
1.258664522278788410e-03 2.201927633393743963e+04
1.260404807476549725e-03 2.204605871179155656e+04
1.262147498869541085e-03 2.207286885707667170e+04
1.263892599784674367e-03 2.209970678474902888e+04
1.265640113553461073e-03 2.212657250973885675e+04
1.267390043512020559e-03 2.215346604695029600e+04
1.269142393001081344e-03 2.218038741126139575e+04
1.270897165365994551e-03 2.220733661752379703e+04
1.272654363956734992e-03 2.223431368056292922e+04
1.274413992127911574e-03 2.226131861517773359e+04
1.276176053238766437e-03 2.228835143614055050e+04
1.277940550653191209e-03 2.231541215819702848e+04
1.279707487739726582e-03 2.234250079606629515e+04
1.281476867871571409e-03 2.236961736444026610e+04
1.283248694426587701e-03 2.239676187798430692e+04
1.285022970787308644e-03 2.242393435133628736e+04
1.286799700340943587e-03 2.245113479910731621e+04
1.288578886479385633e-03 2.247836323588097730e+04
1.290360532599217494e-03 2.250561967621366057e+04
1.292144642101718211e-03 2.253290413463420919e+04
1.293931218392869228e-03 2.256021662564396684e+04
1.295720264883361977e-03 2.258755716371661401e+04
1.297511784988604391e-03 2.261492576329799340e+04
1.299305782128722846e-03 2.264232243880617170e+04
1.301102259728576698e-03 2.266974720463134145e+04
1.302901221217758927e-03 2.269720007513547171e+04
1.304702670030606334e-03 2.272468106465240635e+04
1.306506609606199751e-03 2.275219018748778035e+04
1.308313043388379228e-03 2.277972745791889611e+04
1.310121974825744894e-03 2.280729289019442513e+04
1.311933407371665417e-03 2.283488649853480456e+04
1.313747344484283855e-03 2.286250829713127314e+04
1.315563789626524819e-03 2.289015830014685707e+04
1.317382746266100970e-03 2.291783652171535869e+04
1.319204217875519529e-03 2.294554297594171658e+04
1.321028207932088997e-03 2.297327767690166729e+04
1.322854719917925664e-03 2.300104063864209456e+04
1.324683757319960326e-03 2.302883187518027626e+04
1.326515323629945224e-03 2.305665140050413538e+04
1.328349422344461423e-03 2.308449922857236015e+04
1.330186056964920540e-03 2.311237537331362910e+04
1.332025230997579924e-03 2.314027984862733138e+04
1.333866947953542877e-03 2.316821266838278098e+04
1.335711211348769058e-03 2.319617384641953686e+04
1.337558024704074916e-03 2.322416339654711919e+04
1.339407391545149742e-03 2.325218133254489294e+04
1.341259315402555446e-03 2.328022766816200965e+04
1.343113799811735884e-03 2.330830241711717463e+04
1.344970848313023363e-03 2.333640559293231490e+04
1.346830464451644711e-03 2.336453720863654598e+04
1.348692651777729087e-03 2.339269727714583132e+04
1.350557413846313398e-03 2.342088581134192646e+04
1.352424754217350757e-03 2.344910282407224076e+04
1.354294676455716122e-03 2.347734832815000118e+04
1.356167184131213451e-03 2.350562233635364828e+04
1.358042280818583291e-03 2.353392486142742200e+04
1.359919970097505813e-03 2.356225591608042305e+04
1.361800255552613392e-03 2.359061551298707127e+04
1.363683140773494507e-03 2.361900366478696378e+04
1.365568629354701113e-03 2.364742038408445660e+04
1.367456724895751898e-03 2.367586568344867555e+04
1.369347431001145940e-03 2.370433957541370546e+04
1.371240751280365091e-03 2.373284207247796803e+04
1.373136689347881356e-03 2.376137318710442560e+04
1.375035248823164476e-03 2.378993293172041012e+04
1.376936433330689085e-03 2.381852131871748861e+04
1.378840246499940352e-03 2.384713836045147764e+04
1.380746691965422431e-03 2.387578406924191222e+04
1.382655773366664540e-03 2.390445845737251148e+04
1.384567494348227460e-03 2.393316153709065475e+04
1.386481858559712212e-03 2.396189332060732704e+04
1.388398869655764825e-03 2.399065382009715904e+04
1.390318531296086532e-03 2.401944304769819428e+04
1.392240847145433981e-03 2.404826101551163811e+04
1.394165820873635719e-03 2.407710773560213056e+04
1.396093456155591975e-03 2.410598321999722975e+04
1.398023756671286366e-03 2.413488748068763016e+04
1.399956726105785901e-03 2.416382052962660964e+04
1.401892368149257242e-03 2.419278237873026228e+04
1.403830686496967354e-03 2.422177303987746200e+04
1.405771684849293048e-03 2.425079252490950239e+04
1.407715366911727268e-03 2.427984084562991120e+04
1.409661736394885812e-03 2.430891801380453035e+04
1.411610797014515575e-03 2.433802404116146135e+04
1.413562552491500835e-03 2.436715893939083617e+04
1.415517006551870191e-03 2.439632272014447517e+04
1.417474162926804808e-03 2.442551539503620370e+04
1.419434025352643829e-03 2.445473697564133909e+04
1.421396597570892843e-03 2.448398747349696714e+04
1.423361883328232332e-03 2.451326690010151651e+04
1.425329886376518326e-03 2.454257526691452222e+04
1.427300610472798667e-03 2.457191258535686939e+04
1.429274059379314742e-03 2.460127886681088421e+04
1.431250236863511023e-03 2.463067412261910067e+04
1.433229146698036804e-03 2.466009836408545380e+04
1.435210792660761812e-03 2.468955160247438107e+04
1.437195178534777726e-03 2.471903384901109166e+04
1.439182308108406848e-03 2.474854511488101707e+04
1.441172185175210131e-03 2.477808541123015311e+04
1.443164813533992378e-03 2.480765474916470339e+04
1.445160196988811785e-03 2.483725313975089375e+04
1.447158339348986016e-03 2.486688059401490682e+04
1.449159244429099351e-03 2.489653712294302386e+04
1.451162916049010716e-03 2.492622273748110820e+04
1.453169358033859970e-03 2.495593744853478711e+04
1.455178574214077659e-03 2.498568126696899344e+04
1.457190568425386322e-03 2.501545420360844219e+04
1.459205344508815666e-03 2.504525626923641903e+04
1.461222906310704955e-03 2.507508747459621009e+04
1.463243257682713414e-03 2.510494783038967580e+04
1.465266402481821099e-03 2.513483734727756018e+04
1.467292344570344728e-03 2.516475603587947262e+04
1.469321087815940929e-03 2.519470390677369505e+04
1.471352636091612749e-03 2.522468097047231640e+04
1.473386993275718976e-03 2.525468723704620425e+04
1.475424163251980647e-03 2.528472271620068932e+04
1.477464149909488199e-03 2.531478741758628530e+04
1.479506957142709932e-03 2.534488135080813299e+04
1.481552588851498290e-03 2.537500452542552011e+04
1.483601048941098326e-03 2.540515695095209958e+04
1.485652341322153984e-03 2.543533863685552569e+04
1.487706469910716773e-03 2.546554959255738868e+04
1.489763438628254012e-03 2.549578982743298184e+04
1.491823251401650560e-03 2.552605935081142889e+04
1.493885912163225296e-03 2.555635817197512370e+04
1.495951424850732424e-03 2.558668630016011957e+04
1.498019793407372527e-03 2.561704374455555808e+04
1.500091021781793221e-03 2.564743051430385458e+04
1.502165113928106499e-03 2.567784661850036719e+04
1.504242073805890255e-03 2.570829206619318938e+04
1.506321905380196297e-03 2.573876686638343381e+04
1.508404612621559466e-03 2.576927102802447553e+04
1.510490199506004131e-03 2.579980456002240317e+04
1.512578670015052003e-03 2.583036747123558598e+04
1.514670028135729936e-03 2.586095977047455381e+04
1.516764277860577301e-03 2.589158146650195340e+04
1.518861423187653796e-03 2.592223256803231561e+04
1.520961468120547461e-03 2.595291308373197171e+04
1.523064416668382494e-03 2.598362302221902428e+04
1.525170272845822279e-03 2.601436239206300888e+04
1.527279040673085652e-03 2.604513120178486133e+04
1.529390724175948421e-03 2.607592945985687402e+04
1.531505327385752251e-03 2.610675717470224845e+04
1.533622854339414861e-03 2.613761435469554635e+04
1.535743309079430456e-03 2.616850100816186750e+04
1.537866695653887505e-03 2.619941714337718076e+04
1.539993018116469830e-03 2.623036276856796030e+04
1.542122280526465926e-03 2.626133789191136384e+04
1.544254486948777420e-03 2.629234252153454872e+04
1.546389641453925577e-03 2.632337666551514121e+04
1.548527748118059969e-03 2.635444033188062895e+04
1.550668811022966288e-03 2.638553352860861560e+04
1.552812834256073497e-03 2.641665626362614421e+04
1.554959821910462505e-03 2.644780854481033748e+04
1.557109778084872888e-03 2.647899037998758649e+04
1.559262706883713301e-03 2.651020177693352525e+04
1.561418612417062339e-03 2.654144274337329625e+04
1.563577498800686758e-03 2.657271328698110665e+04
1.565739370156041472e-03 2.660401341537993721e+04
1.567904230610281911e-03 2.663534313614173880e+04
1.570072084296265328e-03 2.666670245678716310e+04
1.572242935352567705e-03 2.669809138478540990e+04
1.574416787923485711e-03 2.672950992755395782e+04
1.576593646159046239e-03 2.676095809245895725e+04
1.578773514215013997e-03 2.679243588681412075e+04
1.580956396252899531e-03 2.682394331788175259e+04
1.583142296439967681e-03 2.685548039287159190e+04
1.585331218949244739e-03 2.688704711894131106e+04
1.587523167959527118e-03 2.691864350319626465e+04
1.589718147655388731e-03 2.695026955268899110e+04
1.591916162227189442e-03 2.698192527441958009e+04
1.594117215871082875e-03 2.701361067533536334e+04
1.596321312789026172e-03 2.704532576233041982e+04
1.598528457188781076e-03 2.707707054224598323e+04
1.600738653283932363e-03 2.710884502187000908e+04
1.602951905293889144e-03 2.714064920793689089e+04
1.605168217443895488e-03 2.717248310712799866e+04
1.607387593965033242e-03 2.720434672607052198e+04
1.609610039094239164e-03 2.723624007133816485e+04
1.611835557074306220e-03 2.726816314933721151e+04
1.614064152153893775e-03 2.730011596601883866e+04
1.616295828587535838e-03 2.733209852718924594e+04
1.618530590635648431e-03 2.736411083859727296e+04
1.620768442564538697e-03 2.739615290593439568e+04
1.623009388646412272e-03 2.742822473483477370e+04
1.625253433159381958e-03 2.746032633087501017e+04
1.627500580387475316e-03 2.749245769957380980e+04
1.629750834620643553e-03 2.752461884639207710e+04
1.632004200154770629e-03 2.755680977673256348e+04
1.634260681291675862e-03 2.758903049593999094e+04
1.636520282339130839e-03 2.762128100930063738e+04
1.638783007610861587e-03 2.765356132204219466e+04
1.641048861426558760e-03 2.768587143933392872e+04
1.643317848111887402e-03 2.771821136628617387e+04
1.645589971998488027e-03 2.775058110795058383e+04
1.647865237423995271e-03 2.778298066931915673e+04
1.650143648732040058e-03 2.781541005532549752e+04
1.652425210272258273e-03 2.784786927084321724e+04
1.654709926400300306e-03 2.788035832068670061e+04
1.656997801477838638e-03 2.791287720961052401e+04
1.659288839872576516e-03 2.794542594230950272e+04
1.661583045958256195e-03 2.797800452341849814e+04
1.663880424114666957e-03 2.801061295751236685e+04
1.666180978727654005e-03 2.804325124910551312e+04
1.668484714189126918e-03 2.807591940265208905e+04
1.670791634897068759e-03 2.810861742254584897e+04
1.673101745255538893e-03 2.814134531311940736e+04
1.675415049674690553e-03 2.817410307864476999e+04
1.677731552570773657e-03 2.820689072333316653e+04
1.680051258366144998e-03 2.823970825133436665e+04
1.682374171489271287e-03 2.827255566673701105e+04
1.684700296374747790e-03 2.830543297356830226e+04
1.687029637463298773e-03 2.833834017579359715e+04
1.689362199201788553e-03 2.837127727731707637e+04
1.691697986043230609e-03 2.840424428198037276e+04
1.694037002446794303e-03 2.843724119356354277e+04
1.696379252877815288e-03 2.847026801578440791e+04
1.698724741807802882e-03 2.850332475229815100e+04
1.701073473714448739e-03 2.853641140669782908e+04
1.703425453081635526e-03 2.856952798251376589e+04
1.705780684399446027e-03 2.860267448321334450e+04
1.708139172164170952e-03 2.863585091220118193e+04
1.710500920878319127e-03 2.866905727281879808e+04
1.712865935050620313e-03 2.870229356834449572e+04
1.715234219196042553e-03 2.873555980199298210e+04
1.717605777835795643e-03 2.876885597691570001e+04
1.719980615497341539e-03 2.880218209620039852e+04
1.722358736714397391e-03 2.883553816287075097e+04
1.724740146026953764e-03 2.886892417988664238e+04
1.727124847981277014e-03 2.890234015014394026e+04
1.729512847129919271e-03 2.893578607647390891e+04
1.731904148031726889e-03 2.896926196164359862e+04
1.734298755251849561e-03 2.900276780835556929e+04
1.736696673361749635e-03 2.903630361924723547e+04
1.739097906939209275e-03 2.906986939689159408e+04
1.741502460568340434e-03 2.910346514379639120e+04
1.743910338839593527e-03 2.913709086240419856e+04
1.746321546349765674e-03 2.917074655509213335e+04
1.748736087702011319e-03 2.920443222417213838e+04
1.751153967505844188e-03 2.923814787189025810e+04
1.753575190377157237e-03 2.927189350042664228e+04
1.755999760938223081e-03 2.930566911189585153e+04
1.758427683817705492e-03 2.933947470834599881e+04
1.760858963650669805e-03 2.937331029175930598e+04
1.763293605078584871e-03 2.940717586402668530e+04
1.765731612749342136e-03 2.944107142640850361e+04
1.768172991317257595e-03 2.947499697953202849e+04
1.770617745443083067e-03 2.950895252392772454e+04
1.773065879794013568e-03 2.954293806005365332e+04
1.775517399043698152e-03 2.957695358829552424e+04
1.777972307872247070e-03 2.961099910896591609e+04
1.780430610966242172e-03 2.964507462230477540e+04
1.782892313018744719e-03 2.967918012847867431e+04
1.785357418729305139e-03 2.971331562758109067e+04
1.787825932803971483e-03 2.974748111963189513e+04
1.790297859955300051e-03 2.978167660457768579e+04
1.792773204902358211e-03 2.981590208229103519e+04
1.795251972370743264e-03 2.985015755257042110e+04
1.797734167092584177e-03 2.988444301514077233e+04
1.800219793806555032e-03 2.991875846965232631e+04
1.802708857257876102e-03 2.995310391568095292e+04
1.805201362198334243e-03 2.998747935272804898e+04
1.807697313386284624e-03 3.002188478022014533e+04
1.810196715586660917e-03 3.005632019750907421e+04
1.812699573570985710e-03 3.009078560387126709e+04
1.815205892117378742e-03 3.012528099850811850e+04
1.817715676010565797e-03 3.015980638054577139e+04
1.820228930041888462e-03 3.019436174903430947e+04
1.822745659009313447e-03 3.022894710294845208e+04
1.825265867717440612e-03 3.026356244118689574e+04
1.827789560977513593e-03 3.029820776257227044e+04
1.830316743607427604e-03 3.033288306585101236e+04
1.832847420431741800e-03 3.036758834969316013e+04
1.835381596281679710e-03 3.040232361269200919e+04
1.837919275995150920e-03 3.043708885336429375e+04
1.840460464416751943e-03 3.047188407014983386e+04
1.843005166397779443e-03 3.050670926141137898e+04
1.845553386796232407e-03 3.054156442543402227e+04
1.848105130476832307e-03 3.057644956042631384e+04
1.850660402311024404e-03 3.061136466451853266e+04
1.853219207176989890e-03 3.064630973576360702e+04
1.855781549959654563e-03 3.068128477213612496e+04
1.858347435550698800e-03 3.071628977153321830e+04
1.860916868848565579e-03 3.075132473177334032e+04
1.863489854758471542e-03 3.078638965059649490e+04
1.866066398192414797e-03 3.082148452566450578e+04
1.868646504069185546e-03 3.085660935456018706e+04
1.871230177314374540e-03 3.089176413478751419e+04
1.873817422860385006e-03 3.092694886377144940e+04
1.876408245646433949e-03 3.096216353885772696e+04
1.879002650618573833e-03 3.099740815731229304e+04
1.881600642729693018e-03 3.103268271632225151e+04
1.884202226939528770e-03 3.106798721299452882e+04
1.886807408214677233e-03 3.110332164435620871e+04
1.889416191528596250e-03 3.113868600735414657e+04
1.892028581861625531e-03 3.117408029885529686e+04
1.894644584200989032e-03 3.120950451564604737e+04
1.897264203540806890e-03 3.124495865443216462e+04
1.899887444882103222e-03 3.128044271183879755e+04
1.902514313232817403e-03 3.131595668441007001e+04
1.905144813607813391e-03 3.135150056860928089e+04
1.907778951028887967e-03 3.138707436081819833e+04
1.910416730524782227e-03 3.142267805733736895e+04
1.913058157131189603e-03 3.145831165438564858e+04
1.915703235890766059e-03 3.149397514810022039e+04
1.918351971853142230e-03 3.152966853453652948e+04
1.921004370074924292e-03 3.156539180966755157e+04
1.923660435619716077e-03 3.160114496938448428e+04
1.926320173558120378e-03 3.163692800949577213e+04
1.928983588967752823e-03 3.167274092572745940e+04
1.931650686933243611e-03 3.170858371364230334e+04
1.934321472546259415e-03 3.174445636835590994e+04
1.936995950905504678e-03 3.178035888479621644e+04
1.939674127116733544e-03 3.181629125780532922e+04
1.942356006292759400e-03 3.185225348213951656e+04
1.945041593553465276e-03 3.188824555246885939e+04
1.947730894025812964e-03 3.192426746337731311e+04
1.950423912843852548e-03 3.196031920936247479e+04
1.953120655148733687e-03 3.199640078483501566e+04
1.955821126088713637e-03 3.203251218411941227e+04
1.958525330819167656e-03 3.206865340145269874e+04
1.961233274502600498e-03 3.210482443098485965e+04
1.963944962308654656e-03 3.214102526677911010e+04
1.966660399414116214e-03 3.217725590281053155e+04
1.969379591002934360e-03 3.221351633296692671e+04
1.972102542266223127e-03 3.224980655104829566e+04
1.974829258402277000e-03 3.228612655076672672e+04
1.977559744616571354e-03 3.232247632574604722e+04
1.980294006121785001e-03 3.235885586952153972e+04
1.983032048137802362e-03 3.239526517554051679e+04
1.985773875891724306e-03 3.243170423716133882e+04
1.988519494617879430e-03 3.246817304765340668e+04
1.991268909557833595e-03 3.250467160019735820e+04
1.994022125960399471e-03 3.254119988788457704e+04
1.996779149081647810e-03 3.257775790371686890e+04
1.999539984184916120e-03 3.261434564060685443e+04
2.002304636540818642e-03 3.265096309137739445e+04
2.005073111427258057e-03 3.268761024876113152e+04
2.007845414129435895e-03 3.272428710540117390e+04
2.010621549939855569e-03 3.276099365384989505e+04
2.013401524158343631e-03 3.279772988656985399e+04
2.016185342092052801e-03 3.283449579593222006e+04
2.018973009055475415e-03 3.287129137421830092e+04
2.021764530370446459e-03 3.290811661361809092e+04
2.024559911366164821e-03 3.294497150623030757e+04
2.027359157379195025e-03 3.298185604406271159e+04
2.030162273753481541e-03 3.301877021903156856e+04
2.032969265840356594e-03 3.305571402296148153e+04
2.035780138998551873e-03 3.309268744758532557e+04
2.038594898594207633e-03 3.312969048454391304e+04
2.041413550000884848e-03 3.316672312538598635e+04
2.044236098599572574e-03 3.320378536156810878e+04
2.047062549778701397e-03 3.324087718445414066e+04
2.049892908934151242e-03 3.327799858531564678e+04
2.052727181469263078e-03 3.331514955533095781e+04
2.055565372794850194e-03 3.335233008558577421e+04
2.058407488329202107e-03 3.338954016707232222e+04
2.061253533498104504e-03 3.342677979068976128e+04
2.064103513734844454e-03 3.346404894724334736e+04
2.066957434480222542e-03 3.350134762744550244e+04
2.069815301182555915e-03 3.353867582191361726e+04
2.072677119297701258e-03 3.357603352117197210e+04
2.075542894289056535e-03 3.361342071565025981e+04
2.078412631627573563e-03 3.365083739568389865e+04
2.081286336791768853e-03 3.368828355151353753e+04
2.084164015267733153e-03 3.372575917328562355e+04
2.087045672549143593e-03 3.376326425105117960e+04
2.089931314137271918e-03 3.380079877476629918e+04
2.092820945540996638e-03 3.383836273429210996e+04
2.095714572276813868e-03 3.387595611939403898e+04
2.098612199868845566e-03 3.391357891974193626e+04
2.101513833848852111e-03 3.395123112490988569e+04
2.104419479756245749e-03 3.398891272437646694e+04
2.107329143138089722e-03 3.402662370752343122e+04
2.110242829549123858e-03 3.406436406363685819e+04
2.113160544551766305e-03 3.410213378188874776e+04
2.116082293716127841e-03 3.413993285074379673e+04
2.119008082620014912e-03 3.417776125781225710e+04
2.121937916848951316e-03 3.421561899055371759e+04
2.124871801996182970e-03 3.425350603632450657e+04
2.127809743662687891e-03 3.429142238237770653e+04
2.130751747457189631e-03 3.432936801586180081e+04
2.133697818996165528e-03 3.436734292382172862e+04
2.136647963903858406e-03 3.440534709319781541e+04
2.139602187812288722e-03 3.444338051082652964e+04
2.142560496361262806e-03 3.448144316343912215e+04
2.145522895198385439e-03 3.451953503766256472e+04
2.148489389979069391e-03 3.455765612001865520e+04
2.151459986366549733e-03 3.459580639692393743e+04
2.154434690031884272e-03 3.463398585468960664e+04
2.157413506653980007e-03 3.467219447952164774e+04
2.160396441919592691e-03 3.471043225752009312e+04
2.163383501523342446e-03 3.474869917467902269e+04
2.166374691167717234e-03 3.478699521688670211e+04
2.169370016563096273e-03 3.482532036992488429e+04
2.172369483427751338e-03 3.486367461946894764e+04
2.175373097487861077e-03 3.490205795108782331e+04
2.178380864477521411e-03 3.494047035024339129e+04
2.181392790138755953e-03 3.497891180229074234e+04
2.184408880221528140e-03 3.501738229247758863e+04
2.187429140483750784e-03 3.505588180594446749e+04
2.190453576691298639e-03 3.509441032772426843e+04
2.193482194618018386e-03 3.513296784274226957e+04
2.196515000045739033e-03 3.517155433581559919e+04
2.199551998764285796e-03 3.521016979165359226e+04
2.202593196571489206e-03 3.524881419485726656e+04
2.205638599273190316e-03 3.528748752991879155e+04
2.208688212683264981e-03 3.532618978122220869e+04
2.211742042623624296e-03 3.536492093304254377e+04
2.214800094924231511e-03 3.540368096954569774e+04
2.217862375423104195e-03 3.544246987478857045e+04
2.220928889966338523e-03 3.548128763271862408e+04
2.223999644408111015e-03 3.552013422717358480e+04
2.227074644610692843e-03 3.555900964188182115e+04
2.230153896444461107e-03 3.559791386046140542e+04
2.233237405787908379e-03 3.563684686642063025e+04
2.236325178527656145e-03 3.567580864315731014e+04
2.239417220558463911e-03 3.571479917395873781e+04
2.242513537783243083e-03 3.575381844200174964e+04
2.245614136113065207e-03 3.579286643035242741e+04
2.248719021467174978e-03 3.583194312196539249e+04
2.251828199773002817e-03 3.587104849968457711e+04
2.254941676966174414e-03 3.591018254624231486e+04
2.258059458990518097e-03 3.594934524425934796e+04
2.261181551798085217e-03 3.598853657624484913e+04
2.264307961349154921e-03 3.602775652459586854e+04
2.267438693612251061e-03 3.606700507159754488e+04
2.270573754564140460e-03 3.610628219942256692e+04
2.273713150189862406e-03 3.614558789013146452e+04
2.276856886482728649e-03 3.618492212567171373e+04
2.280004969444337278e-03 3.622428488787824608e+04
2.283157405084584868e-03 3.626367615847304114e+04
2.286314199421676449e-03 3.630309591906461719e+04
2.289475358482139823e-03 3.634254415114858421e+04
2.292640888300834234e-03 3.638202083610650152e+04
2.295810794920962947e-03 3.642152595520646719e+04
2.298985084394084954e-03 3.646105948960268142e+04
2.302163762780127122e-03 3.650062142033539567e+04
2.305346836147395898e-03 3.654021172833033779e+04
2.308534310572582515e-03 3.657983039439874119e+04
2.311726192140786413e-03 3.661947739923766494e+04
2.314922486945518703e-03 3.665915272326496051e+04
2.318123201088716483e-03 3.669885634583218052e+04
2.321328340680748909e-03 3.673858824582905072e+04
2.324537911840438877e-03 3.677834840202327905e+04
2.327751920695067360e-03 3.681813679306056292e+04
2.330970373380388590e-03 3.685795339746513491e+04
2.334193276040638296e-03 3.689779819363798742e+04
2.337420634828548879e-03 3.693767115985856799e+04
2.340652455905359395e-03 3.697757227428347687e+04
2.343888745440827689e-03 3.701750151494636521e+04
2.347129509613242546e-03 3.705745885975813144e+04
2.350374754609434094e-03 3.709744428650635382e+04
2.353624486624787248e-03 3.713745777285526856e+04
2.356878711863253859e-03 3.717749929634569708e+04
2.360137436537364849e-03 3.721756883439459489e+04
2.363400666868233253e-03 3.725766636429500795e+04
2.366668409085582840e-03 3.729779186321599263e+04
2.369940669427746376e-03 3.733794530820205546e+04
2.373217454141686011e-03 3.737812667617347324e+04
2.376498769482992841e-03 3.741833594392607483e+04
2.379784621715914667e-03 3.745857308813008422e+04
2.383075017113359031e-03 3.749883808533121191e+04
2.386369961956905789e-03 3.753913091195000743e+04
2.389669462536819691e-03 3.757945154428140813e+04
2.392973525152063824e-03 3.761979995849473926e+04
2.396282156110309588e-03 3.766017613063361205e+04
2.399595361727949704e-03 3.770058003661545808e+04
2.402913148330110792e-03 3.774101165223206772e+04
2.406235522250664647e-03 3.778147095314830949e+04
2.409562489832239949e-03 3.782195791490275587e+04
2.412894057426238307e-03 3.786247251290721033e+04
2.416230231392835128e-03 3.790301472244678735e+04
2.419571018101007373e-03 3.794358451867914118e+04
2.422916423928534856e-03 3.798418187663496064e+04
2.426266455262016727e-03 3.802480677121745248e+04
2.429621118496884044e-03 3.806545917720184661e+04
2.432980420037404116e-03 3.810613906923597096e+04
2.436344366296704783e-03 3.814684642183940741e+04
2.439712963696780493e-03 3.818758120940358640e+04
2.443086218668503572e-03 3.822834340619178693e+04
2.446464137651638109e-03 3.826913298633836530e+04
2.449846727094852957e-03 3.830994992384898069e+04
2.453233993455732585e-03 3.835079419260062423e+04
2.456625943200790082e-03 3.839166576634093508e+04
2.460022582805478867e-03 3.843256461868865881e+04
2.463423918754207003e-03 3.847349072313238139e+04
2.466829957540346303e-03 3.851444405303158419e+04
2.470240705666251410e-03 3.855542458161571267e+04
2.473656169643257199e-03 3.859643228198432189e+04
2.477076355991711300e-03 3.863746712710656720e+04
2.480501271240973232e-03 3.867852908982149529e+04
2.483930921929432181e-03 3.871961814283725835e+04
2.487365314604510907e-03 3.876073425873139786e+04
2.490804455822692200e-03 3.880187740995080821e+04
2.494248352149521473e-03 3.884304756881087087e+04
2.497697010159622387e-03 3.888424470749602915e+04
2.501150436436708983e-03 3.892546879805892240e+04
2.504608637573596964e-03 3.896671981242082984e+04
2.508071620172219306e-03 3.900799772237105935e+04
2.511539390843636234e-03 3.904930249956707848e+04
2.515011956208048662e-03 3.909063411553395417e+04
2.518489322894810773e-03 3.913199254166455648e+04
2.521971497542443898e-03 3.917337774921905657e+04
2.525458486798646488e-03 3.921478970932542143e+04
2.528950297320311461e-03 3.925622839297803148e+04
2.532446935773529240e-03 3.929769377102395083e+04
2.535948408833613773e-03 3.933918581331616588e+04
2.539454723185105567e-03 3.938070448824777850e+04
2.542965885521791206e-03 3.942224976395604608e+04
2.546481902546703785e-03 3.946382160843469319e+04
2.550002780972152831e-03 3.950541998953419534e+04
2.553528527519725606e-03 3.954704487496066577e+04
2.557059148920302286e-03 3.958869623227604461e+04
2.560594651914070274e-03 3.963037402889823716e+04
2.564135043250536337e-03 3.967207823210057541e+04
2.567680329688539192e-03 3.971380880901156343e+04
2.571230517996262507e-03 3.975556572661509563e+04
2.574785614951247917e-03 3.979734895174951089e+04
2.578345627340408036e-03 3.983915845110846567e+04
2.581910561960039461e-03 3.988099419123966072e+04
2.585480425615837956e-03 3.992285613854565599e+04
2.589055225122902353e-03 3.996474425928291021e+04
2.592634967305760142e-03 4.000665851956150436e+04
2.596219658998374404e-03 4.004859888534626225e+04
2.599809307044155526e-03 4.009056532245468406e+04
2.603403918295979416e-03 4.013255779655835067e+04
2.607003499616188363e-03 4.017457627318149025e+04
2.610608057876621837e-03 4.021662071770197508e+04
2.614217599958616918e-03 4.025869109535011376e+04
2.617832132753025644e-03 4.030078737120933511e+04
2.621451663160227590e-03 4.034290951021490764e+04
2.625076198090142872e-03 4.038505747715492907e+04
2.628705744462246467e-03 4.042723123666975152e+04
2.632340309205579050e-03 4.046943075325113023e+04
2.635979899258762606e-03 4.051165599124312575e+04
2.639624521570013444e-03 4.055390691484088893e+04
2.643274183097153035e-03 4.059618348809133022e+04
2.646928890807626663e-03 4.063848567489241395e+04
2.650588651678506026e-03 4.068081343899315834e+04
2.654253472696515691e-03 4.072316674399355543e+04
2.657923360858039166e-03 4.076554555334398901e+04
2.661598323169135812e-03 4.080794983034561301e+04
2.665278366645543878e-03 4.085037953814967477e+04
2.668963498312709130e-03 4.089283463975768245e+04
2.672653725205789178e-03 4.093531509802110668e+04
2.676349054369669099e-03 4.097782087564109679e+04
2.680049492858973571e-03 4.102035193516833533e+04
2.683755047738081625e-03 4.106290823900325631e+04
2.687465726081140517e-03 4.110548974939488107e+04
2.691181534972077009e-03 4.114809642844193149e+04
2.694902481504614280e-03 4.119072823809173133e+04
2.698628572782282332e-03 4.123338514014027169e+04
2.702359815918432741e-03 4.127606709623202187e+04
2.706096218036253397e-03 4.131877406785992207e+04
2.709837786268783251e-03 4.136150601636515057e+04
2.713584527758914483e-03 4.140426290293660713e+04
2.717336449659425029e-03 4.144704468861136411e+04
2.721093559132979015e-03 4.148985133427390247e+04
2.724855863352146704e-03 4.153268280065596628e+04
2.728623369499408400e-03 4.157553904833696288e+04
2.732396084767181772e-03 4.161842003774356272e+04
2.736174016357827057e-03 4.166132572914849879e+04
2.739957171483663103e-03 4.170425608267245843e+04
2.743745557366980385e-03 4.174721105828214058e+04
2.747539181240055747e-03 4.179019061579023401e+04
2.751338050345164543e-03 4.183319471485672693e+04
2.755142171934597123e-03 4.187622331498678977e+04
2.758951553270670102e-03 4.191927637553183013e+04
2.762766201625741977e-03 4.196235385568912898e+04
2.766586124282225702e-03 4.200545571450149146e+04
2.770411328532606035e-03 4.204858191085695580e+04
2.774241821679443443e-03 4.209173240331978013e+04
2.778077611035401854e-03 4.213490714903132903e+04
2.781918703923254299e-03 4.217810610439607990e+04
2.785765107675898522e-03 4.222132922565218905e+04
2.789616829636373894e-03 4.226457646887402370e+04
2.793473877157863581e-03 4.230784778997220565e+04
2.797336257603726638e-03 4.235114314469322562e+04
2.801203978347499741e-03 4.239446248861931235e+04
2.805077046772915406e-03 4.243780577716818516e+04
2.808955470273913693e-03 4.248117296559336683e+04
2.812839256254659991e-03 4.252456400898296852e+04
2.816728412129554555e-03 4.256797886226055562e+04
2.820622945323251595e-03 4.261141748018447106e+04
2.824522863270668808e-03 4.265487981734776258e+04
2.828428173417004733e-03 4.269836582817808085e+04
2.832338883217752623e-03 4.274187546693735931e+04
2.836255000138715628e-03 4.278540868772162503e+04
2.840176531656011128e-03 4.282896544446106418e+04
2.844103485256102831e-03 4.287254569091964368e+04
2.848035868435802066e-03 4.291614938069489290e+04
2.851973688702287742e-03 4.295977646721801284e+04
2.855916953573111108e-03 4.300342690375335951e+04
2.859865670576225687e-03 4.304710064339883684e+04
2.863819847249990305e-03 4.309079763908448513e+04
2.867779491143187306e-03 4.313451784357433644e+04
2.871744609815035133e-03 4.317826120946396986e+04
2.875715210835205673e-03 4.322202768918192305e+04
2.879691301783835096e-03 4.326581723498959764e+04
2.883672890251541641e-03 4.330962979897945479e+04
2.887659983839438622e-03 4.335346533307672507e+04
2.891652590159147444e-03 4.339732378903806239e+04
2.895650716832815375e-03 4.344120511845200963e+04
2.899654371493128133e-03 4.348510927273878042e+04
2.903663561783326793e-03 4.352903620314949512e+04
2.907678295357211690e-03 4.357298586076639185e+04
2.911698579879175384e-03 4.361695819650324120e+04
2.915724423024204388e-03 4.366095316110419662e+04
2.919755832477898688e-03 4.370497070514440566e+04
2.923792815936476948e-03 4.374901077902945690e+04
2.927835381106807730e-03 4.379307333299483435e+04
2.931883535706412969e-03 4.383715831710676866e+04
2.935937287463483581e-03 4.388126568126162601e+04
2.939996644116897682e-03 4.392539537518532597e+04
2.944061613416232293e-03 4.396954734843337792e+04
2.948132203121779822e-03 4.401372155039131758e+04
2.952208421004562378e-03 4.405791793027387757e+04
2.956290274846346509e-03 4.410213643712495832e+04
2.960377772439657957e-03 4.414637701981772989e+04
2.964470921587797261e-03 4.419063962705415179e+04
2.968569730104857109e-03 4.423492420736514032e+04
2.972674205815724943e-03 4.427923070911009563e+04
2.976784356556115910e-03 4.432355908047714911e+04
2.980900190172577641e-03 4.436790926948237757e+04
2.985021714522504994e-03 4.441228122397050902e+04
2.989148937474160432e-03 4.445667489161400590e+04
2.993281866906677500e-03 4.450109021991328336e+04
2.997420510710090743e-03 4.454552715619642549e+04
3.001564876785342648e-03 4.458998564761933812e+04
3.005714973044298823e-03 4.463446564116513036e+04
3.009870807409764908e-03 4.467896708364420192e+04
3.014032387815500022e-03 4.472348992169449775e+04
3.018199722206233674e-03 4.476803410178032209e+04
3.022372818537680077e-03 4.481259957019316062e+04
3.026551684776552890e-03 4.485718627305144037e+04
3.030736328900580836e-03 4.490179415629975847e+04
3.034926758898523740e-03 4.494642316570576804e+04
3.039122982770189885e-03 4.499107324643470929e+04
3.043325008526438172e-03 4.503574434265479067e+04
3.047532844189214125e-03 4.508043639826276194e+04
3.051746497791551615e-03 4.512514935697530018e+04
3.055965977377594119e-03 4.516988316232935176e+04
3.060191291002597319e-03 4.521463775768232153e+04
3.064422446732964662e-03 4.525941308621190547e+04
3.068659452646249966e-03 4.530420909091500653e+04
3.072902316831173895e-03 4.534902571460924810e+04
3.077151047387641745e-03 4.539386289993109676e+04
3.081405652426758620e-03 4.543872058933681546e+04
3.085666140070843309e-03 4.548359872510185960e+04
3.089932518453446068e-03 4.552849724932129902e+04
3.094204795719361634e-03 4.557341610390885035e+04
3.098482980024647431e-03 4.561835523059740080e+04
3.102767079536636590e-03 4.566331457093815698e+04
3.107057102433955290e-03 4.570829406630185258e+04
3.111353056906541840e-03 4.575329365787707502e+04
3.115654951155647553e-03 4.579831328667057096e+04
3.119962793393872731e-03 4.584335289350811217e+04
3.124276591845170578e-03 4.588841241903294576e+04
3.128596354744867577e-03 4.593349180370643444e+04
3.132922090339667395e-03 4.597859098780811473e+04
3.137253806887685143e-03 4.602370991143458377e+04
3.141591512658451282e-03 4.606884851450064161e+04
3.145935215932929834e-03 4.611400673673830897e+04
3.150284925003534863e-03 4.615918451769665990e+04
3.154640648174145221e-03 4.620438179674236017e+04
3.159002393760121027e-03 4.624959851305872144e+04
3.163370170088320582e-03 4.629483460564646521e+04
3.167743985497113810e-03 4.634009001332255139e+04
3.172123848336401344e-03 4.638536467472117511e+04
3.176509766967627532e-03 4.643065852829266805e+04
3.180901749763801259e-03 4.647597151230402960e+04
3.185299805109498544e-03 4.652130356483822106e+04
3.189703941400897236e-03 4.656665462379463133e+04
3.194114167045782656e-03 4.661202462688886590e+04
3.198530490463567105e-03 4.665741351165212109e+04
3.202952920085293774e-03 4.670282121543156973e+04
3.207381464353674036e-03 4.674824767539016466e+04
3.211816131723088316e-03 4.679369282850599120e+04
3.216256930659606907e-03 4.683915661157318391e+04
3.220703869641005149e-03 4.688463896120079880e+04
3.225156957156780774e-03 4.693013981381332997e+04
3.229616201708168655e-03 4.697565910565006925e+04
3.234081611808159017e-03 4.702119677276568837e+04
3.238553195981511753e-03 4.706675275102957676e+04
3.243030962764773331e-03 4.711232697612560878e+04
3.247514920706293280e-03 4.715791938355291495e+04
3.252005078366241100e-03 4.720352990862446313e+04
3.256501444316624479e-03 4.724915848646782979e+04
3.261004027141293626e-03 4.729480505202554923e+04
3.265512835435977271e-03 4.734046954005330190e+04
3.270027877808285265e-03 4.738615188512174063e+04
3.274549162877731564e-03 4.743185202161503548e+04
3.279076699275739436e-03 4.747756988373130298e+04
3.283610495645674851e-03 4.752330540548260615e+04
3.288150560642851689e-03 4.756905852069432149e+04
3.292696902934551251e-03 4.761482916300592478e+04
3.297249531200037876e-03 4.766061726586997975e+04
3.301808454130577587e-03 4.770642276255244360e+04
3.306373680429451969e-03 4.775224558613233239e+04
3.310945218811976384e-03 4.779808566950249951e+04
3.315523078005516884e-03 4.784394294536810048e+04
3.320107266749506691e-03 4.788981734624750243e+04
3.324697793795461376e-03 4.793570880436497100e+04
3.329294667906997508e-03 4.798161725069956447e+04
3.333897897859851734e-03 4.802754261543724715e+04
3.338507492441885119e-03 4.807348482856355986e+04
3.343123460453117403e-03 4.811944381986913504e+04
3.347745810705734810e-03 4.816541951895008242e+04
3.352374552024108695e-03 4.821141185520834551e+04
3.357009693244802917e-03 4.825742075785115594e+04
3.361651243216608534e-03 4.830344615589105524e+04
3.366299210800547705e-03 4.834948797814556747e+04
3.370953604869894940e-03 4.839554615323751204e+04
3.375614434310193149e-03 4.844162060959462542e+04
3.380281708019270120e-03 4.848771127544969931e+04
3.384955434907257164e-03 4.853381807884010777e+04
3.389635623896604302e-03 4.857994094760811277e+04
3.394322283922098903e-03 4.862607980940071138e+04
3.399015423930881307e-03 4.867223459166908287e+04
3.403715052882462597e-03 4.871840522166931623e+04
3.408421179748745856e-03 4.876459162646150799e+04
3.413133813514027462e-03 4.881079373291006777e+04
3.417852963175037860e-03 4.885701146768400940e+04
3.422578637740941992e-03 4.890324475725596130e+04
3.427310846233364884e-03 4.894949352790293051e+04
3.432049597686395986e-03 4.899575770570553868e+04
3.436794901146624729e-03 4.904203721654885885e+04
3.441546765673146168e-03 4.908833198612092383e+04
3.446305200337580060e-03 4.913464193991432694e+04
3.451070214224090382e-03 4.918096700322476681e+04
3.455841816429399208e-03 4.922730710115152760e+04
3.460620016062807957e-03 4.927366215859778458e+04
3.465404822246212144e-03 4.932003210026943270e+04
3.470196244114120022e-03 4.936641685067641811e+04
3.474994290813668632e-03 4.941281633413147210e+04
3.479798971504644185e-03 4.945923047475081694e+04
3.484610295359495506e-03 4.950565919645359827e+04
3.489428271563358320e-03 4.955210242296201613e+04
3.494252909314057853e-03 4.959856007780107029e+04
3.499084217822145699e-03 4.964503208429913502e+04
3.503922206310906753e-03 4.969151836558740615e+04
3.508766884016380466e-03 4.973801884459934809e+04
3.513618260187366914e-03 4.978453344407149416e+04
3.518476344085464096e-03 4.983106208654311195e+04
3.523341144985071404e-03 4.987760469435565028e+04
3.528212672173412171e-03 4.992416118965384521e+04
3.533090934950551022e-03 4.997073149438395922e+04
3.537975942629410352e-03 5.001731553029545466e+04
3.542867704535789409e-03 5.006391321893998247e+04
3.547766230008381639e-03 5.011052448167077819e+04
3.552671528398792470e-03 5.015714923964456102e+04
3.557583609071557525e-03 5.020378741381916916e+04
3.562502481404160402e-03 5.025043892495504406e+04
3.567428154787050023e-03 5.029710369361459743e+04
3.572360638623662751e-03 5.034378164016264054e+04
3.577299942330425427e-03 5.039047268476562022e+04
3.582246075336796131e-03 5.043717674739145150e+04
3.587199047085265491e-03 5.048389374781085644e+04
3.592158867031384865e-03 5.053062360559592344e+04
3.597125544643767214e-03 5.057736624012055836e+04
3.602099089404129165e-03 5.062412157056048454e+04
3.607079510807292746e-03 5.067088951589315548e+04
3.612066818361208374e-03 5.071766999489740556e+04
3.617061021586972201e-03 5.076446292615433049e+04
3.622062130018845194e-03 5.081126822804571566e+04
3.627070153204270050e-03 5.085808581875568052e+04
3.632085100703891147e-03 5.090491561626961629e+04
3.637106982091571020e-03 5.095175753836928925e+04
3.642135806954409881e-03 5.099861150120392267e+04
3.647171584892763396e-03 5.104547741725933884e+04
3.652214325520264804e-03 5.109235519829364785e+04
3.657264038463827957e-03 5.113924475584734319e+04
3.662320733363689813e-03 5.118614600124122080e+04
3.667384419873410874e-03 5.123305884557826357e+04
3.672455107659904246e-03 5.127998319974241895e+04
3.677532806403436497e-03 5.132691897439931199e+04
3.682617525797671036e-03 5.137386607999522676e+04
3.687709275549669839e-03 5.142082442675798666e+04
3.692808065379916006e-03 5.146779392469673621e+04
3.697913905022332838e-03 5.151477448360133712e+04
3.703026804224302491e-03 5.156176601304348878e+04
3.708146772746683754e-03 5.160876842237498204e+04
3.713273820363831561e-03 5.165578162072965642e+04
3.718407956863615214e-03 5.170280551702174853e+04
3.723549192047437024e-03 5.174984001994668506e+04
3.728697535730251394e-03 5.179688503798076999e+04
3.733852997740583473e-03 5.184394047938163567e+04
3.739015587920551265e-03 5.189100625218739151e+04
3.744185316125868673e-03 5.193808226421723521e+04
3.749362192225890161e-03 5.198516842307127081e+04
3.754546226103609458e-03 5.203226463613055967e+04
3.759737427655691650e-03 5.207937081055674207e+04
3.764935806792471442e-03 5.212648685329278669e+04
3.770141373437998697e-03 5.217361267106200830e+04
3.775354137530040604e-03 5.222074817036892637e+04
3.780574109020105097e-03 5.226789325749821000e+04
3.785801297873459068e-03 5.231504783851646062e+04
3.791035714069148320e-03 5.236221181927012367e+04
3.796277367600014909e-03 5.240938510538644186e+04
3.801526268472719267e-03 5.245656760227399354e+04
3.806782426707756243e-03 5.250375921512205241e+04
3.812045852339475491e-03 5.255095984890018735e+04
3.817316555416100984e-03 5.259816940835913556e+04
3.822594545999750092e-03 5.264538779803030047e+04
3.827879834166455272e-03 5.269261492222598463e+04
3.833172430006170136e-03 5.273985068503877847e+04
3.838472343622810218e-03 5.278709499034293549e+04
3.843779585134257312e-03 5.283434774179273518e+04
3.849094164672386357e-03 5.288160884282374172e+04
3.854416092383069342e-03 5.292887819665205461e+04
3.859745378426218676e-03 5.297615570627480338e+04
3.865082032975790220e-03 5.302344127446965285e+04
3.870426066219806276e-03 5.307073480379551620e+04
3.875777488360376399e-03 5.311803619659199467e+04
3.881136309613714749e-03 5.316534535497947945e+04
3.886502540210161772e-03 5.321266218085936271e+04
3.891876190394203718e-03 5.325998657591407391e+04
3.897257270424489117e-03 5.330731844160680339e+04
3.902645790573852202e-03 5.335465767918190977e+04
3.908041761129330688e-03 5.340200418966455618e+04
3.913445192392188757e-03 5.344935787386113225e+04
3.918856094677923563e-03 5.349671863235909404e+04
3.924274478316303397e-03 5.354408636552650569e+04
3.929700353651379395e-03 5.359146097351339995e+04
3.935133731041504622e-03 5.363884235625030851e+04
3.940574620859344478e-03 5.368623041344885132e+04
3.946023033491918332e-03 5.373362504460264608e+04
3.951478979340601258e-03 5.378102614898589673e+04
3.956942468821151790e-03 5.382843362565420102e+04
3.962413512363727533e-03 5.387584737344470341e+04
3.967892120412909451e-03 5.392326729097593488e+04
3.973378303427719214e-03 5.397069327664774755e+04
3.978872071881637412e-03 5.401812522864111088e+04
3.984373436262628708e-03 5.406556304474572244e+04
3.989882407073157451e-03 5.411300662023200857e+04
3.995398994830209362e-03 5.416045584851472813e+04
4.000923210065310612e-03 5.420791062274164869e+04
4.006455063324553846e-03 5.425537083582746709e+04
4.011994565168600785e-03 5.430283638045435509e+04
4.017541726172727326e-03 5.435030714907179936e+04
4.023096556926826148e-03 5.439778303389657231e+04
4.028659068035437066e-03 5.444526392691298679e+04
4.034229270117748768e-03 5.449274971987275057e+04
4.039807173807646520e-03 5.454024030429512641e+04
4.045392789753712165e-03 5.458773557146739040e+04
4.050986128619253612e-03 5.463523541244361695e+04
4.056587201082318718e-03 5.468273971804652683e+04
4.062196017835722171e-03 5.473024837886643218e+04
4.067812589587061975e-03 5.477776128526078537e+04
4.073436927058741996e-03 5.482527832735644188e+04
4.079069040987988448e-03 5.487279939504692447e+04
4.084708942126876775e-03 5.492032437799454783e+04
4.090356641242346401e-03 5.496785316562982189e+04
4.096012149116229351e-03 5.501538564715101529e+04
4.101675476545251116e-03 5.506292171152542869e+04
4.107346634341078363e-03 5.511046124748821603e+04
4.113025633330323269e-03 5.515800414354341774e+04
4.118712484354565204e-03 5.520555028796348779e+04
4.124407198270379354e-03 5.525309956878965750e+04
4.130109785949339328e-03 5.530065187383173179e+04
4.135820258278061386e-03 5.534820709066888230e+04
4.141538626158211382e-03 5.539576510664846137e+04
4.147264900506527317e-03 5.544332580888766097e+04
4.152999092254841887e-03 5.549088908427242859e+04
4.158741212350101565e-03 5.553845481945767096e+04
4.164491271754390024e-03 5.558602290086854919e+04
4.170249281444946346e-03 5.563359321469887800e+04
4.176015252414188444e-03 5.568116564691205713e+04
4.181789195669730411e-03 5.572874008324172610e+04
4.187571122234410269e-03 5.577631640919113124e+04
4.193361043146305589e-03 5.582389451003260183e+04
4.199158969458747365e-03 5.587147427080976922e+04
4.204964912240359912e-03 5.591905557633528952e+04
4.210778882575067807e-03 5.596663831119283714e+04
4.216600891562125378e-03 5.601422235973607167e+04
4.222430950316119307e-03 5.606180760608900164e+04
4.228269069967018068e-03 5.610939393414625374e+04
4.234115261660173664e-03 5.615698122757365491e+04
4.239969536556348513e-03 5.620456936980760656e+04
4.245831905831737134e-03 5.625215824405505555e+04
4.251702380677985227e-03 5.629974773329449818e+04
4.257580972302213093e-03 5.634733772027583473e+04
4.263467691927037319e-03 5.639492808751995472e+04
4.269362550790589857e-03 5.644251871731935535e+04
4.275265560146543180e-03 5.649010949173849804e+04
4.281176731264127629e-03 5.653770029261310265e+04
4.287096075428154830e-03 5.658529100155115884e+04
4.293023603939046320e-03 5.663288149993290426e+04
4.298959328112830942e-03 5.668047166891000234e+04
4.304903259281200358e-03 5.672806138940769597e+04
4.310855408791506443e-03 5.677565054212275572e+04
4.316815788006797723e-03 5.682323900752490590e+04
4.322784408305819365e-03 5.687082666585681000e+04
4.328761281083061754e-03 5.691841339713421621e+04
4.334746417748765700e-03 5.696599908114571008e+04
4.340739829728949319e-03 5.701358359745348571e+04
4.346741528465427988e-03 5.706116682539289468e+04
4.352751525415836896e-03 5.710874864407312270e+04
4.358769832053652725e-03 5.715632893237633834e+04
4.364796459868218806e-03 5.720390756794446497e+04
4.370831420364759863e-03 5.725148442508926382e+04
4.376874725064410637e-03 5.729905937729452125e+04
4.382926385504235835e-03 5.734663229780113033e+04
4.388986413237255281e-03 5.739420305961082340e+04
4.395054819832448258e-03 5.744177153548334900e+04
4.401131616874806411e-03 5.748933759793840727e+04
4.407216815965331151e-03 5.753690111925521342e+04
4.413310428721067477e-03 5.758446197147230123e+04
4.419412466775123061e-03 5.763202002638857084e+04
4.425522941776679521e-03 5.767957515556276485e+04
4.431641865391039263e-03 5.772712723031487258e+04
4.437769249299625476e-03 5.777467612172398367e+04
4.443905105200016831e-03 5.782222170063094381e+04
4.450049444805962220e-03 5.786976383763713238e+04
4.456202279847408521e-03 5.791730240310505906e+04
4.462363622070520536e-03 5.796483726715907687e+04
4.468533483237702685e-03 5.801236829968450184e+04
4.474711875127625020e-03 5.805989537032838416e+04
4.480898809535241445e-03 5.810741834849997394e+04
4.487094298271813129e-03 5.815493710337112134e+04
4.493298353164938870e-03 5.820245150387525064e+04
4.499510986058556823e-03 5.824996141870904103e+04
4.505732208812993078e-03 5.829746671633202641e+04
4.511962033304969463e-03 5.834496726496608608e+04
4.518200471427633036e-03 5.839246293259714002e+04
4.524447535090561287e-03 5.843995358697471966e+04
4.530703236219811580e-03 5.848743909561132023e+04
4.536967586757926357e-03 5.853491932578435808e+04
4.543240598663960891e-03 5.858239414453495556e+04
4.549522283913505841e-03 5.862986341866883595e+04
4.555812654498708064e-03 5.867732701475620706e+04
4.562111722428297510e-03 5.872478479913276533e+04
4.568419499727606296e-03 5.877223663789901184e+04
4.574735998438594735e-03 5.881968239692089264e+04
4.581061230619872145e-03 5.886712194183035172e+04
4.587395208346718538e-03 5.891455513802470523e+04
4.593737943711114109e-03 5.896198185066827864e+04
4.600089448821759186e-03 5.900940194469159906e+04
4.606449735804083769e-03 5.905681528479158442e+04
4.612818816800295235e-03 5.910422173543204553e+04
4.619196703969387884e-03 5.915162116084480658e+04
4.625583409487168084e-03 5.919901342502868647e+04
4.631978945546265554e-03 5.924639839175029920e+04
4.638383324356182801e-03 5.929377592454456317e+04
4.644796558143297720e-03 5.934114588671482488e+04
4.651218659150892221e-03 5.938850814133255335e+04
4.657649639639177379e-03 5.943586255123852607e+04
4.664089511885316855e-03 5.948320897904241428e+04
4.670538288183446844e-03 5.953054728712388169e+04
4.676995980844702964e-03 5.957787733763202414e+04
4.683462602197244543e-03 5.962519899248600996e+04
4.689938164586272829e-03 5.967251211337513814e+04
4.696422680374061354e-03 5.971981656175943499e+04
4.702916161939979349e-03 5.976711219887061452e+04
4.709418621680497817e-03 5.981439888571016490e+04
4.715930072009243308e-03 5.986167648305255716e+04
4.722450525357000523e-03 5.990894485144328792e+04
4.728979994171740933e-03 5.995620385120021820e+04
4.735518490918653144e-03 6.000345334241375531e+04
4.742066028080144623e-03 6.005069318494698382e+04
4.748622618155897215e-03 6.009792323843566555e+04
4.755188273662870613e-03 6.014514336228990578e+04
4.761763007135330975e-03 6.019235341569279262e+04
4.768346831124873481e-03 6.023955325760191045e+04
4.774939758200450086e-03 6.028674274653533212e+04
4.781541800948389473e-03 6.033392173686193564e+04
4.788152971972422199e-03 6.038109007926456252e+04
4.794773283893707591e-03 6.042824762406059745e+04
4.801402749350853691e-03 6.047539422131864558e+04
4.808041380999943278e-03 6.052252972085993679e+04
4.814689191514564225e-03 6.056965397225775087e+04
4.821346193585811235e-03 6.061676682483785407e+04
4.828012399922341352e-03 6.066386812767951778e+04
4.834687823250379164e-03 6.071095772961500916e+04
4.841372476313749763e-03 6.075803547923126462e+04
4.848066371873882216e-03 6.080510122486777254e+04
4.854769522709866808e-03 6.085215481462061143e+04
4.861481941618456780e-03 6.089919609633873188e+04
4.868203641414098684e-03 6.094622491762790014e+04
4.874934634928957539e-03 6.099324112584910472e+04
4.881674935012940246e-03 6.104024456811910932e+04
4.888424554533719879e-03 6.108723509131142782e+04
4.895183506376762569e-03 6.113421254205619334e+04
4.901951803445349191e-03 6.118117676674123504e+04
4.908729458660601383e-03 6.122812761151122686e+04
4.915516484961506699e-03 6.127506492226974660e+04
4.922312895304942031e-03 6.132198854467817000e+04
4.929118702665704829e-03 6.136889832415690762e+04
4.935933920036516577e-03 6.141579410588584142e+04
4.942758560428076563e-03 6.146267573480396823e+04
4.949592636869071423e-03 6.150954305561111687e+04
4.956436162406205499e-03 6.155639591276695137e+04
4.963289150104205176e-03 6.160323415049215691e+04
4.970151613045877860e-03 6.165005761276906560e+04
4.977023564332113716e-03 6.169686614334178739e+04
4.983905017081918624e-03 6.174365958571574447e+04
4.990795984432435002e-03 6.179043778316026874e+04
4.997696479538971288e-03 6.183720057870679739e+04
5.004606515575022764e-03 6.188394781515090290e+04
5.011526105732301041e-03 6.193067933505121619e+04
5.018455263220756614e-03 6.197739498073195136e+04
5.025394001268603146e-03 6.202409459428129048e+04
5.032342333122346960e-03 6.207077801755267865e+04
5.039300272046813058e-03 6.211744509216597362e+04
5.046267831325150326e-03 6.216409565950653632e+04
5.053245024258892250e-03 6.221072956072630041e+04
5.060231864167956048e-03 6.225734663674527110e+04
5.067228364390679966e-03 6.230394672825028829e+04
5.074234538283831954e-03 6.235052967569579050e+04
5.081250399222660835e-03 6.239709531930583762e+04
5.088275960600903251e-03 6.244364349907293945e+04
5.095311235830817485e-03 6.249017405475874693e+04
5.102356238343202545e-03 6.253668682589552918e+04
5.109410981587429387e-03 6.258318165178566414e+04
5.116475479031464338e-03 6.262965837150236621e+04
5.123549744161895979e-03 6.267611682389056659e+04
5.130633790483958567e-03 6.272255684756648407e+04
5.137727631521559792e-03 6.276897828091972042e+04
5.144831280817305924e-03 6.281538096211190714e+04
5.151944751932529577e-03 6.286176472907865536e+04
5.159068058447315724e-03 6.290812941952927213e+04
5.166201213960513842e-03 6.295447487094725511e+04
5.173344232089789087e-03 6.300080092059151502e+04
5.180497126471630097e-03 6.304710740549596812e+04
5.187659910761385426e-03 6.309339416247117333e+04
5.194832598633268746e-03 6.313966102810352459e+04
5.202015203780415223e-03 6.318590783875677880e+04
5.209207739914887593e-03 6.323213443057180120e+04
5.216410220767709119e-03 6.327834063946820243e+04
5.223622660088885275e-03 6.332452630114401836e+04
5.230845071647435840e-03 6.337069124980257766e+04
5.238077469231416580e-03 6.341683531446050620e+04
5.245319866647947873e-03 6.346295832268711092e+04
5.252572277723239862e-03 6.350906010181189049e+04
5.259834716302619340e-03 6.355514047892270901e+04
5.267107196250556643e-03 6.360119928086909204e+04
5.274389731450693404e-03 6.364723633426056767e+04
5.281682335805868572e-03 6.369325146546837641e+04
5.288985023238132292e-03 6.373924450062581309e+04
5.296297807688796211e-03 6.378521526562896179e+04
5.303620703118445620e-03 6.383116358613705961e+04
5.310953723506972417e-03 6.387708928757331159e+04
5.318296882853580307e-03 6.392299219512552372e+04
5.325650195176846388e-03 6.396887213374598650e+04
5.333013674514725487e-03 6.401472892815315572e+04
5.340387334924582251e-03 6.406056240283165971e+04
5.347771190483214566e-03 6.410637238203352172e+04
5.355165255286887388e-03 6.415215868977739592e+04
5.362569543451353553e-03 6.419792114985078661e+04
5.369984069111883272e-03 6.424365958581000450e+04
5.377408846423291887e-03 6.428937382098022499e+04
5.384843889559964153e-03 6.433506367845738714e+04
5.392289212715883732e-03 6.438072898110756796e+04
5.399744830104666153e-03 6.442636955156900513e+04
5.407210755959561410e-03 6.447198521225080913e+04
5.414687004533514682e-03 6.451757578533552442e+04
5.422173590099175003e-03 6.456314109277881653e+04
5.429670526948929092e-03 6.460868095631062897e+04
5.437177829394908291e-03 6.465419519743500859e+04
5.444695511769049277e-03 6.469968363743161899e+04
5.452223588423101008e-03 6.474514609735564591e+04
5.459762073728653339e-03 6.479058239804007462e+04
5.467310982077168251e-03 6.483599236009406013e+04
5.474870327880004134e-03 6.488137580390511721e+04
5.482440125568448751e-03 6.492673254963921499e+04
5.490020389593740051e-03 6.497206241724249412e+04
5.497611134427098263e-03 6.501736522644048819e+04
5.505212374559751050e-03 6.506264079673915694e+04
5.512824124502963864e-03 6.510788894742717821e+04
5.520446398788065104e-03 6.515310949757414346e+04
5.528079211966479938e-03 6.519830226603343181e+04
5.535722578609738112e-03 6.524346707144110405e+04
5.543376513309531198e-03 6.528860373221807095e+04
5.551041030677722130e-03 6.533371206657052244e+04
5.558716145346380769e-03 6.537879189248991315e+04
5.566401871967791709e-03 6.542384302775415563e+04
5.574098225214515860e-03 6.546886528992871899e+04
5.581805219779395651e-03 6.551385849636688363e+04
5.589522870375587121e-03 6.555882246421024320e+04
5.597251191736589415e-03 6.560375701039035630e+04
5.604990198616275135e-03 6.564866195162828080e+04
5.612739905788913762e-03 6.569353710443674936e+04
5.620500328049203749e-03 6.573838228511944180e+04
5.628271480212298540e-03 6.578319730977280415e+04
5.636053377113836062e-03 6.582798199428632506e+04
5.643846033609966478e-03 6.587273615434355452e+04
5.651649464577380814e-03 6.591745960542280227e+04
5.659463684913344783e-03 6.596215216279729793e+04
5.667288709535705724e-03 6.600681364153671893e+04
5.675124553382951582e-03 6.605144385650871845e+04
5.682971231414223057e-03 6.609604262237716466e+04
5.690828758609345686e-03 6.614060975360563316e+04
5.698697149968841996e-03 6.618514506445665029e+04
5.706576420513991346e-03 6.622964836899306101e+04
5.714466585286837735e-03 6.627411948107853823e+04
5.722367659350220161e-03 6.631855821417717380e+04
5.730279657787807311e-03 6.636296437614997558e+04
5.738202595704120987e-03 6.640733776876266347e+04
5.746136488224568191e-03 6.645167819325820892e+04
5.754081350495468886e-03 6.649598545065405779e+04
5.762037197684085482e-03 6.654025934174098074e+04
5.770004044978648862e-03 6.658449966708636202e+04
5.777981907588393938e-03 6.662870622703239496e+04
5.785970800743586544e-03 6.667287882169961813e+04
5.793970739695535575e-03 6.671701725098580937e+04
5.801981739716652840e-03 6.676112131456809584e+04
5.810003816100461731e-03 6.680519081190339057e+04
5.818036984161637122e-03 6.684922554222909093e+04
5.826081259236010577e-03 6.689322530456427194e+04
5.834136656680634532e-03 6.693718989771069027e+04
5.842203191873790967e-03 6.698111912025370111e+04
5.850280880215021767e-03 6.702501277056329127e+04
5.858369737125163415e-03 6.706887064679367177e+04
5.866469778046373013e-03 6.711269254688695946e+04
5.874581018442157770e-03 6.715647826857118343e+04
5.882703473797407101e-03 6.720022760936304985e+04
5.890837159618418639e-03 6.724394036656872777e+04
5.898982091432931202e-03 6.728761633728374727e+04
5.907138284790152544e-03 6.733125531839540054e+04
5.915305755260789715e-03 6.737485710658215976e+04
5.923484518437083755e-03 6.741842149831648567e+04
5.931674589932815767e-03 6.746194828986363427e+04
5.939875985383375433e-03 6.750543727728471276e+04
5.948088720445761889e-03 6.754888825643624295e+04
5.956312810798630557e-03 6.759230102297190751e+04
5.964548272142295750e-03 6.763567537234295742e+04
5.972795120198798324e-03 6.767901109979971079e+04
5.981053370711909151e-03 6.772230800039252790e+04
5.989323039447170746e-03 6.776556586897218949e+04
5.997604142191919827e-03 6.780878450019159936e+04
6.005896694755324602e-03 6.785196368850643921e+04
6.014200712968409065e-03 6.789510322817700217e+04
6.022516212684088550e-03 6.793820291326733422e+04
6.030843209777195756e-03 6.798126253764827561e+04
6.039181720144512835e-03 6.802428189499751898e+04
6.047531759704800891e-03 6.806726077880020603e+04
6.055893344398832062e-03 6.811019898235138680e+04
6.064266490189425089e-03 6.815309629875606333e+04
6.072651213061449650e-03 6.819595252092984447e+04
6.081047529021897484e-03 6.823876744160086673e+04
6.089455454099884993e-03 6.828154085331071110e+04
6.097875004346696610e-03 6.832427254841536342e+04
6.106306195835792608e-03 6.836696231908537447e+04
6.114749044662875881e-03 6.840960995730898867e+04
6.123203566945895418e-03 6.845221525489103806e+04
6.131669778825088804e-03 6.849477800345566357e+04
6.140147696463008238e-03 6.853729799444580567e+04
6.148637336044552627e-03 6.857977501912650769e+04
6.157138713776999679e-03 6.862220886858348968e+04
6.165651845890034524e-03 6.866459933372610249e+04
6.174176748635785278e-03 6.870694620528777887e+04
6.182713438288847327e-03 6.874924927382677561e+04
6.191261931146320625e-03 6.879150832972819626e+04
6.199822243527842655e-03 6.883372316320428217e+04
6.208394391775597966e-03 6.887589356429562031e+04
6.216978392254384096e-03 6.891801932287286036e+04
6.225574261351619378e-03 6.896010022863764607e+04
6.234182015477387172e-03 6.900213607112277532e+04
6.242801671064440207e-03 6.904412663969470304e+04
6.251433244568271701e-03 6.908607172355425428e+04
6.260076752467118831e-03 6.912797111173676967e+04
6.268732211262005236e-03 6.916982459147514601e+04
6.277399637476767033e-03 6.921163194165550522e+04
6.286079047658087518e-03 6.925339293843510677e+04
6.294770458375530120e-03 6.929510735778100207e+04
6.303473886221564425e-03 6.933677497547143139e+04
6.312189347811604338e-03 6.937839556709746830e+04
6.320916859784036709e-03 6.941996890806441661e+04
6.329656438800252555e-03 6.946149477359256707e+04
6.338408101544680019e-03 6.950297293871910369e+04
6.347171864724821672e-03 6.954440317829861306e+04
6.355947745071262311e-03 6.958578526700555813e+04
6.364735759337738358e-03 6.962711897933382716e+04
6.373535924301143053e-03 6.966840408960018249e+04
6.382348256761574169e-03 6.970964037194354751e+04
6.391172773542337475e-03 6.975082760032745136e+04
6.400009491490019596e-03 6.979196554854119313e+04
6.408858427474493219e-03 6.983305399020113691e+04
6.417719598388955254e-03 6.987409269875174505e+04
6.426593021149961532e-03 6.991508144746709149e+04
6.435478712697456291e-03 6.995602000945208420e+04
6.444376689994806007e-03 6.999690815764440049e+04
6.453286970028831483e-03 7.003774566481502552e+04
6.462209569809839946e-03 7.007853230356941640e+04
6.471144506371658868e-03 7.011926784635087824e+04
6.480091796771665462e-03 7.015995206543906534e+04
6.489051458090829179e-03 7.020058473295306612e+04
6.498023507433717781e-03 7.024116562085239275e+04
6.507007961928564996e-03 7.028169450093866908e+04
6.516004838727283525e-03 7.032217114485643106e+04
6.525014155005499743e-03 7.036259532409469830e+04
6.534035927962593589e-03 7.040296680998896773e+04
6.543070174821707247e-03 7.044328537372159190e+04
6.552116912829814531e-03 7.048355078632399091e+04
6.561176159257732163e-03 7.052376281867758371e+04
6.570247931400152730e-03 7.056392124151557800e+04
6.579332246575681983e-03 7.060402582542388700e+04
6.588429122126874399e-03 7.064407634084353049e+04
6.597538575420257463e-03 7.068407255807038746e+04
6.606660623846375910e-03 7.072401424725873221e+04
6.615795284819816005e-03 7.076390117842049222e+04
6.624942575779242844e-03 7.080373312142887153e+04
6.634102514187433311e-03 7.084350984601773962e+04
6.643275117531315978e-03 7.088323112178449810e+04
6.652460403321977175e-03 7.092289671819141950e+04
6.661658389094734720e-03 7.096250640456596739e+04
6.670869092409145718e-03 7.100205995010375045e+04
6.680092530849052537e-03 7.104155712386945379e+04
6.689328722022587145e-03 7.108099769479730458e+04
6.698577683562251771e-03 7.112038143169422983e+04
6.707839433124917171e-03 7.115970810324068589e+04
6.717113988391870336e-03 7.119897747799153149e+04
6.726401367068843978e-03 7.123818932437778858e+04
6.735701586886050363e-03 7.127734341070952360e+04
6.745014665598219467e-03 7.131643950517522171e+04
6.754340620984625003e-03 7.135547737584482820e+04
6.763679470849128655e-03 7.139445679066999583e+04
6.773031233020204364e-03 7.143337751748751907e+04
6.782395925350978225e-03 7.147223932401892671e+04
6.791773565719259713e-03 7.151104197787321755e+04
6.801164172027585920e-03 7.154978524654736975e+04
6.810567762203224157e-03 7.158846889742925123e+04
6.819984354198250012e-03 7.162709269779808528e+04
6.829413965989554296e-03 7.166565641482632782e+04
6.838856615578888139e-03 7.170415981558167550e+04
6.848312320992875138e-03 7.174260266702757508e+04
6.857781100283081611e-03 7.178098473588209890e+04
6.867262971526027007e-03 7.181930578269225953e+04
6.876757952823223802e-03 7.185756555970512272e+04
6.886266062301212194e-03 7.189576381846152071e+04
6.895787318111595669e-03 7.193390031037553854e+04
6.905321738431073088e-03 7.197197478673529986e+04
6.914869341461477720e-03 7.200998699870427663e+04
6.924430145429808468e-03 7.204793669732454873e+04
6.934004168588264565e-03 7.208582363351820095e+04
6.943591429214283732e-03 7.212364755808730843e+04
6.953191945610579482e-03 7.216140822171824402e+04
6.962805736105153256e-03 7.219910537498148915e+04
6.972432819051364687e-03 7.223673876833464601e+04
6.982073212827947205e-03 7.227430815212280140e+04
6.991726935839041868e-03 7.231181327658264490e+04
7.001394006514245066e-03 7.234925389184165397e+04
7.011074443308611993e-03 7.238662974792145542e+04
7.020768264702738175e-03 7.242394059473926609e+04
7.030475489202762072e-03 7.246118618210949353e+04
7.040196135340410187e-03 7.249836625974629715e+04
7.049930221673032620e-03 7.253548057726389379e+04
7.059677766783636031e-03 7.257252888418061775e+04
7.069438789280921807e-03 7.260951092991769838e+04
7.079213307799321619e-03 7.264642646380436781e+04
7.089001340999029517e-03 7.268327523507796286e+04
7.098802907566040959e-03 7.272005699288533651e+04
7.108618026212188377e-03 7.275677148628581199e+04
7.118446715675182807e-03 7.279341846425285621e+04
7.128288994718620826e-03 7.282999767567530216e+04
7.138144882132063489e-03 7.286650886935966264e+04
7.148014396731045862e-03 7.290295179403222573e+04
7.157897557357122999e-03 7.293932619834042271e+04
7.167794382877880344e-03 7.297563183085524361e+04
7.177704892187014400e-03 7.301186844007250329e+04
7.187629104204333597e-03 7.304803577441588277e+04
7.197567037875809461e-03 7.308413358223703108e+04
7.207518712173606977e-03 7.312016161181907228e+04
7.217484146096122752e-03 7.315611961137845356e+04
7.227463358668022309e-03 7.319200732906549820e+04
7.237456368940276517e-03 7.322782451296735962e+04
7.247463195990193688e-03 7.326357091111065529e+04
7.257483858921462937e-03 7.329924627146159764e+04
7.267518376864184546e-03 7.333485034192966123e+04
7.277566768974909860e-03 7.337038287036835391e+04
7.287629054436684656e-03 7.340584360457809817e+04
7.297705252459054347e-03 7.344123229230674042e+04
7.307795382278147248e-03 7.347654868125364010e+04
7.317899463156683250e-03 7.351179251907047001e+04
7.328017514384019791e-03 7.354696355336195847e+04
7.338149555276163132e-03 7.358206153169079334e+04
7.348295605175850752e-03 7.361708620157715632e+04
7.358455683452554824e-03 7.365203731050188071e+04
7.368629809502529916e-03 7.368691460590758652e+04
7.378818002748847686e-03 7.372171783520205645e+04
7.389020282641436781e-03 7.375644674575868703e+04
7.399236668657114928e-03 7.379110108492002473e+04
7.409467180299633172e-03 7.382568059999844991e+04
7.419711837099707101e-03 7.386018503827929089e+04
7.429970658615055873e-03 7.389461414702162438e+04
7.440243664430441252e-03 7.392896767346211709e+04
7.450530874157711841e-03 7.396324536481530231e+04
7.460832307435807421e-03 7.399744696827644657e+04
7.471147983930846552e-03 7.403157223102402349e+04
7.481477923336130043e-03 7.406562090022084885e+04
7.491822145372188657e-03 7.409959272301691817e+04
7.502180669786825615e-03 7.413348744655090559e+04
7.512553516355126998e-03 7.416730481606432295e+04
7.522940704879542417e-03 7.420104456468136050e+04
7.533342255189895420e-03 7.423470642071597103e+04
7.543758187143425123e-03 7.426829011243460991e+04
7.554188520624826979e-03 7.430179536806921533e+04
7.564633275546290940e-03 7.433522191581936204e+04
7.575092471847536153e-03 7.436856948385578289e+04
7.585566129495852593e-03 7.440183780032115465e+04
7.596054268486139224e-03 7.443502659333366319e+04
7.606556908840937832e-03 7.446813559098879341e+04
7.617074070610477254e-03 7.450116452136103180e+04
7.627605773872715017e-03 7.453411311250829021e+04
7.638152038733344272e-03 7.456698109247213870e+04
7.648712885325884871e-03 7.459976818928054126e+04
7.659288333811681629e-03 7.463247413095143565e+04
7.669878404379966777e-03 7.466509864549405756e+04
7.680483117247861695e-03 7.469764146091172006e+04
7.691102492660465383e-03 7.473010230520318146e+04
7.701736550890858797e-03 7.476248090636736015e+04
7.712385312240155159e-03 7.479477699240345100e+04
7.723048797037538118e-03 7.482699029131417046e+04
7.733727025640295578e-03 7.485912053110879788e+04
7.744420018433865668e-03 7.489116743980447063e+04
7.755127795831870570e-03 7.492313074542958930e+04
7.765850378276159018e-03 7.495501017602531647e+04
7.776587786236840993e-03 7.498680545964921475e+04
7.787340040212331095e-03 7.501851632437665830e+04
7.798107160729384965e-03 7.505014249830378685e+04
7.808889168343149598e-03 7.508168370954961574e+04
7.819686083637165941e-03 7.511313968625916459e+04
7.830497927223459970e-03 7.514451015660494159e+04
7.841324719742547023e-03 7.517579484879103256e+04
7.852166481863490782e-03 7.520699349105343572e+04
7.863023234283910215e-03 7.523810581166466000e+04
7.873894997730061102e-03 7.526913153893410345e+04
7.884781792956853386e-03 7.530007040121317550e+04
7.895683640747891072e-03 7.533092212689515145e+04
7.906600561915513858e-03 7.536168644441977085e+04
7.917532577300838773e-03 7.539236308227445988e+04
7.928479707773796598e-03 7.542295176899750368e+04
7.939441974233178712e-03 7.545345223318012722e+04
7.950419397606668312e-03 7.548386420346971136e+04
7.961411998850882049e-03 7.551418740857158264e+04
7.972419798951416864e-03 7.554442157725249126e+04
7.983442818922891621e-03 7.557456643834184797e+04
7.994481079808955781e-03 7.560462172073613328e+04
8.005534602682379611e-03 7.563458715339927585e+04
8.016603408645061116e-03 7.566446246536758554e+04
8.027687518828083291e-03 7.569424738575035008e+04
8.038786954391721057e-03 7.572394164373299282e+04
8.049901736525533202e-03 7.575354496858100174e+04
8.061031886448362382e-03 7.578305708964067162e+04
8.072177425408394100e-03 7.581247773634275654e+04
8.083338374683193134e-03 7.584180663820500195e+04
8.094514755579739970e-03 7.587104352483410912e+04
8.105706589434477638e-03 7.590018812592911127e+04
8.116913897613349874e-03 7.592924017128424020e+04
8.128136701511839285e-03 7.595819939079078904e+04
8.139375022555014189e-03 7.598706551443989156e+04
8.150628882197563305e-03 7.601583827232518524e+04
8.161898301923840859e-03 7.604451739464655111e+04
8.173183303247916892e-03 7.607310261171183083e+04
8.184483907713577255e-03 7.610159365393800545e+04
8.195800136894427698e-03 7.612999025185761275e+04
8.207132012393885193e-03 7.615829213611800515e+04
8.218479555845252527e-03 7.618649903739441652e+04
8.229842788911716570e-03 7.621461067969899159e+04
8.241221733286438478e-03 7.624262677577350405e+04
8.252616410692569307e-03 7.627054703737267118e+04
8.264026842883293381e-03 7.629837117635243339e+04
8.275453051641871657e-03 7.632609890467328660e+04
8.286895058781683365e-03 7.635372993440319260e+04
8.298352886146269369e-03 7.638126397772054770e+04
8.309826555609372070e-03 7.640870074691792252e+04
8.321316089074977038e-03 7.643603995440281869e+04
8.332821508477356379e-03 7.646328131270337326e+04
8.344342835781105167e-03 7.649042453446995933e+04
8.355880092981193483e-03 7.651746933247837296e+04
8.367433302103008050e-03 7.654441541963277268e+04
8.379002485202362641e-03 7.657126250896870624e+04
8.390587664365595222e-03 7.659801031365639938e+04
8.402188861709569689e-03 7.662465854700407363e+04
8.413806099381740053e-03 7.665120692246033286e+04
8.425439399560153905e-03 7.667765515361676808e+04
8.437088784453551302e-03 7.670400295421257033e+04
8.448754276301371699e-03 7.673025003813701915e+04
8.460435897373800793e-03 7.675639611943119962e+04
8.472133669971817355e-03 7.678244091229299374e+04
8.483847616427236601e-03 7.680838413107949600e+04
8.495577759102744889e-03 7.683422549030912342e+04
8.507324120391955222e-03 7.685996470466599567e+04
8.519086722719438481e-03 7.688560148900339846e+04
8.530865588540771996e-03 7.691113555834404542e+04
8.542660740342581174e-03 7.693656662788761605e+04
8.554472200642591548e-03 7.696189441301036277e+04
8.566299991989635709e-03 7.698711862926889444e+04
8.578144136963748723e-03 7.701223899240490573e+04
8.590004658176180266e-03 7.703725521834642859e+04
8.601881578269448408e-03 7.706216702321283810e+04
8.613774919917353487e-03 7.708697412331509986e+04
8.625684705825071782e-03 7.711167623516268213e+04
8.637610958729164193e-03 7.713627307546402153e+04
8.649553701397626540e-03 7.716076436113010277e+04
8.661512956629936408e-03 7.718514980927886791e+04
8.673488747257093040e-03 7.720942913723776292e+04
8.685481096141667648e-03 7.723360206254546938e+04
8.697490026177834635e-03 7.725766830295740510e+04
8.709515560291428843e-03 7.728162757644744124e+04
8.721557721439981981e-03 7.730547960121219512e+04
8.733616532612767727e-03 7.732922409567306750e+04
8.745692016830845100e-03 7.735286077848043351e+04
8.757784197147110497e-03 7.737638936851624749e+04
8.769893096646313307e-03 7.739980958489746263e+04
8.782018738445139180e-03 7.742312114697904326e+04
8.794161145692234310e-03 7.744632377435803937e+04
8.806320341568257479e-03 7.746941718687643879e+04
8.818496349285890462e-03 7.749240110462340817e+04
8.830689192089936912e-03 7.751527524794012425e+04
8.842898893257331028e-03 7.753803933742214576e+04
8.855125476097193069e-03 7.756069309392252762e+04
8.867368963950869251e-03 7.758323623855595361e+04
8.879629380191976853e-03 7.760566849270163220e+04
8.891906748226452786e-03 7.762798957800540666e+04
8.904201091492598696e-03 7.765019921638529922e+04
8.916512433461115661e-03 7.767229713003309735e+04
8.928840797635164903e-03 7.769428304141819535e+04
8.941186207550399015e-03 7.771615667329099961e+04
8.953548686775012269e-03 7.773791774868599896e+04
8.965928258909794391e-03 7.775956599092509714e+04
8.978324947588142702e-03 7.778110112362176005e+04
8.990738776476154062e-03 7.780252287068266014e+04
9.003169769272640482e-03 7.782383095461773337e+04
9.015617949709191573e-03 7.784502508410475275e+04
9.028083341550176277e-03 7.786610496108536609e+04
9.040565968592853899e-03 7.788707028773463389e+04
9.053065854667375831e-03 7.790792076651303796e+04
9.065583023636842805e-03 7.792865610017270956e+04
9.078117499397349993e-03 7.794927599175956857e+04
9.090669305878028641e-03 7.796978014461667044e+04
9.103238467041101581e-03 7.799016826238982321e+04
9.115825006881917922e-03 7.801044004902899906e+04
9.128428949429006831e-03 7.803059520879466436e+04
9.141050318744117428e-03 7.805063344625890022e+04
9.153689138922270832e-03 7.807055446631052473e+04
9.166345434091810462e-03 7.809035797415874549e+04
9.179019228414414186e-03 7.811004367533739423e+04
9.191710546085191461e-03 7.812961127570684766e+04
9.204419411332698947e-03 7.814906048146029934e+04
9.217145848419001225e-03 7.816839099912592792e+04
9.229889881639681201e-03 7.818760253557028773e+04
9.242651535323940723e-03 7.820669479800399859e+04
9.255430833834610987e-03 7.822566749398371030e+04
9.268227801568209787e-03 7.824452033141686115e+04
9.281042462954984876e-03 7.826325301856474834e+04
9.293874842458964280e-03 7.828186526404782489e+04
9.306724964577999665e-03 7.830035677684705297e+04
9.319592853843813168e-03 7.831872726631030673e+04
9.332478534822049449e-03 7.833697644215474429e+04
9.345382032112313844e-03 7.835510401447067852e+04
9.358303370348229622e-03 7.837310969372568070e+04
9.371242574197474404e-03 7.839099319076887332e+04
9.384199668361846089e-03 7.840875421683411696e+04
9.397174677577264587e-03 7.842639248354417214e+04
9.410167626613881106e-03 7.844390770291368244e+04
9.423178540276086826e-03 7.846129958735512628e+04
9.436207443402575348e-03 7.847856784968038846e+04
9.449254360866354840e-03 7.849571220310560602e+04
9.462319317574857322e-03 7.851273236125607218e+04
9.475402338469935196e-03 7.852962803816799715e+04
9.488503448527934106e-03 7.854639894829444529e+04
9.501622672759731103e-03 7.856304480650709593e+04
9.514760036210779745e-03 7.857956532810244244e+04
9.527915563961169079e-03 7.859596022880430974e+04
9.541089281125663540e-03 7.861222922476791427e+04
9.554281212853746319e-03 7.862837203258377849e+04
9.567491384329683546e-03 7.864438836928206729e+04
9.580719820772552048e-03 7.866027795233619690e+04
9.593966547436305267e-03 7.867604049966666207e+04
9.607231589609818365e-03 7.869167572964512510e+04
9.620514972616909036e-03 7.870718336109840311e+04
9.633816721816429451e-03 7.872256311331196048e+04
9.647136862602292279e-03 7.873781470603472553e+04
9.660475420403526192e-03 7.875293785948269942e+04
9.673832420684289751e-03 7.876793229434147361e+04
9.687207888943984158e-03 7.878279773177312745e+04
9.700601850717248051e-03 7.879753389341708680e+04
9.714014331574035571e-03 7.881214050139667233e+04
9.727445357119645850e-03 7.882661727832104953e+04
9.740894952994788927e-03 7.884096394729046733e+04
9.754363144875620451e-03 7.885518023189996893e+04
9.767849958473800651e-03 7.886926585624224390e+04
9.781355419536539447e-03 7.888322054491401650e+04
9.794879553846645021e-03 7.889704402301789378e+04
9.808422387222574118e-03 7.891073601616690576e+04
9.821983945518492770e-03 7.892429625048885646e+04
9.835564254624281494e-03 7.893772445263064583e+04
9.849163340465649785e-03 7.895102034972615365e+04
9.862781229004143058e-03 7.896418366386643902e+04
9.876417946237208562e-03 7.897721410597799695e+04
9.890073518198214467e-03 7.899011138603903237e+04
9.903747970956548741e-03 7.900287521455307433e+04
9.917441330617636497e-03 7.901550530255550984e+04
9.931153623322998975e-03 7.902800136161674163e+04
9.944884875250298642e-03 7.904036310384731041e+04
9.958635112613392973e-03 7.905259024190138734e+04
9.972404361662386488e-03 7.906468248898201273e+04
9.986192648683674122e-03 7.907663955884434108e+04
1.000000000000000021e-02 7.908846116580147645e+04
1.001382644197050011e-02 7.910014702472748468e+04
1.002767200099076612e-02 7.911169685106286488e+04
1.004153670349285619e-02 7.912311036081741622e+04
1.005542057594540489e-02 7.913438727057623328e+04
1.006932364485363385e-02 7.914552729750370781e+04
1.008324593675940725e-02 7.915653015934691939e+04
1.009718747824129605e-02 7.916739557444125239e+04
1.011114829591461262e-02 7.917812326171416498e+04
1.012512841643146977e-02 7.918871294068881252e+04
1.013912786648084492e-02 7.919916433149094519e+04
1.015314667278858357e-02 7.920947715485017397e+04
1.016718486211751205e-02 7.921965113210654818e+04
1.018124246126745312e-02 7.922968598521397507e+04
1.019531949707528327e-02 7.923958143674553139e+04
1.020941599641498471e-02 7.924933720989695576e+04
1.022353198619769740e-02 7.925895302849067957e+04
1.023766749337176769e-02 7.926842861698198249e+04
1.025182254492281592e-02 7.927776370046229567e+04
1.026599716787373988e-02 7.928695800466263609e+04
1.028019138928483109e-02 7.929601125596008205e+04
1.029440523625378863e-02 7.930492318138088740e+04
1.030863873591577641e-02 7.931369350860573468e+04
1.032289191544347520e-02 7.932232196597264556e+04
1.033716480204713642e-02 7.933080828248358739e+04
1.035145742297463763e-02 7.933915218780719442e+04
1.036576980551152244e-02 7.934735341228322068e+04
1.038010197698108032e-02 7.935541168692924839e+04
1.039445396474433965e-02 7.936332674344100815e+04
1.040882579620019607e-02 7.937109831420150294e+04
1.042321749878541599e-02 7.937872613228179398e+04
1.043762909997470248e-02 7.938620993144737440e+04
1.045206062728074210e-02 7.939354944616214198e+04
1.046651210825426566e-02 7.940074441159289563e+04
1.048098357048409673e-02 7.940779456361274060e+04
1.049547504159721416e-02 7.941469963880788418e+04
1.050998654925876068e-02 7.942145937447987671e+04
1.052451812117216785e-02 7.942807350865101034e+04
1.053906978507915260e-02 7.943454178006856819e+04
1.055364156875979696e-02 7.944086392821001937e+04
1.056823350003258805e-02 7.944703969328576932e+04
1.058284560675447870e-02 7.945306881624537345e+04
1.059747791682093265e-02 7.945895103878145164e+04
1.061213045816600080e-02 7.946468610333387915e+04
1.062680325876232124e-02 7.947027375309370109e+04
1.064149634662124068e-02 7.947571373200938979e+04
1.065620974979282660e-02 7.948100578478963871e+04
1.067094349636592450e-02 7.948614965690813551e+04
1.068569761446822204e-02 7.949114509460938280e+04
1.070047213226629768e-02 7.949599184491026972e+04
1.071526707796567092e-02 7.950068965560787183e+04
1.073008247981086134e-02 7.950523827528193942e+04
1.074491836608544928e-02 7.950963745329911762e+04
1.075977476511209320e-02 7.951388693981924735e+04
1.077465170525264068e-02 7.951798648579823202e+04
1.078954921490814234e-02 7.952193584205176739e+04
1.080446732251892118e-02 7.952573474981889012e+04
1.081940605656461774e-02 7.952938294469949324e+04
1.083436544556425421e-02 7.953288016300908930e+04
1.084934551807628308e-02 7.953622614187853469e+04
1.086434630269865129e-02 7.953942061926105816e+04
1.087936782806881927e-02 7.954246333393373061e+04
1.089441012286387032e-02 7.954535402550558501e+04
1.090947321580053135e-02 7.954809243442083243e+04
1.092455713563523015e-02 7.955067830196356226e+04
1.093966191116415611e-02 7.955311137026362121e+04
1.095478757122331746e-02 7.955539138229966920e+04
1.096993414468858292e-02 7.955751808190553857e+04
1.098510166047576841e-02 7.955949121377395932e+04
1.100029014754063013e-02 7.956131052346345678e+04
1.101549963487899290e-02 7.956297575739945751e+04
1.103073015152676410e-02 7.956448666288293316e+04
1.104598172655999778e-02 7.956584298809283064e+04
1.106125438909494503e-02 7.956704448209107795e+04
1.107654816828812158e-02 7.956809089482833224e+04
1.109186309333634948e-02 7.956898197714953858e+04
1.110719919347682300e-02 7.956971748079484678e+04
1.112255649798717452e-02 7.957029715840930294e+04
1.113793503618547634e-02 7.957072076354430465e+04
1.115333483743037764e-02 7.957098805066417845e+04
1.116875593112110626e-02 7.957109877514919208e+04
1.118419834669753810e-02 7.957105269330313604e+04
1.119966211364025604e-02 7.957084956235502614e+04
1.121514726147060034e-02 7.957048914046585560e+04
1.123065381975073447e-02 7.956997118673245132e+04
1.124618181808370067e-02 7.956929546119328006e+04
1.126173128611344249e-02 7.956846172483221744e+04
1.127730225352492448e-02 7.956746973958369927e+04
1.129289475004413915e-02 7.956631926833762554e+04
1.130850880543818326e-02 7.956501007494391524e+04
1.132414444951531166e-02 7.956354192421722109e+04
1.133980171212498923e-02 7.956191458194260485e+04
1.135548062315795692e-02 7.956012781487827306e+04
1.137118121254629063e-02 7.955818139076294028e+04
1.138690351026342210e-02 7.955607507831871044e+04
1.140264754632425506e-02 7.955380864725618449e+04
1.141841335078518614e-02 7.955138186828012113e+04
1.143420095374416724e-02 7.954879451309332217e+04
1.145001038534076629e-02 7.954604635440109996e+04
1.146584167575621926e-02 7.954313716591699631e+04
1.148169485521349613e-02 7.954006672236691520e+04
1.149756995397735633e-02 7.953683479949441971e+04
1.151346700235441126e-02 7.953344117406422447e+04
1.152938603069314331e-02 7.952988562386861304e+04
1.154532706938402910e-02 7.952616792773046473e+04
1.156129014885955847e-02 7.952228786550983205e+04
1.157727529959429007e-02 7.951824521810669103e+04
1.159328255210492417e-02 7.951403976746750413e+04
1.160931193695035127e-02 7.950967129658877093e+04
1.162536348473171971e-02 7.950513958952149551e+04
1.164143722609249296e-02 7.950044443137725466e+04
1.165753319171847040e-02 7.949558560833154479e+04
1.167365141233791745e-02 7.949056290762915160e+04
1.168979191872157077e-02 7.948537611758899584e+04
1.170595474168271283e-02 7.948002502760839707e+04
1.172213991207723092e-02 7.947450942816732277e+04
1.173834746080367267e-02 7.946882911083447107e+04
1.175457741880330843e-02 7.946298386827055947e+04
1.177082981706020423e-02 7.945697349423394189e+04
1.178710468660122516e-02 7.945079778358433396e+04
1.180340205849617422e-02 7.944445653228598530e+04
1.181972196385780091e-02 7.943794953604292823e+04
1.183606443384187419e-02 7.943127658804928069e+04
1.185242949964723444e-02 7.942443748202822462e+04
1.186881719251586635e-02 7.941743201283099188e+04
1.188522754373294577e-02 7.941025997644025483e+04
1.190166058462690558e-02 7.940292116997469566e+04
1.191811634656951037e-02 7.939541539169587486e+04
1.193459486097586154e-02 7.938774244100978831e+04
1.195109615930453270e-02 7.937990211847468163e+04
1.196762027305758175e-02 7.937189422580304381e+04
1.198416723378062203e-02 7.936371856586933427e+04
1.200073707306288477e-02 7.935537494271081232e+04
1.201732982253727808e-02 7.934686316153622465e+04
1.203394551388044416e-02 7.933818302872737695e+04
1.205058417881283914e-02 7.932933435184620612e+04
1.206724584909873825e-02 7.932031693963691941e+04
1.208393055654636943e-02 7.931113060203373607e+04
1.210063833300793236e-02 7.930177515016251709e+04
1.211736921037966618e-02 7.929225039634715358e+04
1.213412322060191013e-02 7.928255615411438339e+04
1.215090039565916435e-02 7.927269223819680337e+04
1.216770076758015573e-02 7.926265846453979611e+04
1.218452436843790211e-02 7.925245465030409105e+04
1.220137123034973833e-02 7.924208061387145426e+04
1.221824138547743244e-02 7.923153617484924325e+04
1.223513486602721863e-02 7.922082115407405945e+04
1.225205170424985626e-02 7.920993537361807830e+04
1.226899193244069229e-02 7.919887865679193055e+04
1.228595558293973586e-02 7.918765082815039204e+04
1.230294268813169993e-02 7.917625171349621087e+04
1.231995328044608456e-02 7.916468113988531695e+04
1.233698739235723242e-02 7.915293893563070742e+04
1.235404505638435478e-02 7.914102493030701589e+04
1.237112630509165818e-02 7.912893895475601312e+04
1.238823117108836525e-02 7.911668084109018673e+04
1.240535968702878404e-02 7.910425042269758706e+04
1.242251188561237230e-02 7.909164753424585797e+04
1.243968779958379810e-02 7.907887201168703905e+04
1.245688746173300582e-02 7.906592369226284791e+04
1.247411090489528897e-02 7.905280241450754693e+04
1.249135816195130061e-02 7.903950801825380768e+04
1.250862926582719560e-02 7.902604034463662538e+04
1.252592424949464101e-02 7.901239923609716061e+04
1.254324314597089242e-02 7.899858453638847277e+04
1.256058598831885469e-02 7.898459609057876514e+04
1.257795280964715129e-02 7.897043374505612883e+04
1.259534364311017812e-02 7.895609734753370867e+04
1.261275852190818850e-02 7.894158674705246813e+04
1.263019747928729661e-02 7.892690179398779583e+04
1.264766054853962846e-02 7.891204234005091712e+04
1.266514776300332532e-02 7.889700823829657747e+04
1.268265915606262180e-02 7.888179934312436671e+04
1.270019476114791525e-02 7.886641551028592221e+04
1.271775461173582124e-02 7.885085659688609303e+04
1.273533874134924297e-02 7.883512246138998307e+04
1.275294718355743546e-02 7.881921296362603607e+04
1.277057997197607840e-02 7.880312796478987730e+04
1.278823714026729348e-02 7.878686732744982874e+04
1.280591872213978320e-02 7.877043091554995044e+04
1.282362475134884300e-02 7.875381859441492998e+04
1.284135526169644277e-02 7.873703023075465171e+04
1.285911028703128414e-02 7.872006569266811130e+04
1.287688986124887330e-02 7.870292484964551113e+04
1.289469401829158174e-02 7.868560757257754449e+04
1.291252279214872081e-02 7.866811373375391122e+04
1.293037621685656086e-02 7.865044320724437421e+04
1.294825432649846994e-02 7.863259587412881956e+04
1.296615715520492949e-02 7.861457162121553847e+04
1.298408473715361236e-02 7.859637033683362824e+04
1.300203710656944352e-02 7.857799191072426038e+04
1.302001429772466946e-02 7.855943623404421669e+04
1.303801634493892588e-02 7.854070319937189925e+04
1.305604328257931220e-02 7.852179270070760685e+04
1.307409514506040378e-02 7.850270463348111662e+04
1.309217196684440108e-02 7.848343889455254248e+04
1.311027378244113833e-02 7.846399538221808325e+04
1.312840062640816680e-02 7.844437399621248187e+04
1.314655253335081722e-02 7.842457463771407492e+04
1.316472953792226751e-02 7.840459720934700454e+04
1.318293167482360861e-02 7.838444161518634064e+04
1.320115897880391048e-02 7.836410776076113689e+04
1.321941148466030010e-02 7.834359555305840331e+04
1.323768922723798230e-02 7.832290490052651148e+04
1.325599224143037339e-02 7.830203571307859966e+04
1.327432056217912708e-02 7.828098790209765139e+04
1.329267422447420570e-02 7.825976138043831452e+04
1.331105326335394953e-02 7.823835606243149959e+04
1.332945771390514969e-02 7.821677186388827977e+04
1.334788761126310362e-02 7.819500870210267021e+04
1.336634299061170532e-02 7.817306649585592095e+04
1.338482388718345399e-02 7.815094516541919438e+04
1.340333033625960499e-02 7.812864463255883311e+04
1.342186237317017673e-02 7.810616482053781510e+04
1.344042003329404440e-02 7.808350565411991556e+04
1.345900335205899370e-02 7.806066705957453814e+04
1.347761236494179372e-02 7.803764896467901417e+04
1.349624710746826980e-02 7.801445129872171674e+04
1.351490761521337639e-02 7.799107399250642629e+04
1.353359392380121783e-02 7.796751697835486266e+04
1.355230606890519239e-02 7.794378019011185097e+04
1.357104408624800959e-02 7.791986356314567092e+04
1.358980801160176999e-02 7.789576703435482341e+04
1.360859788078803458e-02 7.787149054216912191e+04
1.362741372967789244e-02 7.784703402655418904e+04
1.364625559419203014e-02 7.782239742901362479e+04
1.366512351030080112e-02 7.779758069259364856e+04
1.368401751402430373e-02 7.777258376188590773e+04
1.370293764143239862e-02 7.774740658302980592e+04
1.372188392864486309e-02 7.772204910371758160e+04
1.374085641183139805e-02 7.769651127319628722e+04
1.375985512721171304e-02 7.767079304227058310e+04
1.377888011105560077e-02 7.764489436330749595e+04
1.379793139968299963e-02 7.761881519023873261e+04
1.381700902946406476e-02 7.759255547856350313e+04
1.383611303681925482e-02 7.756611518535198411e+04
1.385524345821934067e-02 7.753949426924852014e+04
1.387440033018556146e-02 7.751269269047513080e+04
1.389358368928964027e-02 7.748571041083375167e+04
1.391279357215386564e-02 7.745854739371006144e+04
1.393203001545115748e-02 7.743120360407588305e+04
1.395129305590514859e-02 7.740367900849269063e+04
1.397058273029023849e-02 7.737597357511450537e+04
1.398989907543169570e-02 7.734808727369098051e+04
1.400924212820565604e-02 7.732002007556996250e+04
1.402861192553928743e-02 7.729177195370105619e+04
1.404800850441080030e-02 7.726334288263804046e+04
1.406743190184953259e-02 7.723473283854174952e+04
1.408688215493602083e-02 7.720594179918390000e+04
1.410635930080206962e-02 7.717696974394810968e+04
1.412586337663082614e-02 7.714781665383531072e+04
1.414539441965684437e-02 7.711848251146571420e+04
1.416495246716618049e-02 7.708896730904727883e+04
1.418453755649639811e-02 7.705927106717236165e+04
1.420414972503672435e-02 7.702939381362490531e+04
1.422378901022807590e-02 7.699933557775471127e+04
1.424345544956313013e-02 7.696909639047991368e+04
1.426314908058640835e-02 7.693867628428878379e+04
1.428286994089433999e-02 7.690807529324018105e+04
1.430261806813533723e-02 7.687729345296706015e+04
1.432239350000988169e-02 7.684633080067722767e+04
1.434219627427053660e-02 7.681518737515527755e+04
1.436202642872210812e-02 7.678386321676369698e+04
1.438188400122165922e-02 7.675235836744504923e+04
1.440176902967859468e-02 7.672067287072370527e+04
1.442168155205473395e-02 7.668880677170661511e+04
1.444162160636438402e-02 7.665676011708586884e+04
1.446158923067441572e-02 7.662453295514002093e+04
1.448158446310434354e-02 7.659212533573475957e+04
1.450160734182634296e-02 7.655953731032540963e+04
1.452165790506541702e-02 7.652676893195821322e+04
1.454173619109940148e-02 7.649382025527101359e+04
1.456184223825905504e-02 7.646069133649615105e+04
1.458197608492814261e-02 7.642738223345990991e+04
1.460213776954348910e-02 7.639389300558608375e+04
1.462232733059507309e-02 7.636022371389521868e+04
1.464254480662609964e-02 7.632637442100832413e+04
1.466279023623302639e-02 7.629234519114579598e+04
1.468306365806571444e-02 7.625813609013026871e+04
1.470336511082745434e-02 7.622374718538706657e+04
1.472369463327504770e-02 7.618917854594600794e+04
1.474405226421888170e-02 7.615443024244310800e+04
1.476443804252300547e-02 7.611950234711976373e+04
1.478485200710520295e-02 7.608439493382665387e+04
1.480529419693706918e-02 7.604910807802248746e+04
1.482576465104409706e-02 7.601364185677672504e+04
1.484626340850569298e-02 7.597799634877029166e+04
1.486679050845533812e-02 7.594217163429633365e+04
1.488734599008061099e-02 7.590616779526160099e+04
1.490792989262327249e-02 7.586998491518688388e+04
1.492854225537933524e-02 7.583362307920948660e+04
1.494918311769915034e-02 7.579708237408305285e+04
1.496985251898747503e-02 7.576036288817806053e+04
1.499055049870356288e-02 7.572346471148382989e+04
1.501127709636117941e-02 7.568638793561003695e+04
1.503203235152877210e-02 7.564913265378520009e+04
1.505281630382948078e-02 7.561169896086059453e+04
1.507362899294123135e-02 7.557408695330808405e+04
1.509447045859680508e-02 7.553629672922338068e+04
1.511534074058392546e-02 7.549832838832623383e+04
1.513623987874532749e-02 7.546018203195979004e+04
1.515716791297884621e-02 7.542185776309359062e+04
1.517812488323743922e-02 7.538335568632224749e+04
1.519911082952934631e-02 7.534467590786791698e+04
1.522012579191811543e-02 7.530581853557960130e+04
1.524116981052268081e-02 7.526678367893499671e+04
1.526224292551745312e-02 7.522757144903953304e+04
1.528334517713238715e-02 7.518818195862921129e+04
1.530447660565306157e-02 7.514861532206893025e+04
1.532563725142075534e-02 7.510887165535484382e+04
1.534682715483253954e-02 7.506895107611366257e+04
1.536804635634129827e-02 7.502885370360405068e+04
1.538929489645588823e-02 7.498857965871607303e+04
1.541057281574116471e-02 7.494812906397339248e+04
1.543188015481806487e-02 7.490750204353155277e+04
1.545321695436369450e-02 7.486669872318059788e+04
1.547458325511140084e-02 7.482571923034315114e+04
1.549597909785084722e-02 7.478456369594827993e+04
1.551740452342811362e-02 7.474323229230896686e+04
1.553885957274570885e-02 7.470172523127257591e+04
1.556034428676274055e-02 7.466004272766436043e+04
1.558185870649493251e-02 7.461818499776146200e+04
1.560340287301472013e-02 7.457615225929222652e+04
1.562497682745132670e-02 7.453394473143156210e+04
1.564658061099084146e-02 7.449156263480261259e+04
1.566821426487630467e-02 7.444900619147310499e+04
1.568987783040778558e-02 7.440627562495465099e+04
1.571157134894242413e-02 7.436337116019980749e+04
1.573329486189457491e-02 7.432029302360115980e+04
1.575504841073584877e-02 7.427704144298959000e+04
1.577683203699519615e-02 7.423361664763151202e+04
1.579864578225897986e-02 7.419001886822840606e+04
1.582048968817106882e-02 7.414624833691363165e+04
1.584236379643290740e-02 7.410230528725129261e+04
1.586426814880359873e-02 7.405818995423449087e+04
1.588620278710000180e-02 7.401390257428260520e+04
1.590816775319674539e-02 7.396944338524009800e+04
1.593016308902640149e-02 7.392481262637366308e+04
1.595218883657950268e-02 7.388001053837174550e+04
1.597424503790464620e-02 7.383503736334077257e+04
1.599633173510855641e-02 7.378989334480416437e+04
1.601844897035619233e-02 7.374457872770019458e+04
1.604059678587079624e-02 7.369909375837985135e+04
1.606277522393401505e-02 7.365343868460357771e+04
1.608498432688590732e-02 7.360761375554179540e+04
1.610722413712511319e-02 7.356161922177035012e+04
1.612949469710889261e-02 7.351545533526824147e+04
1.615179604935320160e-02 7.346912234941820498e+04
1.617412823643277209e-02 7.342262051900174993e+04
1.619649130098121947e-02 7.337595010019742767e+04
1.621888528569109117e-02 7.332911135057965294e+04
1.624131023331398804e-02 7.328210452911537141e+04
1.626376618666056789e-02 7.323492989616231353e+04
1.628625318860073279e-02 7.318758771346666617e+04
1.630877128206363602e-02 7.314007824416036601e+04
1.633132051003779658e-02 7.309240175275964430e+04
1.635390091557116510e-02 7.304455850516080682e+04
1.637651254177121055e-02 7.299654876863997197e+04
1.639915543180500354e-02 7.294837281184970925e+04
1.642182962889931000e-02 7.290003090481557592e+04
1.644453517634066747e-02 7.285152331893639348e+04
1.646727211747541983e-02 7.280285032697886345e+04
1.649004049570989075e-02 7.275401220307634503e+04
1.651284035451040452e-02 7.270500922272658499e+04
1.653567173740337973e-02 7.265584166278917110e+04
1.655853468797542291e-02 7.260650980148211238e+04
1.658142924987340491e-02 7.255701391837917618e+04
1.660435546680453719e-02 7.250735429440961161e+04
1.662731338253648633e-02 7.245753121185273631e+04
1.665030304089738095e-02 7.240754495433635020e+04
1.667332448577599907e-02 7.235739580683466920e+04
1.669637776112178895e-02 7.230708405566413421e+04
1.671946291094495926e-02 7.225660998848325107e+04
1.674257997931656930e-02 7.220597389428627503e+04
1.676572901036861574e-02 7.215517606340411294e+04
1.678891004829411587e-02 7.210421678749914281e+04
1.681212313734720132e-02 7.205309635956291459e+04
1.683536832184314228e-02 7.200181507391478226e+04
1.685864564615853836e-02 7.195037322619656334e+04
1.688195515473132208e-02 7.189877111337198585e+04
1.690529689206086983e-02 7.184700903372243920e+04
1.692867090270808519e-02 7.179508728684464586e+04
1.695207723129548219e-02 7.174300617364775098e+04
1.697551592250727548e-02 7.169076601778826443e+04
1.699898702108946016e-02 7.163836723620626435e+04
1.702249057184991587e-02 7.158581027150804584e+04
1.704602661965842064e-02 7.153309556719116517e+04
1.706959520944685213e-02 7.148022356763960852e+04
1.709319638620918416e-02 7.142719471811768017e+04
1.711683019500161163e-02 7.137400946476293029e+04
1.714049668094261986e-02 7.132066825458106177e+04
1.716419588921308179e-02 7.126717153543929453e+04
1.718792786505633080e-02 7.121351975606069027e+04
1.721169265377828217e-02 7.115971336601790972e+04
1.723549030074743652e-02 7.110575281572753738e+04
1.725932085139507410e-02 7.105163855644261639e+04
1.728318435121527913e-02 7.099737104024860309e+04
1.730708084576503339e-02 7.094295072005574184e+04
1.733101038066430649e-02 7.088837804959388450e+04
1.735497300159614259e-02 7.083365348340546188e+04
1.737896875430676100e-02 7.077877747684044880e+04
1.740299768460563251e-02 7.072375048604898620e+04
1.742705983836552799e-02 7.066857296797676827e+04
1.745115526152268490e-02 7.061324538035818841e+04
1.747528400007684890e-02 7.055776818170999468e+04
1.749944610009135371e-02 7.050214183132500330e+04
1.752364160769323553e-02 7.044636678926702007e+04
1.754787056907329557e-02 7.039044351636384090e+04
1.757213303048620751e-02 7.033437247420119820e+04
1.759642903825060084e-02 7.027815412511698378e+04
1.762075863874915799e-02 7.022178893219486054e+04
1.764512187842864205e-02 7.016527735925873276e+04
1.766951880380009110e-02 7.010861987086506269e+04
1.769394946143882860e-02 7.005181693229812663e+04
1.771841389798458483e-02 6.999486900956396130e+04
1.774291216014156278e-02 6.993777656938301516e+04
1.776744429467854922e-02 6.988054007918546267e+04
1.779201034842899445e-02 6.982316000710369553e+04
1.781661036829112338e-02 6.976563682196756417e+04
1.784124440122793892e-02 6.970797099329608318e+04
1.786591249426744757e-02 6.965016299129422987e+04
1.789061469450264896e-02 6.959221328684425680e+04
1.791535104909166079e-02 6.953412235150059860e+04
1.794012160525780206e-02 6.947589065748383291e+04
1.796492641028967982e-02 6.941751867767417571e+04
1.798976551154129674e-02 6.935900688560542767e+04
1.801463895643213783e-02 6.930035575545867323e+04
1.803954679244720166e-02 6.924156576205664896e+04
1.806448906713718772e-02 6.918263738085667137e+04
1.808946582811853804e-02 6.912357108794545638e+04
1.811447712307352048e-02 6.906436736003216356e+04
1.813952299975033280e-02 6.900502667444250255e+04
1.816460350596319287e-02 6.894554950911286869e+04
1.818971868959242538e-02 6.888593634258388192e+04
1.821486859858456250e-02 6.882618765399404219e+04
1.824005328095244099e-02 6.876630392307363218e+04
1.826527278477523344e-02 6.870628563013965322e+04
1.829052715819863562e-02 6.864613325608709420e+04
1.831581644943490461e-02 6.858584728238583193e+04
1.834114070676294908e-02 6.852542819107175455e+04
1.836649997852843330e-02 6.846487646474329813e+04
1.839189431314386391e-02 6.840419258655208978e+04
1.841732375908868707e-02 6.834337704020005185e+04
1.844278836490940293e-02 6.828243030993027787e+04
1.846828817921956564e-02 6.822135288052343822e+04
1.849382325070000888e-02 6.816014523729019857e+04
1.851939362809885622e-02 6.809880786606459878e+04
1.854499936023163223e-02 6.803734125319906161e+04
1.857064049598135258e-02 6.797574588833173038e+04
1.859631708429862126e-02 6.791402234990525176e+04
1.862202917420172771e-02 6.785217132102981850e+04
1.864777681477675433e-02 6.779019349064007110e+04
1.867356005517758696e-02 6.772808954741673369e+04
1.869937894462614381e-02 6.766586017977652955e+04
1.872523353241236851e-02 6.760350607586256228e+04
1.875112386789436550e-02 6.754102792353481345e+04
1.877705000049847278e-02 6.747842641035924316e+04
1.880301197971937996e-02 6.741570222359904437e+04
1.882900985512020106e-02 6.735285605020537332e+04
1.885504367633257863e-02 6.728988857680608635e+04
1.888111349305680170e-02 6.722680048969767813e+04
1.890721935506181964e-02 6.716359247483529907e+04
1.893336131218544688e-02 6.710026521782245254e+04
1.895953941433439066e-02 6.703681940390281670e+04
1.898575371148436206e-02 6.697325571794915595e+04
1.901200425368016617e-02 6.690957484445610316e+04
1.903829109103580622e-02 6.684577746752834355e+04
1.906461427373457376e-02 6.678186427087309130e+04
1.909097385202917010e-02 6.671783593778969953e+04
1.911736987624170978e-02 6.665369315116126381e+04
1.914380239676395298e-02 6.658943659344461048e+04
1.917027146405730909e-02 6.652506694666139083e+04
1.919677712865296149e-02 6.646058489238926268e+04
1.922331944115195437e-02 6.639599111175225698e+04
1.924989845222530374e-02 6.633128628541214857e+04
1.927651421261407372e-02 6.626647109355911380e+04
1.930316677312951534e-02 6.620154621590281022e+04
1.932985618465307004e-02 6.613651233166348538e+04
1.935658249813659165e-02 6.607137011956273636e+04
1.938334576460236033e-02 6.600612025781537523e+04
1.941014603514320050e-02 6.594076342412004306e+04
1.943698336092258491e-02 6.587530029564988217e+04
1.946385779317472142e-02 6.580973154904517287e+04
1.949076938320466051e-02 6.574405786040337989e+04
1.951771818238838552e-02 6.567827990527114889e+04
1.954470424217294097e-02 6.561239835863503686e+04
1.957172761407643957e-02 6.554641389491365408e+04
1.959878834968828767e-02 6.548032718794886750e+04
1.962588650066919224e-02 6.541413891099644388e+04
1.965302211875130656e-02 6.534784973671908665e+04
1.968019525573829268e-02 6.528146033717657701e+04
1.970740596350544979e-02 6.521497138381843979e+04
1.973465429399979751e-02 6.514838354747452831e+04
1.976194029924020421e-02 6.508169749834796676e+04
1.978926403131739745e-02 6.501491390600559680e+04
1.981662554239418603e-02 6.494803343937052705e+04
1.984402488470549120e-02 6.488105676671385299e+04
1.987146211055844380e-02 6.481398455564621690e+04
1.989893727233250573e-02 6.474681747310982610e+04
1.992645042247955661e-02 6.467955618537001283e+04
1.995400161352400489e-02 6.461220135800846037e+04
1.998159089806288841e-02 6.454475365591324953e+04
2.000921832876592296e-02 6.447721374327237572e+04
2.003688395837569663e-02 6.440958228356562904e+04
2.006458783970770793e-02 6.434185993955620506e+04
2.009233002565048026e-02 6.427404737328279589e+04
2.012011056916565913e-02 6.420614524605290353e+04
2.014792952328811962e-02 6.413815421843338117e+04
2.017578694112606361e-02 6.407007495024466334e+04
2.020368287586113074e-02 6.400190810055088514e+04
2.023161738074849905e-02 6.393365432765411970e+04
2.025959050911692663e-02 6.386531428908605449e+04
2.028760231436896322e-02 6.379688864160033700e+04
2.031565284998098492e-02 6.372837804116529151e+04
2.034374216950329134e-02 6.365978317450023314e+04
2.037187032656023744e-02 6.359110490087557264e+04
2.040003737485030985e-02 6.352234413718933502e+04
2.042824336814624830e-02 6.345350179842961370e+04
2.045648836029516360e-02 6.338457879761204094e+04
2.048477240521854453e-02 6.331557604576914309e+04
2.051309555691251119e-02 6.324649445193976135e+04
2.054145786944780797e-02 6.317733492315850890e+04
2.056985939696994586e-02 6.310809836444527900e+04
2.059830019369929960e-02 6.303878567879696493e+04
2.062678031393121170e-02 6.296939776717479981e+04
2.065529981203609311e-02 6.289993552849648404e+04
2.068385874245955158e-02 6.283039985962491482e+04
2.071245715972241594e-02 6.276079165535959328e+04
2.074109511842095119e-02 6.269111180842643080e+04
2.076977267322690016e-02 6.262136120946829760e+04
2.079848987888758410e-02 6.255154074703579681e+04
2.082724679022603109e-02 6.248165130757811858e+04
2.085604346214106272e-02 6.241169377543314476e+04
2.088487994960741556e-02 6.234166903281905252e+04
2.091375630767582441e-02 6.227157795982520474e+04
2.094267259147317151e-02 6.220142143440293876e+04
2.097162885620248995e-02 6.213120033235699520e+04
2.100062515714320316e-02 6.206091552733719436e+04
2.102966154965114909e-02 6.199056789082903560e+04
2.105873808915869824e-02 6.192015829214605037e+04
2.108785483117487161e-02 6.184968759842094732e+04
2.111701183128542741e-02 6.177915667459756514e+04
2.114620914515298947e-02 6.170856638342216320e+04
2.117544682851716167e-02 6.163791758543632750e+04
2.120472493719455231e-02 6.156721113896777388e+04
2.123404352707900303e-02 6.149644790012447629e+04
2.126340265414162697e-02 6.142562872278403665e+04
2.129280237443091292e-02 6.135475445858830062e+04
2.132224274407285014e-02 6.128382595693479379e+04
2.135172381927103596e-02 6.121284406496971496e+04
2.138124565630676252e-02 6.114180962758020178e+04
2.141080831153917632e-02 6.107072348738725850e+04
2.144041184140527828e-02 6.099958648473797803e+04
2.147005630242015614e-02 6.092839945770002669e+04
2.149974175117703654e-02 6.085716324205230922e+04
2.152946824434737172e-02 6.078587867128045036e+04
2.155923583868099222e-02 6.071454657656807831e+04
2.158904459100617623e-02 6.064316778679191339e+04
2.161889455822978492e-02 6.057174312851340801e+04
2.164878579733735611e-02 6.050027342597304960e+04
2.167871836539324304e-02 6.042875950108464167e+04
2.170869231954063519e-02 6.035720217342820251e+04
2.173870771700179075e-02 6.028560226024333679e+04
2.176876461507807128e-02 6.021396057642411324e+04
2.179886307115005278e-02 6.014227793451253820e+04
2.182900314267766789e-02 6.007055514469206537e+04
2.185918488720027530e-02 5.999879301478330308e+04
2.188940836233680548e-02 5.992699235023721121e+04
2.191967362578587167e-02 5.985515395412840735e+04
2.194998073532579419e-02 5.978327862715235824e+04
2.198032974881485024e-02 5.971136716761717253e+04
2.201072072419129472e-02 5.963942037143968628e+04
2.204115371947348509e-02 5.956743903214062448e+04
2.207162879275999939e-02 5.949542394083708496e+04
2.210214600222975070e-02 5.942337588624091586e+04
2.213270540614208429e-02 5.935129565465003543e+04
2.216330706283692678e-02 5.927918402994687494e+04
2.219395103073479661e-02 5.920704179359061527e+04
2.222463736833705378e-02 5.913486972461465484e+04
2.225536613422592416e-02 5.906266860179761716e+04
2.228613738706463482e-02 5.899043931504077773e+04
2.231695118559751806e-02 5.891818291800069710e+04
2.234780758865012942e-02 5.884590047382343619e+04
2.237870665512936910e-02 5.877359304175386933e+04
2.240964844402356521e-02 5.870126167712947063e+04
2.244063301440264724e-02 5.862890743137577374e+04
2.247166042541813916e-02 5.855653135200090765e+04
2.250273073630342305e-02 5.848413448259141296e+04
2.253384400637374954e-02 5.841171786280682863e+04
2.256500029502639046e-02 5.833928252837541368e+04
2.259619966174073943e-02 5.826682951109015994e+04
2.262744216607842987e-02 5.819435983880441927e+04
2.265872786768344249e-02 5.812187453542774892e+04
2.269005682628225107e-02 5.804937462092261558e+04
2.272142910168384669e-02 5.797686111130017525e+04
2.275284475377997023e-02 5.790433501861768309e+04
2.278430384254516439e-02 5.783179735097352386e+04
2.281580642803688122e-02 5.775924911250630248e+04
2.284735257039562442e-02 5.768669130339006369e+04
2.287894232984503604e-02 5.761412491983261134e+04
2.291057576669203524e-02 5.754155095407218323e+04
2.294225294132695020e-02 5.746897039437569765e+04
2.297397391422352844e-02 5.739638422503553738e+04
2.300573874593920751e-02 5.732379342636811634e+04
2.303754749711512881e-02 5.725119897471211880e+04
2.306940022847627642e-02 5.717860184242555988e+04
2.310129700083160542e-02 5.710600299788544362e+04
2.313323787507413215e-02 5.703340340548515815e+04
2.316522291218107987e-02 5.696080402563403914e+04
2.319725217321400024e-02 5.688820581475547078e+04
2.322932571931879756e-02 5.681560972528658021e+04
2.326144361172599942e-02 5.674301670567662950e+04
2.329360591175075670e-02 5.667042770038652088e+04
2.332581268079300663e-02 5.659784364988849848e+04
2.335806398033758030e-02 5.652526549066535517e+04
2.339035987195431723e-02 5.645269415521085466e+04
2.342270041729818675e-02 5.638013057202850905e+04
2.345508567810940248e-02 5.630757566563252476e+04
2.348751571621357503e-02 5.623503035654753330e+04
2.351999059352171892e-02 5.616249556130909332e+04
2.355251037203051970e-02 5.608997219246447639e+04
2.358507511382236868e-02 5.601746115857205587e+04
2.361768488106548089e-02 5.594496336420410807e+04
2.365033973601404077e-02 5.587247970994524803e+04
2.368303974100830281e-02 5.580001109239566722e+04
2.371578495847471296e-02 5.572755840417141007e+04
2.374857545092605438e-02 5.565512253390489786e+04
2.378141128096148207e-02 5.558270436624831200e+04
2.381429251126676236e-02 5.551030478187346307e+04
2.384721920461431791e-02 5.543792465747367532e+04
2.388019142386335614e-02 5.536556486576721363e+04
2.391320923196000106e-02 5.529322627549753088e+04
2.394627269193741470e-02 5.522090975143600372e+04
2.397938186691589771e-02 5.514861615438498120e+04
2.401253682010305937e-02 5.507634634117857058e+04
2.404573761479382454e-02 5.500410116468738124e+04
2.407898431437070427e-02 5.493188147381849558e+04
2.411227698230382702e-02 5.485968811352069315e+04
2.414561568215107049e-02 5.478752192478633515e+04
2.417900047755819348e-02 5.471538374465428933e+04
2.421243143225896080e-02 5.464327440621334244e+04
2.424590861007524384e-02 5.457119473860541621e+04
2.427943207491716632e-02 5.449914556702945265e+04
2.431300189078324653e-02 5.442712771274415718e+04
2.434661812176040080e-02 5.435514199307260424e+04
2.438028083202424534e-02 5.428318924444125150e+04
2.441399008583909278e-02 5.421127046271256404e+04
2.444774594755811520e-02 5.413938670953343535e+04
2.448154848162345867e-02 5.406753904155033524e+04
2.451539775256637160e-02 5.399572851013160107e+04
2.454929382500732962e-02 5.392395616137282923e+04
2.458323676365617438e-02 5.385222303610364179e+04
2.461722663331215172e-02 5.378053016989455500e+04
2.465126349886416490e-02 5.370887859306353494e+04
2.468534742529081977e-02 5.363726933068282960e+04
2.471947847766056000e-02 5.356570340258751094e+04
2.475365672113179899e-02 5.349418182338088081e+04
2.478788222095303778e-02 5.342270560244382796e+04
2.482215504246299692e-02 5.335127574394237308e+04
2.485647525109075870e-02 5.327989324683485029e+04
2.489084291235579491e-02 5.320855910488090012e+04
2.492525809186824787e-02 5.313727430664975691e+04
2.495972085532894083e-02 5.306603983552906720e+04
2.499423126852954799e-02 5.299485666973268235e+04
2.502878939735270550e-02 5.292372578231075022e+04
2.506339530777214331e-02 5.285264814115813351e+04
2.509804906585280312e-02 5.278162470902432688e+04
2.513275073775098067e-02 5.271065644352214440e+04
2.516750038971446099e-02 5.263974429713829886e+04
2.520229808808255312e-02 5.256888921724240936e+04
2.523714389928636420e-02 5.249809214609764604e+04
2.527203788984882724e-02 5.242735402087027614e+04
2.530698012638485372e-02 5.235667577364112367e+04
2.534197067560145858e-02 5.228605833141419134e+04
2.537700960429788849e-02 5.221550261612953182e+04
2.541209697936575376e-02 5.214500954467246629e+04
2.544723286778917057e-02 5.207458002888516785e+04
2.548241733664479911e-02 5.200421497557826660e+04
2.551765045310211769e-02 5.193391528654118156e+04
2.555293228442344702e-02 5.186368185855451156e+04
2.558826289796411677e-02 5.179351558340119664e+04
2.562364236117257651e-02 5.172341734787833411e+04
2.565907074159053461e-02 5.165338803380909667e+04
2.569454810685308996e-02 5.158342851805547980e+04
2.573007452468887776e-02 5.151353967252888833e+04
2.576565006292010421e-02 5.144372236420519039e+04
2.580127478946282055e-02 5.137397745513422706e+04
2.583694877232696127e-02 5.130430580245458987e+04
2.587267207961649676e-02 5.123470825840601174e+04
2.590844477952955818e-02 5.116518567034185253e+04
2.594426694035856240e-02 5.109573888074239221e+04
2.598013863049036462e-02 5.102636872722862608e+04
2.601605991840636595e-02 5.095707604257467028e+04
2.605203087268268339e-02 5.088786165472194989e+04
2.608805156199016373e-02 5.081872638679282682e+04
2.612412205509468885e-02 5.074967105710450414e+04
2.616024242085719306e-02 5.068069647918200644e+04
2.619641272823381231e-02 5.061180346177335014e+04
2.623263304627602988e-02 5.054299280886357883e+04
2.626890344413080475e-02 5.047426531968822383e+04
2.630522399104069653e-02 5.040562178874855454e+04
2.634159475634403544e-02 5.033706300582597032e+04
2.637801580947493965e-02 5.026858975599635596e+04
2.641448721996359980e-02 5.020020281964501919e+04
2.645100905743633449e-02 5.013190297248184652e+04
2.648758139161571518e-02 5.006369098555634991e+04
2.652420429232072233e-02 4.999556762527218962e+04
2.656087782946686682e-02 4.992753365340313758e+04
2.659760207306633220e-02 4.985958982710823329e+04
2.663437709322813082e-02 4.979173689894724521e+04
2.667120296015812117e-02 4.972397561723217950e+04
2.670807974415932706e-02 4.965630675887962570e+04
2.674500751563193765e-02 4.958873115677461465e+04
2.678198634507348436e-02 4.952124964523727249e+04
2.681901630307896925e-02 4.945386305352101044e+04
2.685609746034101075e-02 4.938657220583232265e+04
2.689322988764996161e-02 4.931937792134787014e+04
2.693041365589405114e-02 4.925228101423329645e+04
2.696764883605955523e-02 4.918528229366145388e+04
2.700493549923081368e-02 4.911838256383159023e+04
2.704227371659053553e-02 4.905158262398772058e+04
2.707966355941981637e-02 4.898488326843684627e+04
2.711710509909831535e-02 4.891828528656944400e+04
2.715459840710437653e-02 4.885178946287753206e+04
2.719214355501518160e-02 4.878539657697424263e+04
2.722974061450687475e-02 4.871910740361295029e+04
2.726738965735472572e-02 4.865292271270717902e+04
2.730509075543316802e-02 4.858684326935019635e+04
2.734284398071609029e-02 4.852086983383412007e+04
2.738064940527687105e-02 4.845500316167064011e+04
2.741850710128853480e-02 4.838924400361027801e+04
2.745641714102390468e-02 4.832359310566273052e+04
2.749437959685572738e-02 4.825805120911717677e+04
2.753239454125680843e-02 4.819261905056225805e+04
2.757046204680019610e-02 4.812729736190646508e+04
2.760858218615919180e-02 4.806208687039945653e+04
2.764675503210765883e-02 4.799698829865132575e+04
2.768498065752006757e-02 4.793200236465431954e+04
2.772325913537162720e-02 4.786712978180302889e+04
2.776159053873846275e-02 4.780237125891581672e+04
2.779997494079772605e-02 4.773772750025521236e+04
2.783841241482775536e-02 4.767319920555004501e+04
2.787690303420820026e-02 4.760878707001516159e+04
2.791544687242020206e-02 4.754449178437393857e+04
2.795404400304641115e-02 4.748031403487910575e+04
2.799269449977130272e-02 4.741625450333402114e+04
2.803139843638120451e-02 4.735231386711543018e+04
2.807015588676446335e-02 4.728849279919322726e+04
2.810896692491158394e-02 4.722479196815358591e+04
2.814783162491538496e-02 4.716121203822021198e+04
2.818675006097111357e-02 4.709775366927699361e+04
2.822572230737663973e-02 4.703441751688848308e+04
2.826474843853248042e-02 4.697120423232381290e+04
2.830382852894209461e-02 4.690811446257717034e+04
2.834296265321193178e-02 4.684514885039109504e+04
2.838215088605160197e-02 4.678230803427873616e+04
2.842139330227399716e-02 4.671959264854546927e+04
2.846068997679546131e-02 4.665700332331202662e+04
2.850004098463591526e-02 4.659454068453703076e+04
2.853944640091903712e-02 4.653220535403960093e+04
2.857890630087228656e-02 4.646999794952111552e+04
2.861842075982722403e-02 4.640791908458947728e+04
2.865798985321953499e-02 4.634596936878084671e+04
2.869761365658920343e-02 4.628414940758293233e+04
2.873729224558066800e-02 4.622245980245780083e+04
2.877702569594295032e-02 4.616090115086513106e+04
2.881681408352980422e-02 4.609947404628508957e+04
2.885665748429986494e-02 4.603817907824135909e+04
2.889655597431681905e-02 4.597701683232479263e+04
2.893650962974943924e-02 4.591598789021627454e+04
2.897651852687189306e-02 4.585509282971030188e+04
2.901658274206378452e-02 4.579433222473831120e+04
2.905670235181031721e-02 4.573370664539211430e+04
2.909687743270245736e-02 4.567321665794745786e+04
2.913710806143705867e-02 4.561286282488745201e+04
2.917739431481702200e-02 4.555264570492634812e+04
2.921773626975147226e-02 4.549256584198273049e+04
2.925813400325578267e-02 4.543262367367111437e+04
2.929858759245189403e-02 4.537281957880451955e+04
2.933909711456835628e-02 4.531315393285514438e+04
2.937966264694050200e-02 4.525362710853129829e+04
2.942028426701057825e-02 4.519423947579535161e+04
2.946096205232792350e-02 4.513499140188243473e+04
2.950169608054908216e-02 4.507588325131991587e+04
2.954248642943801614e-02 4.501691538594527810e+04
2.958333317686610495e-02 4.495808816492508049e+04
2.962423640081249601e-02 4.489940194477432669e+04
2.966519617936411515e-02 4.484085707937460393e+04
2.970621259071586431e-02 4.478245391999270942e+04
2.974728571317074993e-02 4.472419281530018634e+04
2.978841562514005295e-02 4.466607411139131727e+04
2.982960240514346412e-02 4.460809815180290025e+04
2.987084613180924358e-02 4.455026527753206028e+04
2.991214688387439438e-02 4.449257582705555251e+04
2.995350474018469017e-02 4.443503013634886884e+04
2.999491977969501524e-02 4.437762853890485712e+04
3.003639208146938883e-02 4.432037136575249315e+04
3.007792172468115241e-02 4.426325894547595090e+04
3.011950878861310507e-02 4.420629160423283611e+04
3.016115335265767694e-02 4.414946966577464627e+04
3.020285549631706451e-02 4.409279345146391279e+04
3.024461529920341452e-02 4.403626328029405704e+04
3.028643284103886904e-02 4.397987946890798776e+04
3.032830820165587429e-02 4.392364233161759330e+04
3.037024146099723612e-02 4.386755218042161141e+04
3.041223269911629001e-02 4.381160932502570358e+04
3.045428199617705722e-02 4.375581407286041213e+04
3.049638943245439743e-02 4.370016672910084890e+04
3.053855508833415444e-02 4.364466759668543091e+04
3.058077904431336438e-02 4.358931697633427393e+04
3.062306138100024874e-02 4.353411516656925960e+04
3.066540217911459601e-02 4.347906246373178874e+04
3.070780151948775127e-02 4.342415916200263018e+04
3.075025948306283480e-02 4.336940555342048174e+04
3.079277615089487039e-02 4.331480192790093861e+04
3.083535160415096579e-02 4.326034857325562189e+04
3.087798592411044110e-02 4.320604577521114697e+04
3.092067919216500219e-02 4.315189381742808473e+04
3.096343148981892460e-02 4.309789298151910771e+04
3.100624289868907785e-02 4.304404354706994491e+04
3.104911350050527236e-02 4.299034579165622563e+04
3.109204337711029068e-02 4.293679999086389580e+04
3.113503261046007831e-02 4.288340641830734967e+04
3.117808128262389289e-02 4.283016534564836184e+04
3.122118947578446727e-02 4.277707704261653271e+04
3.126435727223815519e-02 4.272414177702604502e+04
3.130758475439514993e-02 4.267135981479610200e+04
3.135087200477946340e-02 4.261873141997000494e+04
3.139421910602932519e-02 4.256625685473306658e+04
3.143762614089719298e-02 4.251393637943241629e+04
3.148109319224993291e-02 4.246177025259570655e+04
3.152462034306898614e-02 4.240975873095022689e+04
3.156820767645053538e-02 4.235790206944142119e+04
3.161185527560564368e-02 4.230620052125257644e+04
3.165556322386047644e-02 4.225465433782331820e+04
3.169933160465629451e-02 4.220326370654312632e+04
3.174316050154983582e-02 4.215202851805876708e+04
3.178704999821332922e-02 4.210094857566900464e+04
3.183100017843470270e-02 4.205002368313338957e+04
3.187501112611770826e-02 4.199925364468690532e+04
3.191908292528213703e-02 4.194863826504447206e+04
3.196321566006393722e-02 4.189817734940138325e+04
3.200740941471538065e-02 4.184787070343721280e+04
3.205166427360527093e-02 4.179771813331754674e+04
3.209598032121896427e-02 4.174771944569718471e+04
3.214035764215873031e-02 4.169787444772139133e+04
3.218479632114377292e-02 4.164818294702973799e+04
3.222929644301043839e-02 4.159864475175735424e+04
3.227385809271236805e-02 4.154925967053823842e+04
3.231848135532067179e-02 4.150002751250735309e+04
3.236316631602407373e-02 4.145094808730263321e+04
3.240791306012912043e-02 4.140202120506824576e+04
3.245272167306020861e-02 4.135324667645600857e+04
3.249759224035994598e-02 4.130462431262892642e+04
3.254252484768917209e-02 4.125615392526274081e+04
3.258751958082718725e-02 4.120783532654834562e+04
3.263257652567187056e-02 4.115966832919428271e+04
3.267769576823988109e-02 4.111165274642995792e+04
3.272287739466679668e-02 4.106378839200650691e+04
3.276812149120734985e-02 4.101607508020006208e+04
3.281342814423539311e-02 4.096851262581401534e+04
3.285879744024433613e-02 4.092110084418173938e+04
3.290422946584713182e-02 4.087383955116739526e+04
3.294972430777648453e-02 4.082672856317073456e+04
3.299528205288503047e-02 4.077976769712667738e+04
3.304090278814547643e-02 4.073295677051012171e+04
3.308658660065080109e-02 4.068629560133661289e+04
3.313233357761437986e-02 4.063978400816522480e+04
3.317814380637022775e-02 4.059342181010096829e+04
3.322401737437299246e-02 4.054720882679682109e+04
3.326995436919835680e-02 4.050114487845658732e+04
3.331595487854304566e-02 4.045522978583598888e+04
3.336201899022504802e-02 4.040946337024649984e+04
3.340814679218374883e-02 4.036384545355621958e+04
3.345433837248015796e-02 4.031837585819327069e+04
3.350059381929701430e-02 4.027305440714735596e+04
3.354691322093902861e-02 4.022788092397218134e+04
3.359329666583289742e-02 4.018285523278792971e+04
3.363974424252769158e-02 4.013797715828326909e+04
3.368625603969486321e-02 4.009324652571778279e+04
3.373283214612848857e-02 4.004866316092398483e+04
3.377947265074539296e-02 4.000422689030983747e+04
3.382617764258535886e-02 3.995993754086071567e+04
3.387294721081125781e-02 3.991579494014207012e+04
3.391978144470930018e-02 3.987179891630092607e+04
3.396668043368903517e-02 3.982794929806889559e+04
3.401364426728372553e-02 3.978424591476390924e+04
3.406067303515040307e-02 3.974068859629255167e+04
3.410776682707006985e-02 3.969727717315230257e+04
3.415492573294785783e-02 3.965401145675209409e+04
3.420214984281318843e-02 3.961089093317772495e+04
3.424943924681998764e-02 3.956791482259990153e+04
3.429679403524681786e-02 3.952508234047099540e+04
3.434421429849710689e-02 3.948239270550492074e+04
3.439170012709916180e-02 3.943984513965740916e+04
3.443925161170657834e-02 3.939743886810464755e+04
3.448686884309824785e-02 3.935517311922462977e+04
3.453455191217858627e-02 3.931304712457658025e+04
3.458230090997767986e-02 3.927106011888197827e+04
3.463011592765149332e-02 3.922921134000416350e+04
3.467799705648202946e-02 3.918750002893000055e+04
3.472594438787753035e-02 3.914592542974936077e+04
3.477395801337250514e-02 3.910448678963730345e+04
3.482203802462815329e-02 3.906318335883434338e+04
3.487018451343236458e-02 3.902201439062786812e+04
3.491839757169992037e-02 3.898097914133320592e+04
3.496667729147271558e-02 3.894007687027552311e+04
3.501502376491989060e-02 3.889930683977103035e+04
3.506343708433802553e-02 3.885866831510859629e+04
3.511191734215134835e-02 3.881816056453195051e+04
3.516046463091176966e-02 3.877778285922152281e+04
3.520907904329927812e-02 3.873753447327625327e+04
3.525776067212197523e-02 3.869741468369616632e+04
3.530650961031625568e-02 3.865742277036442829e+04
3.535532595094705022e-02 3.861755801603011059e+04
3.540420978720793671e-02 3.857781970629064017e+04
3.545316121242136215e-02 3.853820712957438082e+04
3.550218032003879531e-02 3.849871957712371659e+04
3.555126720364095577e-02 3.845935634297811339e+04
3.560042195693784162e-02 3.842011672395664209e+04
3.564964467376913193e-02 3.838100001964204421e+04
3.569893544810421454e-02 3.834200553236314590e+04
3.574829437404239418e-02 3.830313256717890908e+04
3.579772154581310067e-02 3.826438043186234427e+04
3.584721705777602768e-02 3.822574843688306282e+04
3.589678100442135478e-02 3.818723589539217937e+04
3.594641348036992784e-02 3.814884212320554070e+04
3.599611458037332151e-02 3.811056643878833711e+04
3.604588439931422084e-02 3.807240816323890613e+04
3.609572303220646289e-02 3.803436662027289276e+04
3.614563057419526576e-02 3.799644113620830467e+04
3.619560712055738816e-02 3.795863103994866833e+04
3.624565276670133063e-02 3.792093566296967765e+04
3.629576760816750208e-02 3.788335433930181171e+04
3.634595174062844186e-02 3.784588640551661956e+04
3.639620525988888217e-02 3.780853120071118610e+04
3.644652826188610889e-02 3.777128806649283797e+04
3.649692084269002407e-02 3.773415634696503548e+04
3.654738309850336098e-02 3.769713538871218771e+04
3.659791512566186455e-02 3.766022454078489682e+04
3.664851702063449262e-02 3.762342303840933891e+04
3.669918888002356161e-02 3.758672966363757587e+04
3.674993080056500327e-02 3.755014309137280361e+04
3.680074287912839248e-02 3.751366200157087587e+04
3.685162521271734271e-02 3.747728507920770062e+04
3.690257789846956848e-02 3.744101101424687658e+04
3.695360103365707277e-02 3.740483850160741713e+04
3.700469471568636204e-02 3.736876624113139405e+04
3.705585904209861281e-02 3.733279293755364051e+04
3.710709411056986595e-02 3.729691730046985322e+04
3.715840001891123484e-02 3.726113804430720484e+04
3.720977686506908577e-02 3.722545388829358853e+04
3.726122474712509347e-02 3.718986355642824492e+04
3.731274376329668518e-02 3.715436577745293471e+04
3.736433401193701986e-02 3.711895928482312593e+04
3.741599559153525878e-02 3.708364281667985779e+04
3.746772860071674593e-02 3.704841511582113162e+04
3.751953313824316766e-02 3.701327492967618309e+04
3.757140930301278159e-02 3.697822101027672034e+04
3.762335719406062484e-02 3.694325211423149449e+04
3.767537691055852789e-02 3.690836700269970606e+04
3.772746855181557946e-02 3.687356444136561913e+04
3.777963221727813348e-02 3.683884320041296451e+04
3.783186800653003806e-02 3.680420205449991772e+04
3.788417601929282980e-02 3.676963978273511748e+04
3.793655635542592108e-02 3.673515516865286190e+04
3.798900911492680832e-02 3.670074700019011652e+04
3.804153439793128005e-02 3.666641406966276554e+04
3.809413230471345863e-02 3.663215517374297633e+04
3.814680293568622343e-02 3.659796911343614920e+04
3.819954639140125952e-02 3.656385469405986078e+04
3.825236277254927264e-02 3.652981072522077739e+04
3.830525217996019055e-02 3.649583602079449338e+04
3.835821471460335030e-02 3.646192939890399430e+04
3.841125047758769256e-02 3.642808968189882580e+04
3.846435957016196283e-02 3.639431569633575418e+04
3.851754209371492654e-02 3.636060627295825543e+04
3.857079814977543153e-02 3.632696024667695019e+04
3.862412784001280353e-02 3.629337645655129018e+04
3.867753126623691556e-02 3.625985374576986214e+04
3.873100853039839614e-02 3.622639096163305658e+04
3.878455973458884432e-02 3.619298695553429570e+04
3.883818498104101014e-02 3.615964058294261486e+04
3.889188437212900279e-02 3.612635070338613878e+04
3.894565801036850572e-02 3.609311618043372437e+04
3.899950599841683213e-02 3.605993588168008137e+04
3.905342843907336214e-02 3.602680867872830277e+04
3.910742543527954973e-02 3.599373340825924242e+04
3.916149709011920721e-02 3.596070856298090075e+04
3.921564350681864403e-02 3.592773245772608061e+04
3.926986478874693043e-02 3.589480341171799228e+04
3.932416103941602931e-02 3.586191975019771053e+04
3.937853236248107375e-02 3.582907980440351821e+04
3.943297886174040173e-02 3.579628191155017703e+04
3.948750064113598635e-02 3.576352441481011192e+04
3.954209780475345659e-02 3.573080566329479916e+04
3.959677045682238189e-02 3.569812401203674381e+04
3.965151870171643167e-02 3.566547782197242486e+04
3.970634264395357660e-02 3.563286545992635365e+04
3.976124238819631757e-02 3.560028529859540140e+04
3.981621803925185221e-02 3.556773571653375257e+04
3.987126970207234555e-02 3.553521509813905141e+04
3.992639748175492997e-02 3.550272183363928343e+04
3.998160148354218402e-02 3.547025431907980237e+04
4.003688181282216707e-02 3.543781095631180506e+04
4.009223857512864142e-02 3.540539015298101731e+04
4.014767187614128735e-02 3.537299032251718018e+04
4.020318182168590437e-02 3.534060988412494044e+04
4.025876851773459858e-02 3.530824726277386799e+04
4.031443207040606713e-02 3.527590088919092523e+04
4.037017258596557745e-02 3.524356919985287823e+04
4.042599017082547375e-02 3.521125063697884616e+04
4.048188493154516315e-02 3.517894364852464059e+04
4.053785697483140715e-02 3.514664668817695201e+04
4.059390640753850199e-02 3.511435821534855495e+04
4.065003333666847296e-02 3.508207669517461909e+04
4.070623786937130340e-02 3.504980059850784892e+04
4.076252011294517058e-02 3.501752840191754512e+04
4.081888017483646658e-02 3.498525858768608305e+04
4.087531816264028395e-02 3.495298964380795951e+04
4.093183418410042962e-02 3.492072006398857047e+04
4.098842834710968858e-02 3.488844834764480765e+04
4.104510075971001815e-02 3.485617299990428728e+04
4.110185153009276310e-02 3.482389253160801309e+04
4.115868076659885688e-02 3.479160545931046363e+04
4.121558857771902284e-02 3.475931030528301926e+04
4.127257507209405180e-02 3.472700559751670517e+04
4.132964035851478812e-02 3.469468986972601124e+04
4.138678454592265021e-02 3.466236166135235544e+04
4.144400774340963045e-02 3.463001951757010102e+04
4.150131006021855196e-02 3.459766198929091479e+04
4.155869160574328369e-02 3.456528763003123458e+04
4.161615248952895557e-02 3.453289485716594936e+04
4.167369282127214580e-02 3.450048189774618368e+04
4.173131271082116539e-02 3.446804697141452925e+04
4.178901226817605813e-02 3.443558830492895504e+04
4.184679160348910021e-02 3.440310413217526366e+04
4.190465082706482797e-02 3.437059269417941687e+04
4.196259004936027381e-02 3.433805223912114889e+04
4.202060938098520909e-02 3.430548102234918770e+04
4.207870893270233142e-02 3.427287730639565416e+04
4.213688881542748677e-02 3.424023936099300045e+04
4.219514914022991919e-02 3.420756546309059195e+04
4.225349001833231949e-02 3.417485389687361021e+04
4.231191156111127616e-02 3.414210295378079172e+04
4.237041388009733789e-02 3.410931093252510618e+04
4.242899708697525640e-02 3.407647613911353983e+04
4.248766129358421545e-02 3.404359688686913432e+04
4.254640661191801815e-02 3.401067149645264726e+04
4.260523315412530904e-02 3.397769829588608263e+04
4.266414103250982387e-02 3.394467562057605392e+04
4.272313035953059085e-02 3.391160181333885703e+04
4.278220124780200695e-02 3.387847522442570335e+04
4.284135381009430282e-02 3.384529421154886950e+04
4.290058815933359138e-02 3.381205713990906952e+04
4.295990440860212450e-02 3.377876238222319080e+04
4.301930267113850126e-02 3.374540831875225558e+04
4.307878306033788990e-02 3.371199333733170351e+04
4.313834568975224298e-02 3.367851583340096113e+04
4.319799067309055413e-02 3.364497421003409545e+04
4.325771812421892043e-02 3.361136687797221384e+04
4.331752815716100047e-02 3.357769225565476518e+04
4.337742088609804897e-02 3.354394876925319113e+04
4.343739642536920131e-02 3.351013485270474484e+04
4.349745488947170252e-02 3.347624894774668064e+04
4.355759639306107378e-02 3.344228950395138236e+04
4.361782105095138307e-02 3.340825497876253212e+04
4.367812897811548800e-02 3.337414383753166476e+04
4.373852028968507749e-02 3.333995455355478771e+04
4.379899510095116438e-02 3.330568560811127827e+04
4.385955352736411322e-02 3.327133549050150759e+04
4.392019568453393169e-02 3.323690269808682206e+04
4.398092168823045101e-02 3.320238573632857151e+04
4.404173165438358961e-02 3.316778311698552716e+04
4.410262569908355440e-02 3.313309332915087725e+04
4.416360393858106276e-02 3.309831484475186153e+04
4.422466648928759930e-02 3.306344614345821174e+04
4.428581346777548527e-02 3.302848571350057318e+04
4.434704499077834344e-02 3.299343205171387672e+04
4.440836117519115361e-02 3.295828366358426865e+04
4.446976213807053019e-02 3.292303906329571328e+04
4.453124799663493033e-02 3.288769677377684275e+04
4.459281886826486907e-02 3.285225532674879651e+04
4.465447487050317604e-02 3.281671326277384651e+04
4.471621612105523835e-02 3.278106913130352768e+04
4.477804273778904914e-02 3.274532149072974426e+04
4.483995483873570720e-02 3.270946890843316214e+04
4.490195254208946551e-02 3.267350996083529753e+04
4.496403596620800192e-02 3.263744323344872464e+04
4.502620522961262028e-02 3.260126732092957536e+04
4.508846045098852812e-02 3.256498082712968244e+04
4.515080174918500305e-02 3.252858236514951568e+04
4.521322924321571901e-02 3.249207055739091084e+04
4.527574305225873924e-02 3.245544403561182480e+04
4.533834329565707144e-02 3.241870144098059245e+04
4.540103009291866776e-02 3.238184142413022346e+04
4.546380356371673703e-02 3.234486264521397243e+04
4.552666382788992522e-02 3.230776377396177850e+04
4.558961100544260681e-02 3.227054348973544620e+04
4.565264521654504443e-02 3.223320048158631107e+04
4.571576658153368028e-02 3.219573344831189388e+04
4.577897522091137900e-02 3.215814109851349713e+04
4.584227125534746927e-02 3.212042215065432902e+04
4.590565480567826429e-02 3.208257533311781663e+04
4.596912599290711721e-02 3.204459938426621738e+04
4.603268493820466406e-02 3.200649305250034740e+04
4.609633176290910822e-02 3.196825509631842942e+04
4.616006658852638000e-02 3.192988428437598122e+04
4.622388953673044892e-02 3.189137939554702825e+04
4.628780072936353185e-02 3.185273921898346816e+04
4.635180028843619709e-02 3.181396255417673819e+04
4.641588833612782239e-02 3.177504821101867492e+04
4.648006499478668507e-02 3.173599500986935527e+04
4.654433038693023272e-02 3.169680183304478123e+04
4.660868463524529826e-02 3.165746774891417954e+04
4.667312786258835666e-02 3.161799187285924927e+04
4.673766019198573318e-02 3.157837332963999506e+04
4.680228174663392249e-02 3.153861125344580068e+04
4.686699264989960950e-02 3.149870478794606970e+04
4.693179302532017594e-02 3.145865308634132452e+04
4.699668299660378357e-02 3.141845531141401807e+04
4.706166268762963789e-02 3.137811063557945454e+04
4.712673222244821020e-02 3.133761824093690302e+04
4.719189172528150816e-02 3.129697731932057650e+04
4.725714132052327709e-02 3.125618707235056354e+04
4.732248113273927054e-02 3.121524671148418929e+04
4.738791128666750702e-02 3.117415545806665250e+04
4.745343190721833249e-02 3.113291254338266299e+04
4.751904311947495463e-02 3.109151720870682766e+04
4.758474504869346366e-02 3.104996870535507696e+04
4.765053782030314461e-02 3.100826629473538196e+04
4.771642155990669931e-02 3.096640924839890795e+04
4.778239639328049626e-02 3.092439684809075698e+04
4.784846244637480650e-02 3.088222838580072130e+04
4.791461984531409507e-02 3.083990316381416051e+04
4.798086871639707651e-02 3.079742049476237662e+04
4.804720918609722141e-02 3.075477970167331659e+04
4.811364138106282579e-02 3.071198011802239125e+04
4.818016542811729558e-02 3.066902108778189722e+04
4.824678145425938952e-02 3.062590196547195956e+04
4.831348958666345506e-02 3.058262211621058304e+04
4.838028995267969201e-02 3.053918091576317602e+04
4.844718267983440935e-02 3.049557775059268170e+04
4.851416789583010147e-02 3.045181201790918931e+04
4.858124572854598255e-02 3.040788312571879578e+04
4.864841630603801426e-02 3.036379049287400267e+04
4.871567975653922494e-02 3.031953354912184295e+04
4.878303620845995253e-02 3.027511173515306655e+04
4.885048579038805960e-02 3.023052450265076914e+04
4.891802863108921096e-02 3.018577131433917020e+04
4.898566485950710953e-02 3.014085166300115816e+04
4.905339460476379476e-02 3.009576536073080570e+04
4.912121799615967038e-02 3.005051247917598084e+04
4.918913516317408724e-02 3.000509310496781109e+04
4.925714623546535720e-02 2.995950733243973445e+04
4.932525134287106539e-02 2.991375526364241159e+04
4.939345061540831999e-02 2.986783700835739364e+04
4.946174418327398820e-02 2.982175268411084107e+04
4.953013217684495983e-02 2.977550241618652944e+04
4.959861472667844579e-02 2.972908633763868784e+04
4.966719196351200571e-02 2.968250458930490277e+04
4.973586401826412401e-02 2.963575731981771241e+04
4.980463102203424447e-02 2.958884468561642643e+04
4.987349310610307562e-02 2.954176685095883295e+04
4.994245040193284052e-02 2.949452398793183238e+04
5.001150304116752654e-02 2.944711627646237321e+04
5.008065115563314212e-02 2.939954390432697619e+04
5.014989487733801515e-02 2.935180706716238637e+04
5.021923433847283458e-02 2.930390596847464985e+04
5.028866967141121247e-02 2.925584081964807774e+04
5.035820100870975341e-02 2.920761183995389729e+04
5.042782848310832511e-02 2.915921925655846644e+04
5.049755222753032902e-02 2.911066330453126284e+04
5.056737237508295013e-02 2.906194422685219615e+04
5.063728905905742067e-02 2.901306227441856754e+04
5.070730241292926987e-02 2.896401770605168713e+04
5.077741257035861544e-02 2.891481078850322592e+04
5.084761966519023291e-02 2.886544179646048724e+04
5.091792383145411771e-02 2.881591101255229296e+04
5.098832520336550600e-02 2.876621872735364741e+04
5.105882391532523545e-02 2.871636523938996834e+04
5.112942010191996040e-02 2.866635085514165621e+04
5.120011389792240852e-02 2.861617588904707372e+04
5.127090543829167235e-02 2.856584066350601279e+04
5.134179485817347288e-02 2.851534550888265949e+04
5.141278229290025675e-02 2.846469076350766409e+04
5.148386787799173053e-02 2.841387689543048327e+04
5.155505174915492317e-02 2.836290494303187734e+04
5.162633404228450518e-02 2.831177611047343817e+04
5.169771489346303150e-02 2.826049160374587154e+04
5.176919443896121908e-02 2.820905263060516882e+04
5.184077281523820357e-02 2.815746040052648823e+04
5.191245015894183079e-02 2.810571612465761064e+04
5.198422660690873998e-02 2.805382101577256617e+04
5.205610229616491197e-02 2.800177628822554107e+04
5.212807736392574554e-02 2.794958315790409688e+04
5.220015194759634880e-02 2.789724284218319735e+04
5.227232618477181680e-02 2.784475655987918799e+04
5.234460021323749518e-02 2.779212553120282246e+04
5.241697417096922995e-02 2.773935097771379878e+04
5.248944819613363816e-02 2.768643412227428780e+04
5.256202242708843397e-02 2.763337618900290545e+04
5.263469700238245647e-02 2.758017840322867778e+04
5.270747206075628716e-02 2.752684199144500963e+04
5.278034774114226391e-02 2.747336818126364960e+04
5.285332418266483478e-02 2.741975820136883704e+04
5.292640152464080094e-02 2.736601328147130698e+04
5.299957990657958029e-02 2.731213465226306289e+04
5.307285946818349892e-02 2.725812354537071224e+04
5.314624034934808255e-02 2.720398119331042835e+04
5.321972269016213286e-02 2.714970882944251207e+04
5.329330663090829645e-02 2.709530768792496747e+04
5.336699231206312732e-02 2.704077900366884933e+04
5.344077987429741300e-02 2.698612401229265743e+04
5.351466945847643125e-02 2.693134395007667990e+04
5.358866120566024155e-02 2.687644005391794417e+04
5.366275525710392791e-02 2.682141356128501502e+04
5.373695175425793197e-02 2.676626571017301831e+04
5.381125083876810850e-02 2.671099773905852271e+04
5.388565265247632907e-02 2.665561088685410505e+04
5.396015733742053067e-02 2.660010656013077096e+04
5.403476503583501400e-02 2.654448684247973506e+04
5.410947589015077663e-02 2.648875398249193677e+04
5.418429004299570723e-02 2.643291022043025441e+04
5.425920763719492557e-02 2.637695778814350342e+04
5.433422881577102542e-02 2.632089890898117301e+04
5.440935372194439373e-02 2.626473579771012010e+04
5.448458249913328000e-02 2.620847066043294035e+04
5.455991529095439302e-02 2.615210569450683397e+04
5.463535224122297029e-02 2.609564308846497443e+04
5.471089349395307638e-02 2.603908502193803361e+04
5.478653919335791517e-02 2.598243366557878107e+04
5.486228948385005882e-02 2.592569118098599210e+04
5.493814451004178090e-02 2.586885972063193185e+04
5.501410441674534080e-02 2.581194142778911191e+04
5.509016934897305318e-02 2.575493843646002642e+04
5.516633945193791244e-02 2.569785287130812139e+04
5.524261487105362051e-02 2.564068684758853851e+04
5.531899575193495455e-02 2.558344247108230775e+04
5.539548224039799601e-02 2.552612183803070729e+04
5.547207448246047057e-02 2.546872703507127881e+04
5.554877262434196328e-02 2.541126013917497403e+04
5.562557681246432101e-02 2.535372321758506223e+04
5.570248719345163163e-02 2.529611832775703442e+04
5.577950391413090403e-02 2.523844751729993732e+04
5.585662712153210280e-02 2.518071282391898785e+04
5.593385696288847436e-02 2.512291627535969019e+04
5.601119358563683842e-02 2.506505988935293863e+04
5.608863713741785856e-02 2.500714567356165207e+04
5.616618776607635449e-02 2.494917562552880190e+04
5.624384561966153800e-02 2.489115173262664757e+04
5.632161084642739457e-02 2.483307597200664532e+04
5.639948359483271806e-02 2.477495034164797107e+04
5.647746401354172829e-02 2.471677737408280154e+04
5.655555225142414738e-02 2.465856005031744280e+04
5.663374845755553971e-02 2.460030134599279336e+04
5.671205278121756177e-02 2.454200421631701101e+04
5.679046537189830907e-02 2.448367159600856394e+04
5.686898637929253125e-02 2.442530639924348361e+04
5.694761595330202764e-02 2.436691151960485877e+04
5.702635424403569575e-02 2.430848983003661488e+04
5.710520140181012810e-02 2.425004418279948732e+04
5.718415757714970932e-02 2.419157740943045792e+04
5.726322292078694920e-02 2.413309232070617509e+04
5.734239758366275336e-02 2.407459170660783275e+04
5.742168171692673545e-02 2.401607833629070956e+04
5.750107547193749474e-02 2.395755495805577084e+04
5.758057900026296305e-02 2.389902429932435189e+04
5.766019245368045332e-02 2.384048906661644651e+04
5.773991598417731880e-02 2.378195194553103647e+04
5.781974974395099470e-02 2.372341560073016080e+04
5.789969388540935208e-02 2.366488267592511693e+04
5.797974856117098230e-02 2.360635579386604149e+04
5.805991392406550239e-02 2.354783755633405235e+04
5.814019012713383255e-02 2.348933054413630816e+04
5.822057732362855703e-02 2.343083731710341453e+04
5.830107566701396571e-02 2.337236041409038080e+04
5.838168531096673414e-02 2.331390235297904655e+04
5.846240640937594435e-02 2.325546563068429896e+04
5.854323911634344568e-02 2.319705272316225819e+04
5.862418358618416703e-02 2.313866608542116228e+04
5.870523997342639438e-02 2.308030815153476942e+04
5.878640843281207617e-02 2.302198133465873616e+04
5.886768911929711467e-02 2.296368804737146638e+04
5.894908218805171296e-02 2.290543111074300396e+04
5.903058779446044430e-02 2.284721372951523881e+04
5.911220609412290439e-02 2.278903909516692147e+04
5.919393724285376690e-02 2.273091036949369663e+04
5.927578139668313734e-02 2.267283068465840552e+04
5.935773871185686529e-02 2.261480314324523351e+04
5.943980934483682199e-02 2.255683081831801246e+04
5.952199345230121952e-02 2.249891675348338686e+04
5.960429119114495078e-02 2.244106396295708691e+04
5.968670271847966585e-02 2.238327543163564405e+04
5.976922819163441730e-02 2.232555411517035827e+04
5.985186776815573650e-02 2.226790294004662428e+04
5.993462160580798059e-02 2.221032480366676100e+04
6.001748986257363777e-02 2.215282257443613707e+04
6.010047269665363262e-02 2.209539909185349461e+04
6.018357026646761754e-02 2.203805716660481266e+04
6.026678273065436131e-02 2.198079958066104882e+04
6.035011024807176994e-02 2.192362908737884572e+04
6.043355297779759439e-02 2.186654841160513752e+04
6.051711107912945836e-02 2.180956024978519781e+04
6.060078471158524688e-02 2.175266727007370355e+04
6.068457403490339075e-02 2.169587211244970240e+04
6.076847920904319966e-02 2.163917738883405764e+04
6.085250039418513973e-02 2.158258568321062921e+04
6.093663775073113881e-02 2.152609955175031791e+04
6.102089143930498893e-02 2.146972152293833278e+04
6.110526162075236023e-02 2.141345409770420520e+04
6.118974845614151559e-02 2.135729974955505895e+04
6.127435210676334537e-02 2.130126092471135780e+04
6.135907273413175600e-02 2.124534008656318838e+04
6.144391049998397525e-02 2.118954005346441772e+04
6.152886556628082981e-02 2.113386380786158770e+04
6.161393809520712000e-02 2.107831430055677629e+04
6.169912824917191813e-02 2.102289444929624005e+04
6.178443619080867949e-02 2.096760713896259404e+04
6.186986208297590162e-02 2.091245522176992745e+04
6.195540608875721444e-02 2.085744151746451826e+04
6.204106837146170644e-02 2.080256881352804339e+04
6.212684909462429239e-02 2.074783986538463432e+04
6.221274842200597011e-02 2.069325739661236003e+04
6.229876651759418821e-02 2.063882409915720200e+04
6.238490354560317225e-02 2.058454263355130752e+04
6.247115967047402185e-02 2.053041562913427333e+04
6.255753505687539073e-02 2.047644568427751437e+04
6.264402986970352138e-02 2.042263536661280523e+04
6.273064427408270305e-02 2.036898721326233499e+04
6.281737843536545907e-02 2.031550373107362975e+04
6.290423251913301872e-02 2.026218739685631226e+04
6.299120669119548377e-02 2.020904065762214668e+04
6.307830111759223091e-02 2.015606593082799009e+04
6.316551596459231421e-02 2.010326560462135967e+04
6.325285139869442352e-02 2.005064203808901948e+04
6.334030758662768934e-02 1.999819756150769899e+04
6.342788469535169671e-02 1.994593447659797312e+04
6.351558289205688768e-02 1.989385505678027403e+04
6.360340234416483884e-02 1.984196154743329316e+04
6.369134321932862219e-02 1.979025616615513718e+04
6.377940568543315203e-02 1.973874110302640474e+04
6.386758991059547641e-02 1.968741852087545703e+04
6.395589606316492981e-02 1.963629055554680235e+04
6.404432431172379925e-02 1.958535931616970265e+04
6.413287482508737980e-02 1.953462688543111653e+04
6.422154777230441869e-02 1.948409531984864225e+04
6.431034332265736508e-02 1.943376665004706956e+04
6.439926164566273092e-02 1.938364288103520084e+04
6.448830291107141011e-02 1.933372599248594997e+04
6.457746728886906706e-02 1.928401793901728888e+04
6.466675494927620615e-02 1.923452064094022353e+04
6.475616606274887943e-02 1.918523591266696894e+04
6.484570079997874215e-02 1.913616550400837150e+04
6.493535933189346909e-02 1.908731114187912681e+04
6.502514182965707379e-02 1.903867453090045456e+04
6.511504846467019991e-02 1.899025735367518064e+04
6.520507940857050988e-02 1.894206127106482381e+04
6.529523483323294852e-02 1.889408792246644225e+04
6.538551491077020106e-02 1.884633892609207396e+04
6.547591981353269308e-02 1.879881587924805353e+04
6.556644971410939549e-02 1.875152035861607146e+04
6.565710478532776895e-02 1.870445392053468095e+04
6.574788520025430516e-02 1.865761810128252910e+04
6.583879113219474888e-02 1.861101441736127526e+04
6.592982275469445874e-02 1.856464436578058303e+04
6.602098024153876810e-02 1.851850942434347598e+04
6.611226376675335970e-02 1.847261105193193725e+04
6.620367350460429345e-02 1.842695068879471728e+04
6.629520962959882524e-02 1.838152975683406839e+04
6.638687231648540688e-02 1.833634965989460761e+04
6.647866174025408859e-02 1.829141178405232131e+04
6.657057807613689371e-02 1.824671749790410104e+04
6.666262149960813788e-02 1.820226815285827615e+04
6.675479218638470658e-02 1.815806508342535381e+04
6.684709031242655475e-02 1.811410960750962840e+04
6.693951605393670679e-02 1.807040302670127494e+04
6.703206958736201981e-02 1.802694662656880610e+04
6.712475108939323920e-02 1.798374167695223150e+04
6.721756073696540101e-02 1.794078943225682087e+04
6.731049870725822060e-02 1.789809113174667436e+04
6.740356517769635625e-02 1.785564799983980265e+04
6.749676032594978392e-02 1.781346124640266498e+04
6.759008432993413029e-02 1.777153206704552213e+04
6.768353736781110297e-02 1.772986164341839321e+04
6.777711961798851825e-02 1.768845114350688527e+04
6.787083125912109216e-02 1.764730172192888858e+04
6.796467247011046819e-02 1.760641446726199501e+04
6.805864343010567530e-02 1.756578981052749805e+04
6.815274431850340542e-02 1.752542774619921329e+04
6.824697531494841596e-02 1.748532825895012138e+04
6.834133659933383509e-02 1.744549133171998619e+04
6.843582835180161972e-02 1.740591694584199649e+04
6.853045075274254161e-02 1.736660508116792698e+04
6.862520398279703393e-02 1.732755571619415059e+04
6.872008822285521901e-02 1.728876882818621380e+04
6.881510365405732466e-02 1.725024439330353198e+04
6.891025045779398950e-02 1.721198238672396474e+04
6.900552881570672092e-02 1.717398278276735073e+04
6.910093890968813102e-02 1.713624555501961004e+04
6.919648092188238064e-02 1.709877067645562784e+04
6.929215503468530435e-02 1.706155811956244725e+04
6.938796143074509037e-02 1.702460785646189106e+04
6.948390029296244719e-02 1.698791985903267778e+04
6.957997180449090879e-02 1.695149409903277410e+04
6.967617614873729270e-02 1.691533054822103077e+04
6.977251350936196361e-02 1.687942917847845820e+04
6.986898407027927749e-02 1.684378996192962586e+04
6.996558801565783137e-02 1.680841287106354503e+04
7.006232552992093521e-02 1.677329787885434052e+04
7.015919679774670903e-02 1.673844495888159508e+04
7.025620200406880456e-02 1.670385408545053360e+04
7.035334133407650237e-02 1.666952523371193092e+04
7.045061497321514210e-02 1.663545837978216150e+04
7.054802310718645553e-02 1.660165350086204489e+04
7.064556592194895512e-02 1.656811057535693544e+04
7.074324360371825327e-02 1.653482958299528036e+04
7.084105633896749243e-02 1.650181050494774172e+04
7.093900431442745624e-02 1.646905332394608195e+04
7.103708771708730496e-02 1.643655802440169646e+04
7.113530673419465877e-02 1.640432459252390254e+04
7.123366155325606963e-02 1.637235301079240162e+04
7.133215236203729881e-02 1.634064268592378721e+04
7.143077934856376099e-02 1.630919196308341270e+04
7.152954270112080182e-02 1.627799908671561207e+04
7.162844260825422527e-02 1.624706231683955775e+04
7.172747925877025199e-02 1.621637992888847111e+04
7.182665284173640752e-02 1.618595021355135395e+04
7.192596354648156387e-02 1.615577147661541130e+04
7.202541156259632815e-02 1.612584203881120447e+04
7.212499707993348663e-02 1.609616023565846990e+04
7.222472028860831006e-02 1.606672441731466824e+04
7.232458137899891448e-02 1.603753294842423929e+04
7.242458054174664983e-02 1.600858420797032886e+04
7.252471796775655788e-02 1.597987658912735787e+04
7.262499384819735837e-02 1.595140849911580335e+04
7.272540837450235107e-02 1.592317835905833272e+04
7.282596173836945741e-02 1.589518460383707679e+04
7.292665413176159517e-02 1.586742568195329295e+04
7.302748574690713645e-02 1.583990005538791956e+04
7.312845677630025465e-02 1.581260619946361476e+04
7.322956741270122971e-02 1.578554260270873419e+04
7.333081784913694778e-02 1.575870776672228021e+04
7.343220827890098446e-02 1.573210020604045530e+04
7.353373889555438192e-02 1.570571844800499093e+04
7.363540989292570449e-02 1.567956103263227124e+04
7.373722146511155207e-02 1.565362651248427392e+04
7.383917380647687934e-02 1.562791345254080443e+04
7.394126711165537047e-02 1.560242043007299071e+04
7.404350157554982770e-02 1.557714603451828043e+04
7.414587739333258765e-02 1.555208886735657143e+04
7.424839476044566011e-02 1.552724754198770643e+04
7.435105387260146359e-02 1.550262068361048659e+04
7.445385492578296405e-02 1.547820692910270191e+04
7.455679811624410513e-02 1.545400490076501410e+04
7.465988364051015513e-02 1.543001242786744660e+04
7.476311169537813717e-02 1.540622641973084319e+04
7.486648247791714839e-02 1.538264375485824530e+04
7.496999618546879018e-02 1.535926133368176306e+04
7.507365301564755677e-02 1.533607607821586680e+04
7.517745316634098784e-02 1.531308493171757982e+04
7.528139683571041796e-02 1.529028485835265383e+04
7.538548422219112921e-02 1.526767284286760332e+04
7.548971552449275368e-02 1.524524589026808826e+04
7.559409094159964815e-02 1.522300102550320480e+04
7.569861067277131039e-02 1.520093529315544583e+04
7.580327491754276781e-02 1.517904575713666782e+04
7.590808387572496596e-02 1.515732950038975105e+04
7.601303774740492125e-02 1.513578362459589516e+04
7.611813673294651195e-02 1.511440524988750985e+04
7.622338103299057532e-02 1.509319151456661893e+04
7.632877084845536564e-02 1.507213957482912156e+04
7.643430638053694270e-02 1.505124660449365547e+04
7.653998783070953271e-02 1.503050979473661391e+04
7.664581540072594457e-02 1.500992635383218840e+04
7.675178929261800009e-02 1.498949350689714447e+04
7.685790970869664507e-02 1.496920849564187120e+04
7.696417685155275412e-02 1.494906857812537419e+04
7.707059092405728340e-02 1.492907102851611307e+04
7.717715212936164526e-02 1.490921313685737186e+04
7.728386067089815237e-02 1.488949220883809176e+04
7.739071675238039238e-02 1.486990556556801857e+04
7.749772057780360268e-02 1.485045054335828900e+04
7.760487235144510054e-02 1.483112449350615498e+04
7.771217227786471338e-02 1.481192478208525426e+04
7.781962056190484811e-02 1.479284878972617116e+04
7.792721740869140712e-02 1.477389366828708262e+04
7.803496302363377435e-02 1.475505572285169183e+04
7.814285761242541206e-02 1.473633108705891209e+04
7.825090138104413839e-02 1.471771591482208532e+04
7.835909453575257144e-02 1.469920638005421824e+04
7.846743728309851784e-02 1.468079867640323937e+04
7.857592982991545849e-02 1.466248901699683665e+04
7.868457238332259018e-02 1.464427363419761969e+04
7.879336515072575542e-02 1.462614877936758239e+04
7.890230833981744241e-02 1.460811072264220093e+04
7.901140215857734017e-02 1.459015575271437592e+04
7.912064681527268550e-02 1.457228017662758975e+04
7.923004251845866541e-02 1.455448031957837702e+04
7.933958947697883346e-02 1.453675252472834654e+04
7.944928789996558161e-02 1.451909315302520554e+04
7.955913799684022347e-02 1.450149858303291512e+04
7.966913997731385477e-02 1.448396521077122816e+04
7.977929405138745045e-02 1.446648944956354717e+04
7.988960042935233652e-02 1.444906772989452475e+04
8.000005932179062029e-02 1.443169649927572027e+04
8.011067093957555119e-02 1.441437222212058805e+04
8.022143549387193706e-02 1.439709137962788373e+04
8.033235319613656056e-02 1.437985046967359813e+04
8.044342425811865094e-02 1.436264600671175685e+04
8.055464889185996735e-02 1.434547452168350537e+04
8.066602730969570090e-02 1.432833256193429770e+04
8.077755972425451625e-02 1.431121669114016913e+04
8.088924634845912065e-02 1.429412348924162688e+04
8.100108739552655535e-02 1.427704955238580442e+04
8.111308307896872294e-02 1.425999149287709770e+04
8.122523361259269270e-02 1.424294587927977955e+04
8.133753921050125568e-02 1.422590901374526584e+04
8.145000008709298023e-02 1.420887713269557753e+04
8.156261645706311403e-02 1.419184649061898017e+04
8.167538853540369514e-02 1.417481336007468053e+04
8.178831653740396834e-02 1.415777403169376339e+04
8.190140067865089857e-02 1.414072481419060750e+04
8.201464117502950402e-02 1.412366203438338198e+04
8.212803824272328634e-02 1.410658203722493454e+04
8.224159209821477190e-02 1.408948118584222721e+04
8.235530295828552561e-02 1.407235586158586921e+04
8.246917104001708076e-02 1.405520246408862658e+04
8.258319656079109172e-02 1.403801741133330142e+04
8.269737973828970856e-02 1.402079713972966238e+04
8.281172079049609058e-02 1.400353810420057926e+04
8.292621993569479488e-02 1.398623677827695792e+04
8.304087739247216493e-02 1.396888965420175555e+04
8.315569337971680242e-02 1.395149324304261427e+04
8.327066811662002521e-02 1.393404407481334783e+04
8.338580182267595065e-02 1.391653869860390660e+04
8.350109471768242531e-02 1.389897368271902997e+04
8.361654702174114995e-02 1.388134561482529898e+04
8.373215895525812358e-02 1.386365110210639068e+04
8.384793073894407367e-02 1.384588677142667984e+04
8.396386259381492800e-02 1.382804926950320805e+04
8.407995474119216162e-02 1.381013526308539986e+04
8.419620740270337966e-02 1.379214143914271699e+04
8.431262080028234518e-02 1.377406450506072179e+04
8.442919515616993664e-02 1.375590118885472839e+04
8.454593069291420349e-02 1.373764833703417753e+04
8.466282763337096284e-02 1.371930315230323868e+04
8.477988620070407710e-02 1.370086292836743087e+04
8.489710661838603678e-02 1.368232497768607391e+04
8.501448911019827970e-02 1.366368663167485101e+04
8.513203390023175998e-02 1.364494524091295716e+04
8.524974121288697582e-02 1.362609817535526236e+04
8.536761127287498252e-02 1.360714282454921704e+04
8.548564430521744806e-02 1.358807659785688338e+04
8.560384053524712489e-02 1.356889692468125941e+04
8.572220018860837731e-02 1.354960125469731793e+04
8.584072349125751455e-02 1.353018705808757841e+04
8.595941066946327647e-02 1.351065182578212261e+04
8.607826194980723600e-02 1.349099306970259022e+04
8.619727755918438206e-02 1.347120832301107657e+04
8.631645772480309176e-02 1.345129514036237742e+04
8.643580267418619900e-02 1.343125109816072654e+04
8.655531263517102225e-02 1.341107379482036231e+04
8.667498783590989186e-02 1.339076085102984143e+04
8.679482850487058032e-02 1.337030991002017981e+04
8.691483487083678794e-02 1.334971863783675144e+04
8.703500716290851758e-02 1.332898472361413042e+04
8.715534561050260198e-02 1.330810587985511484e+04
8.727585044335284259e-02 1.328707984271256828e+04
8.739652189151095318e-02 1.326590437227465554e+04
8.751736018534660155e-02 1.324457725285287779e+04
8.763836555554799235e-02 1.322309629327363109e+04
8.775953823312232505e-02 1.320145933121473718e+04
8.788087844939614091e-02 1.317966464937958153e+04
8.800238643601585031e-02 1.315771133293147977e+04
8.812406242494824626e-02 1.313559856946489708e+04
8.824590664848057375e-02 1.311332556374110391e+04
8.836791933922150122e-02 1.309089153783277288e+04
8.849010073010125932e-02 1.306829573126844116e+04
8.861245105437209890e-02 1.304553740117570851e+04
8.873497054560880448e-02 1.302261582242443910e+04
8.885765943770908282e-02 1.299953028776916290e+04
8.898051796489407639e-02 1.297628010799046024e+04
8.910354636170873810e-02 1.295286461203593899e+04
8.922674486302242802e-02 1.292928314716043678e+04
8.935011370402894115e-02 1.290553507906508457e+04
8.947365312024757600e-02 1.288161979203571900e+04
8.959736334752314846e-02 1.285753668908025065e+04
8.972124462202657469e-02 1.283328519206515921e+04
8.984529718025531519e-02 1.280886474185080078e+04
8.996952125903383279e-02 1.278427479842571483e+04
9.009391709551399507e-02 1.275951484103981420e+04
9.021848492717569890e-02 1.273458436833632732e+04
9.034322499182691202e-02 1.270948289848247441e+04
9.046813752760463068e-02 1.268420996929910689e+04
9.059322277297510162e-02 1.265876513838860592e+04
9.071848096673421069e-02 1.263314798326180608e+04
9.084391234800805182e-02 1.260735810146326730e+04
9.096951715625334334e-02 1.258139511069495347e+04
9.109529563125787210e-02 1.255525868836354130e+04
9.122124801314107634e-02 1.252894940180490448e+04
9.134737454235410115e-02 1.250246868022898343e+04
9.147367545968083935e-02 1.247581799381431665e+04
9.160015100623800088e-02 1.244899881789161736e+04
9.172680142347568177e-02 1.242201263281340835e+04
9.185362695317779436e-02 1.239486092382466268e+04
9.198062783746260851e-02 1.236754518093264232e+04
9.210780431878308472e-02 1.234006689877738972e+04
9.223515663992747082e-02 1.231242757650180465e+04
9.236268504401974611e-02 1.228462871762211944e+04
9.249038977451981558e-02 1.225667182989817229e+04
9.261827107522445368e-02 1.222855842520393344e+04
9.274632919026741529e-02 1.220029001939818045e+04
9.287456436412001859e-02 1.217186813219505166e+04
9.300297684159161693e-02 1.214329428703509984e+04
9.313156686783001514e-02 1.211457001095603300e+04
9.326033468832199691e-02 1.208569683446414820e+04
9.338928054889383823e-02 1.205667629140538520e+04
9.351840469571143233e-02 1.202750991883701136e+04
9.364770737528133049e-02 1.199819925689933916e+04
9.377718883445079756e-02 1.196874584868751845e+04
9.390684932040840871e-02 1.193915124012397246e+04
9.403668908068452126e-02 1.190941697983049926e+04
9.416670836315171877e-02 1.187954461900108436e+04
9.429690741602533843e-02 1.184953571127496980e+04
9.442728648786395673e-02 1.181939192631743572e+04
9.455784582756956991e-02 1.178911608441843600e+04
9.468858568438860701e-02 1.175871166181487206e+04
9.481950630791199930e-02 1.172818212481767659e+04
9.495060794807577698e-02 1.169753092116219705e+04
9.508189085516155492e-02 1.166676147968772420e+04
9.521335527979697677e-02 1.163587721002627040e+04
9.534500147295624228e-02 1.160488150229919302e+04
9.547682968596064856e-02 1.157377772682283103e+04
9.560884017047867334e-02 1.154256923382203968e+04
9.574103317852705741e-02 1.151125935315231982e+04
9.587340896247092958e-02 1.147985139403012727e+04
9.600596777502427848e-02 1.144834864477170777e+04
9.613870986925059092e-02 1.141675437253952259e+04
9.627163549856318503e-02 1.138507182309757081e+04
9.640474491672577917e-02 1.135330422057405485e+04
9.653803837785297770e-02 1.132145476723272441e+04
9.667151613641079833e-02 1.128952664325160185e+04
9.680517844721682474e-02 1.125752300651013684e+04
9.693902556544126137e-02 1.122544699238374233e+04
9.707305774660698883e-02 1.119330171354638151e+04
9.720727524659024399e-02 1.116109025978092177e+04
9.734167832162098077e-02 1.112881569779682104e+04
9.747626722828346690e-02 1.109648107105571580e+04
9.761104222351675574e-02 1.106408939960445423e+04
9.774600356461519979e-02 1.103164381645853791e+04
9.788115150922863106e-02 1.099914846683561154e+04
9.801648631536344358e-02 1.096660793436817039e+04
9.815200824138260727e-02 1.093402676160153715e+04
9.828771754600636179e-02 1.090140944725835470e+04
9.842361448831263293e-02 1.086876044607129006e+04
9.855969932773757380e-02 1.083608416863411003e+04
9.869597232407606446e-02 1.080338498126967170e+04
9.883243373748225313e-02 1.077066720591554258e+04
9.896908382846970886e-02 1.073793512002656280e+04
9.910592285791250400e-02 1.070519295649398009e+04
9.924295108704526969e-02 1.067244490358147232e+04
9.938016877746388977e-02 1.063969510487686966e+04
9.951757619112590325e-02 1.060694765926029868e+04
9.965517359035103162e-02 1.057420662088755125e+04
9.979296123782174788e-02 1.054147599918937340e+04
9.993093939658365121e-02 1.050875975888552966e+04
1.000691083300461887e-01 1.047606182001388697e+04
1.002074683019826967e-01 1.044338605797410673e+04
1.003460195765314977e-01 1.041073630358575974e+04
1.004847624181960525e-01 1.037811634316045456e+04
1.006236970918455154e-01 1.034552991858771020e+04
1.007628238627152756e-01 1.031298072743463490e+04
1.009021429964074290e-01 1.028047242305857981e+04
1.010416547588913194e-01 1.024800866972810763e+04
1.011813594165041352e-01 1.021559364357520099e+04
1.013212572359509789e-01 1.018323179222564431e+04
1.014613484843060881e-01 1.015092751186518763e+04
1.016016334290127665e-01 1.011868514342081107e+04
1.017421123378842024e-01 1.008650897281258585e+04
1.018827854791037740e-01 1.005440323122398513e+04
1.020236531212257436e-01 1.002237209539034120e+04
1.021647155331756457e-01 9.990419687904432067e+03
1.023059729842509674e-01 9.958550077539561244e+03
1.024474257441211900e-01 9.926767279589246755e+03
1.025890740828290099e-01 9.895075256223070028e+03
1.027309182707903529e-01 9.863477916858617391e+03
1.028729585787950818e-01 9.831979118549079431e+03
1.030151952780074126e-01 9.800582666385760604e+03
1.031576286399665254e-01 9.769292313915640989e+03
1.033002589365870083e-01 9.738111763573169810e+03
1.034430864401594402e-01 9.707044667126268905e+03
1.035861114233509739e-01 9.676094626135802173e+03
1.037293341592054469e-01 9.645265192428783848e+03
1.038727549211445195e-01 9.614559868584172364e+03
1.040163739829678413e-01 9.583982108431435336e+03
1.041601916188535648e-01 9.553535317561560078e+03
1.043042081033589974e-01 9.523222853080980713e+03
1.044484237114209901e-01 9.493047994228014431e+03
1.045928387183566038e-01 9.463013933724085291e+03
1.047374533998636364e-01 9.433123816377144976e+03
1.048822680320207479e-01 9.403380742409592131e+03
1.050272828912886675e-01 9.373787768024103570e+03
1.051724982545102216e-01 9.344347905978882409e+03
1.053179143989110694e-01 9.315064126172466786e+03
1.054635316021001329e-01 9.285939356237335232e+03
1.056093501420701797e-01 9.256976482142676105e+03
1.057553702971983228e-01 9.228178348805264250e+03
1.059015923462467285e-01 9.199547760708885107e+03
1.060480165683626158e-01 9.171087482531936985e+03
1.061946432430795201e-01 9.142800239782252902e+03
1.063414726503173618e-01 9.114688719440293426e+03
1.064885050703830716e-01 9.086755570608764174e+03
1.066357407839711585e-01 9.059003405170209589e+03
1.067831800721642521e-01 9.031434798450971357e+03
1.069308232164335598e-01 9.004052289891867986e+03
1.070786704986395471e-01 8.976858383725664680e+03
1.072267222010324234e-01 8.949855549660462202e+03
1.073749786062523776e-01 8.923046223569575886e+03
1.075234399973306748e-01 8.896432808186844341e+03
1.076721066576898367e-01 8.870017572288750671e+03
1.078209788711442380e-01 8.843802035502378203e+03
1.079700569219006756e-01 8.817787386072224763e+03
1.081193410945588962e-01 8.791974793779232641e+03
1.082688316741121509e-01 8.766365411648868758e+03
1.084185289459478480e-01 8.740960376410068420e+03
1.085684331958476634e-01 8.715760808954886670e+03
1.087185447099887070e-01 8.690767814798942709e+03
1.088688637749436888e-01 8.665982484542348175e+03
1.090193906776815436e-01 8.641405894331424861e+03
1.091701257055679580e-01 8.617039106320973588e+03
1.093210691463659817e-01 8.592883169137039658e+03
1.094722212882364987e-01 8.568939118340425921e+03
1.096235824197389630e-01 8.545207976890658756e+03
1.097751528298314544e-01 8.521690755610592532e+03
1.099269328078718855e-01 8.498388453651272357e+03
1.100789226436181961e-01 8.475302058957855479e+03
1.102311226272289085e-01 8.452432548735643650e+03
1.103835330492637518e-01 8.429780889916730303e+03
1.105361542006841891e-01 8.407348039627377148e+03
1.106889863728539869e-01 8.385134945655905540e+03
1.108420298575397561e-01 8.363142546920829773e+03
1.109952849469116459e-01 8.341371533373192506e+03
1.111487519335433993e-01 8.319821343731973684e+03
1.113024311104136577e-01 8.298491022427020653e+03
1.114563227709060300e-01 8.277379625584986570e+03
1.116104272088097454e-01 8.256486221203065725e+03
1.117647447183202775e-01 8.235809889117912462e+03
1.119192755940398298e-01 8.215349720975496894e+03
1.120740201309779749e-01 8.195104820201408074e+03
1.122289786245522364e-01 8.175074301972408648e+03
1.123841513705883255e-01 8.155257293188130461e+03
1.125395386653212509e-01 8.135652932444026192e+03
1.126951408053955411e-01 8.116260370004738434e+03
1.128509580878658547e-01 8.097078767778499241e+03
1.130069908101975773e-01 8.078107299292189964e+03
1.131632392702673767e-01 8.059345149667005899e+03
1.133197037663637857e-01 8.040791515595193232e+03
1.134763845971878821e-01 8.022445605317437185e+03
1.136332820618533995e-01 8.004306638601022314e+03
1.137903964598879630e-01 7.986373846718726782e+03
1.139477280912332413e-01 7.968646472428719790e+03
1.141052772562456130e-01 7.951123769955102944e+03
1.142630442556967357e-01 7.933804905956983021e+03
1.144210293907741427e-01 7.916687871826340597e+03
1.145792329630817841e-01 7.899769897918819879e+03
1.147376552746406236e-01 7.883048229369799628e+03
1.148962966278893466e-01 7.866520139585827565e+03
1.150551573256844290e-01 7.850182929722268454e+03
1.152142376713014560e-01 7.834033928170192667e+03
1.153735379684352191e-01 7.818070490052745299e+03
1.155330585212003963e-01 7.802289996730651183e+03
1.156927996341321763e-01 7.786689855316775720e+03
1.158527616121867720e-01 7.771267498199480542e+03
1.160129447607420733e-01 7.756020382574799441e+03
1.161733493855983124e-01 7.740945989987066241e+03
1.163339757929781754e-01 7.726041825878073723e+03
1.164948242895280928e-01 7.711305419144458938e+03
1.166558951823183643e-01 7.696734321703102978e+03
1.168171887788438668e-01 7.682326108064838991e+03
1.169787053870246230e-01 7.668078374915747190e+03
1.171404453152064123e-01 7.653988740706328826e+03
1.173024088721613262e-01 7.640054845248300808e+03
1.174645963670885307e-01 7.626274349318614441e+03
1.176270081096142950e-01 7.612644642685096187e+03
1.177896444097934064e-01 7.599162001202048486e+03
1.179525055781091847e-01 7.585822453832009160e+03
1.181155919254742725e-01 7.572622060639056144e+03
1.182789037632311496e-01 7.559556912124968221e+03
1.184424414031528122e-01 7.546623128585503764e+03
1.186062051574433146e-01 7.533816859486944850e+03
1.187701953387383658e-01 7.521134282862673899e+03
1.189344122601060927e-01 7.508571604729012506e+03
1.190988562350470820e-01 7.496125058520628045e+03
1.192635275774957537e-01 7.483790904544798650e+03
1.194284266018204865e-01 7.471565429454553851e+03
1.195935536228242974e-01 7.459444945740616276e+03
1.197589089557454800e-01 7.447425791241113984e+03
1.199244929162581880e-01 7.435504328669992901e+03
1.200903058204730034e-01 7.423676945162904303e+03
1.202563479849377698e-01 7.411940051840966589e+03
1.204226197266375642e-01 7.400290083391793814e+03
1.205891213629961545e-01 7.388723497667861920e+03
1.207558532118760547e-01 7.377236775302004389e+03
1.209228155915792746e-01 7.365826299977706185e+03
1.210900088208479164e-01 7.354487892488838952e+03
1.212574332188647991e-01 7.343217220325343078e+03
1.214250891052540277e-01 7.332009977685139347e+03
1.215929768000818118e-01 7.320861885150434318e+03
1.217610966238564796e-01 7.309768689341642130e+03
1.219294488975298935e-01 7.298726162595905407e+03
1.220980339424975608e-01 7.287730102670556334e+03
1.222668520805993697e-01 7.276776332470478337e+03
1.224359036341201717e-01 7.265860699799803115e+03
1.226051889257904620e-01 7.254979077137187232e+03
1.227747082787869204e-01 7.244127361434803788e+03
1.229444620167330915e-01 7.233301473940450705e+03
1.231144504637000786e-01 7.222497360042890250e+03
1.232846739442067102e-01 7.211710989139896810e+03
1.234551327832208723e-01 7.200938354529028402e+03
1.236258273061596330e-01 7.190175473320532546e+03
1.237967578388899925e-01 7.179418386372634814e+03
1.239679247077295349e-01 7.168663158248579748e+03
1.241393282394470110e-01 7.157905877976003467e+03
1.243109687612629632e-01 7.147142689128106213e+03
1.244828466008505025e-01 7.136369799157223497e+03
1.246549620863354330e-01 7.125583441554682395e+03
1.248273155462975847e-01 7.114779873168775339e+03
1.249999073097710078e-01 7.103955374285663311e+03
1.251727377062446522e-01 7.093106248729755862e+03
1.253458070656630341e-01 7.082228823983445182e+03
1.255191157184269157e-01 7.071319451325980481e+03
1.256926639953938607e-01 7.060374505990916987e+03
1.258664522278789555e-01 7.049390387342652502e+03
1.260404807476551148e-01 7.038363519070822804e+03
1.262147498869542472e-01 7.027290349403187975e+03
1.263892599784675608e-01 7.016167351336367574e+03
1.265640113553462287e-01 7.004991022884122685e+03
1.267390043512020559e-01 6.993757887343331276e+03
1.269142393001081448e-01 6.982464493576758287e+03
1.270897165365994508e-01 6.971107416313100657e+03
1.272654363956735035e-01 6.959683256463627004e+03
1.274413992127911566e-01 6.948188649799889390e+03
1.276176053238766428e-01 6.936620634562978921e+03
1.277940550653191010e-01 6.924976793042600548e+03
1.279707487739726590e-01 6.913254767087980326e+03
1.281476867871571279e-01 6.901452220045530339e+03
1.283248694426587788e-01 6.889566837049426795e+03
1.285022970787308705e-01 6.877596325319427706e+03
1.286799700340943708e-01 6.865538414465907408e+03
1.288578886479387065e-01 6.853390856801917835e+03
1.290360532599218735e-01 6.841151427662169226e+03
1.292144642101719365e-01 6.828817925728334558e+03
1.293931218392870564e-01 6.816388173361228837e+03
1.295720264883363226e-01 6.803860016938926492e+03
1.297511784988604477e-01 6.791231327201160639e+03
1.299305782128722941e-01 6.778499999599478542e+03
1.301102259728576516e-01 6.765663954653249675e+03
1.302901221217760142e-01 6.752721138310918832e+03
1.304702670030606360e-01 6.739669522316742587e+03
1.306506609606199742e-01 6.726507104582599823e+03
1.308313043388379115e-01 6.713232063577327608e+03
1.310121974825745050e-01 6.699843599115832149e+03
1.311933407371665417e-01 6.686341324946152781e+03
1.313747344484283708e-01 6.672724870829404608e+03
1.315563789626524871e-01 6.658993881631434306e+03
1.317382746266101134e-01 6.645148017442127639e+03
1.319204217875520890e-01 6.631186953693430041e+03
1.321028207932090359e-01 6.617110381275983855e+03
1.322854719917926913e-01 6.602918006654422243e+03
1.324683757319961852e-01 6.588609551981330696e+03
1.326515323629946508e-01 6.574184755209586910e+03
1.328349422344461406e-01 6.559643370203246377e+03
1.330186056964920704e-01 6.544985166846978245e+03
1.332025230997579968e-01 6.530209931153600337e+03
1.333866947953544213e-01 6.515317465370171703e+03
1.335711211348769023e-01 6.500307588082177972e+03
1.337558024704074977e-01 6.485180134316078693e+03
1.339407391545149595e-01 6.469934955639822874e+03
1.341259315402555385e-01 6.454572058220368490e+03
1.343113799811735953e-01 6.439092583507625022e+03
1.344970848313023493e-01 6.423498221406001903e+03
1.346830464451644893e-01 6.407790664627499609e+03
1.348692651777730345e-01 6.391971604798402950e+03
1.350557413846314725e-01 6.376042732231962873e+03
1.352424754217352310e-01 6.360005735703502978e+03
1.354294676455717605e-01 6.343862302228054432e+03
1.356167184131214787e-01 6.327614116840593852e+03
1.358042280818583525e-01 6.311262862378758655e+03
1.359919970097505648e-01 6.294810219268249966e+03
1.361800255552613470e-01 6.278257865310699344e+03
1.363683140773494507e-01 6.261607475474327657e+03
1.365568629354701191e-01 6.244860721687066871e+03
1.367456724895751985e-01 6.228019272632510365e+03
1.369347431001146087e-01 6.211084793548394373e+03
1.371240751280365100e-01 6.194058946027787897e+03
1.373136689347881356e-01 6.176943388590040740e+03
1.375035248823164580e-01 6.159740191082227284e+03
1.376936433330689102e-01 6.142452512520900200e+03
1.378840246499940525e-01 6.125083669759156692e+03
1.380746691965424044e-01 6.107636955660991589e+03
1.382655773366665841e-01 6.090115638711410611e+03
1.384567494348228900e-01 6.072522962642877246e+03
1.386481858559713565e-01 6.054862146077466605e+03
1.388398869655766144e-01 6.037136382185131879e+03
1.390318531296086402e-01 6.019348838357481327e+03
1.392240847145433946e-01 6.001502655897195837e+03
1.394165820873635719e-01 5.983600949722775113e+03
1.396093456155593493e-01 5.965646808088528815e+03
1.398023756671286366e-01 5.947643292319606189e+03
1.399956726105786031e-01 5.929593436561945055e+03
1.401892368149257329e-01 5.911500247546803621e+03
1.403830686496967406e-01 5.893366704370123443e+03
1.405771684849293213e-01 5.875195758285831289e+03
1.407715366911727051e-01 5.856990496483012976e+03
1.409661736394885734e-01 5.838754789005382008e+03
1.411610797014515584e-01 5.820492716850618308e+03
1.413562552491502144e-01 5.802208317141402404e+03
1.415517006551871848e-01 5.783905582872598643e+03
1.417474162926806169e-01 5.765588462764019823e+03
1.419434025352645234e-01 5.747260861140302040e+03
1.421396597570894482e-01 5.728926637836780174e+03
1.423361883328232436e-01 5.710589608131551358e+03
1.425329886376518196e-01 5.692253542702692357e+03
1.427300610472798659e-01 5.673922167610596262e+03
1.429274059379316286e-01 5.655599164304785518e+03
1.431250236863511049e-01 5.637288169654502781e+03
1.433229146698036804e-01 5.618992776002998653e+03
1.435210792660761847e-01 5.600716531244851467e+03
1.437195178534777518e-01 5.582462938925768867e+03
1.439182308108407082e-01 5.564235458491653844e+03
1.441172185175209897e-01 5.546037618429328177e+03
1.443164813533992508e-01 5.527873221880510755e+03
1.445160196988813373e-01 5.509746078795394169e+03
1.447158339348987577e-01 5.491659949216166751e+03
1.449159244429100990e-01 5.473618543544554996e+03
1.451162916049012208e-01 5.455625522834757248e+03
1.453169358033861436e-01 5.437684499111087462e+03
1.455178574214077702e-01 5.419799035709727832e+03
1.457190568425386357e-01 5.401972647644109202e+03
1.459205344508815727e-01 5.384208801993312591e+03
1.461222906310704894e-01 5.366510918312667854e+03
1.463243257682713405e-01 5.348882369066531282e+03
1.465266402481820995e-01 5.331326480082145281e+03
1.467292344570344798e-01 5.313846531024403703e+03
1.469321087815940730e-01 5.296445755890755208e+03
1.471352636091612653e-01 5.279127343525864489e+03
1.473386993275719037e-01 5.261894418717341068e+03
1.475424163251980447e-01 5.244749851880948881e+03
1.477464149909488156e-01 5.227696344158963257e+03
1.479506957142711354e-01 5.210736556543739425e+03
1.481552588851499930e-01 5.193873112300474531e+03
1.483601048941099732e-01 5.177108597517749331e+03
1.485652341322155345e-01 5.160445561670803727e+03
1.487706469910718143e-01 5.143886518197102305e+03
1.489763438628254055e-01 5.127433945083779690e+03
1.491823251401650507e-01 5.111090285466780188e+03
1.493885912163225305e-01 5.094857948241228769e+03
1.495951424850734124e-01 5.078739308682872434e+03
1.498019793407372457e-01 5.062736709080068977e+03
1.500091021781793377e-01 5.046852459376280422e+03
1.502165113928106699e-01 5.031088837822566347e+03
1.504242073805890090e-01 5.015448091640011626e+03
1.506321905380196280e-01 4.999932392913836338e+03
1.508404612621559449e-01 4.984543266615562970e+03
1.510490199506004105e-01 4.969281766813951435e+03
1.512578670015053417e-01 4.954148922478705572e+03
1.514670028135731428e-01 4.939145748242663103e+03
1.516764277860578880e-01 4.924273244811775839e+03
1.518861423187655435e-01 4.909532399376741523e+03
1.520961468120548832e-01 4.894924186025921699e+03
1.523064416668382381e-01 4.880449566159752067e+03
1.525170272845822184e-01 4.866109488906367915e+03
1.527279040673085730e-01 4.851904891538662014e+03
1.529390724175948291e-01 4.837836699892584875e+03
1.531505327385753734e-01 4.823905828786732854e+03
1.533622854339414809e-01 4.810113182443123151e+03
1.535743309079430630e-01 4.796459654909288474e+03
1.537866695653887505e-01 4.782946130481528598e+03
1.539993018116469770e-01 4.769573289990299600e+03
1.542122280526465883e-01 4.756340770924481149e+03
1.544254486948777316e-01 4.743247871271177246e+03
1.546389641453925490e-01 4.730293897641353396e+03
1.548527748118061487e-01 4.717478165469407941e+03
1.550668811022967719e-01 4.704799998974937807e+03
1.552812834256075136e-01 4.692258731125031773e+03
1.554959821910464057e-01 4.679853703597460481e+03
1.557109778084874441e-01 4.667584266744350316e+03
1.559262706883713101e-01 4.655449779556654903e+03
1.561418612417062313e-01 4.643449609629344195e+03
1.563577498800686749e-01 4.631583133127187466e+03
1.565739370156042920e-01 4.619849734751336655e+03
1.567904230610281946e-01 4.608248807706504522e+03
1.570072084296265380e-01 4.596779753668908597e+03
1.572242935352567705e-01 4.585441944322405107e+03
1.574416787923485772e-01 4.574233958615325719e+03
1.576593646159046291e-01 4.563153634531316129e+03
1.578773514215013885e-01 4.552198803826359836e+03
1.580956396252899410e-01 4.541367321589687890e+03
1.583142296439967733e-01 4.530657065778569631e+03
1.585331218949246335e-01 4.520065936762970523e+03
1.587523167959528636e-01 4.509591856880093474e+03
1.589718147655390379e-01 4.499232769998387084e+03
1.591916162227191012e-01 4.488986641091179081e+03
1.594117215871084514e-01 4.478851455819420153e+03
1.596321312789026059e-01 4.468825220123634608e+03
1.598528457188781171e-01 4.458905959824754063e+03
1.600738653283932389e-01 4.449091720233822343e+03
1.602951905293890644e-01 4.439380565770165958e+03
1.605168217443895540e-01 4.429770559339472129e+03
1.607387593965033390e-01 4.420259212241669047e+03
1.609610039094239164e-01 4.410843424461836548e+03
1.611835557074306202e-01 4.401520090688494747e+03
1.614064152153893983e-01 4.392286133225878075e+03
1.616295828587535899e-01 4.383138501417061889e+03
1.618530590635648414e-01 4.374074171088825096e+03
1.620768442564540501e-01 4.365090144017145576e+03
1.623009388646413920e-01 4.356183447413576687e+03
1.625253433159383476e-01 4.347351133431869130e+03
1.627500580387477025e-01 4.338590278694608060e+03
1.629750834620645183e-01 4.329897983839698099e+03
1.632004200154770768e-01 4.321271373086178755e+03
1.634260681291676010e-01 4.312707593819277463e+03
1.636520282339130883e-01 4.304203816194422870e+03
1.638783007610861431e-01 4.295757196089342870e+03
1.641048861426560590e-01 4.287364537807372471e+03
1.643317848111887358e-01 4.279022452162915215e+03
1.645589971998487888e-01 4.270727573430237499e+03
1.647865237423995211e-01 4.262476561745389517e+03
1.650143648732040058e-01 4.254266102763884192e+03
1.652425210272258083e-01 4.246092907344147534e+03
1.654709926400300124e-01 4.237953711256621318e+03
1.656997801477838594e-01 4.229845274917970528e+03
1.659288839872578303e-01 4.221764383150253707e+03
1.661583045958257843e-01 4.213707844964634205e+03
1.663880424114668466e-01 4.205672493369299445e+03
1.666180978727655748e-01 4.197655185201369932e+03
1.668484714189128748e-01 4.189652800982371446e+03
1.670791634897068889e-01 4.181662245014073051e+03
1.673101745255538841e-01 4.173680473339750279e+03
1.675415049674690571e-01 4.165704521135956384e+03
1.677731552570775331e-01 4.157731452849606285e+03
1.680051258366144773e-01 4.149758355536250747e+03
1.682374171489271486e-01 4.141782338849509870e+03
1.684700296374747885e-01 4.133800535050672806e+03
1.687029637463298704e-01 4.125810099038183580e+03
1.689362199201788761e-01 4.117808208396990267e+03
1.691697986043230462e-01 4.109792063467131811e+03
1.694037002446794338e-01 4.101758887431526091e+03
1.696379252877815436e-01 4.093705926422570883e+03
1.698724741807804695e-01 4.085630449647307614e+03
1.701073473714450335e-01 4.077529749530880053e+03
1.703425453081637286e-01 4.069401141911313061e+03
1.705780684399447744e-01 4.061242111361759726e+03
1.708139172164172825e-01 4.053050641923648527e+03
1.710500920878319231e-01 4.044824834325967004e+03
1.712865935050620347e-01 4.036562807583286030e+03
1.715234219196042631e-01 4.028262699168108156e+03
1.717605777835797265e-01 4.019922665191699252e+03
1.719980615497341547e-01 4.011540880593262500e+03
1.722358736714397209e-01 4.003115539336995425e+03
1.724740146026953747e-01 3.994644854617201872e+03
1.727124847981277023e-01 3.986127059070980067e+03
1.729512847129919262e-01 3.977560404998543618e+03
1.731904148031726820e-01 3.968943164590700690e+03
1.734298755251849622e-01 3.960273630163580947e+03
1.736696673361751431e-01 3.951550115195049784e+03
1.739097906939210958e-01 3.942771250895889807e+03
1.741502460568342403e-01 3.933936426488777215e+03
1.743910338839595453e-01 3.925045156162776493e+03
1.746321546349767495e-01 3.916096964912566818e+03
1.748736087702011111e-01 3.907091388633328734e+03
1.751153967505844344e-01 3.898027974215438462e+03
1.753575190377157367e-01 3.888906279638980777e+03
1.755999760938223020e-01 3.879725874068045414e+03
1.758427683817707365e-01 3.870486337944668776e+03
1.760858963650669684e-01 3.861187263082422760e+03
1.763293605078584958e-01 3.851828252759622501e+03
1.765731612749342205e-01 3.842408921812101653e+03
1.768172991317257525e-01 3.832928896725366940e+03
1.770617745443082980e-01 3.823387846023303155e+03
1.773065879794013533e-01 3.813786090471243824e+03
1.775517399043698152e-01 3.804124566294899978e+03
1.777972307872248969e-01 3.794404232911587314e+03
1.780430610966244054e-01 3.784626048238415024e+03
1.782892313018746566e-01 3.774790968577038257e+03
1.785357418729306977e-01 3.764899948499967650e+03
1.787825932803973339e-01 3.754953940738176243e+03
1.790297859955300164e-01 3.744953896070291648e+03
1.792773204902358419e-01 3.734900763213127902e+03
1.795251972370743299e-01 3.724795488713822124e+03
1.797734167092585877e-01 3.714639016843264471e+03
1.800219793806555058e-01 3.704432289491240226e+03
1.802708857257876163e-01 3.694176246472972707e+03
1.805201362198334269e-01 3.683872107402900383e+03
1.807697313386284477e-01 3.673521858840098048e+03
1.810196715586661065e-01 3.663127603625352549e+03
1.812699573570985823e-01 3.652691428135826300e+03
1.815205892117378594e-01 3.642215402058043765e+03
1.817715676010565606e-01 3.631701578171964229e+03
1.820228930041890292e-01 3.621151992145975782e+03
1.822745659009315233e-01 3.610568662342776861e+03
1.825265867717442425e-01 3.599953589635914341e+03
1.827789560977515493e-01 3.589308757236930433e+03
1.830316743607429408e-01 3.578636130533022424e+03
1.832847420431741592e-01 3.567937656935006089e+03
1.835381596281679684e-01 3.557215265735501816e+03
1.837919275995150981e-01 3.546471000258688491e+03
1.840460464416753816e-01 3.535707443642704675e+03
1.843005166397779504e-01 3.524927300152115095e+03
1.845553386796232598e-01 3.514133245183521922e+03
1.848105130476832281e-01 3.503327925146338657e+03
1.850660402311024300e-01 3.492513957364428279e+03
1.853219207176989847e-01 3.481693929997300529e+03
1.855781549959654719e-01 3.470870401980393581e+03
1.858347435550698756e-01 3.460045902984359600e+03
1.860916868848567496e-01 3.449222933392634332e+03
1.863489854758473285e-01 3.438403964297317998e+03
1.866066398192416653e-01 3.427591437512715402e+03
1.868646504069187420e-01 3.416787765623007999e+03
1.871230177314376353e-01 3.405995396704201539e+03
1.873817422860384885e-01 3.395216959570720064e+03
1.876408245646433992e-01 3.384455093321202185e+03
1.879002650618573633e-01 3.373712404083707042e+03
1.881600642729693018e-01 3.362991465150958447e+03
1.884202226939530600e-01 3.352294817135525136e+03
1.886807408214677129e-01 3.341624968144322793e+03
1.889416191528596189e-01 3.330984393972030830e+03
1.892028581861625591e-01 3.320375538313132438e+03
1.894644584200989024e-01 3.309800812991913972e+03
1.897264203540806882e-01 3.299262598210254055e+03
1.899887444882103205e-01 3.288763242812639874e+03
1.902514313232817611e-01 3.278305062405061108e+03
1.905144813607815291e-01 3.267890248129787778e+03
1.907778951028890058e-01 3.257520834492486301e+03
1.910416730524784057e-01 3.247198819562471272e+03
1.913058157131191372e-01 3.236926174519255710e+03
1.915703235890768019e-01 3.226704843973770039e+03
1.918351971853142213e-01 3.216536746301162566e+03
1.921004370074924361e-01 3.206423773985097341e+03
1.923660435619716225e-01 3.196367793973060998e+03
1.926320173558122295e-01 3.186370648042476205e+03
1.928983588967752849e-01 3.176434153177364351e+03
1.931650686933243655e-01 3.166560101955197752e+03
1.934321472546259579e-01 3.156750262943820417e+03
1.936995950905504860e-01 3.147006290079343671e+03
1.939674127116733648e-01 3.137329344772955210e+03
1.942356006292759452e-01 3.127720421013057603e+03
1.945041593553465398e-01 3.118180498970783901e+03
1.947730894025812842e-01 3.108710545354488204e+03
1.950423912843854690e-01 3.099311513690550328e+03
1.953120655148735674e-01 3.089984344607124058e+03
1.955821126088715389e-01 3.080729966120244171e+03
1.958525330819169963e-01 3.071549293922497327e+03
1.961233274502602320e-01 3.062443231674190429e+03
1.963944962308654674e-01 3.053412671296827284e+03
1.966660399414116300e-01 3.044458493268962229e+03
1.969379591002934082e-01 3.035581519329662569e+03
1.972102542266225000e-01 3.026781990319889701e+03
1.974829258402276966e-01 3.018059767420224034e+03
1.977559744616571302e-01 3.009414706162546281e+03
1.980294006121785244e-01 3.000846663228861871e+03
1.983032048137802206e-01 2.992355496496015803e+03
1.985773875891723994e-01 2.983941065080118278e+03
1.988519494617879135e-01 2.975603229380849825e+03
1.991268909557833422e-01 2.967341851125557696e+03
1.994022125960401570e-01 2.959156793413138985e+03
1.996779149081649996e-01 2.951047920757829161e+03
1.999539984184918184e-01 2.943015099132723208e+03
2.002304636540820915e-01 2.935058157519906217e+03
2.005073111427260191e-01 2.927176363718579523e+03
2.007845414129436068e-01 2.919368566861616273e+03
2.010621549939855535e-01 2.911633617869073078e+03
2.013401524158343614e-01 2.903970379969177884e+03
2.016185342092052524e-01 2.896377728485609623e+03
2.018973009055475554e-01 2.888854550628822835e+03
2.021764530370446511e-01 2.881399745291685122e+03
2.024559911366164699e-01 2.874012222849023601e+03
2.027359157379195198e-01 2.866690904961346405e+03
2.030162273753481628e-01 2.859434724382348577e+03
2.032969265840356698e-01 2.852242624770425664e+03
2.035780138998551925e-01 2.845113500924188884e+03
2.038594898594207616e-01 2.838045741714025553e+03
2.041413550000886756e-01 2.831037486576119136e+03
2.044236098599574725e-01 2.824086891121620283e+03
2.047062549778703444e-01 2.817192129006458345e+03
2.049892908934153324e-01 2.810351391605339359e+03
2.052727181469264917e-01 2.803562887697215956e+03
2.055565372794850298e-01 2.796824843162213710e+03
2.058407488329201951e-01 2.790135500689782475e+03
2.061253533498104418e-01 2.783493119497843054e+03
2.064103513734846518e-01 2.776895975062802790e+03
2.066957434480222455e-01 2.770342358809576581e+03
2.069815301182555967e-01 2.763830476922936214e+03
2.072677119297701154e-01 2.757358240302391096e+03
2.075542894289056362e-01 2.750923519004793434e+03
2.078412631627573615e-01 2.744524202499074818e+03
2.081286336791768610e-01 2.738158199402610535e+03
2.084164015267733205e-01 2.731823437233550976e+03
2.087045672549143471e-01 2.725517862178917312e+03
2.089931314137274121e-01 2.719239438878176770e+03
2.092820945540999067e-01 2.712986150222131982e+03
2.095714572276815846e-01 2.706755997166799261e+03
2.098612199868847561e-01 2.700546998562078898e+03
2.101513833848854540e-01 2.694357189591808037e+03
2.104419479756245714e-01 2.688184602691180316e+03
2.107329143138089722e-01 2.682027272623909994e+03
2.110242829549123789e-01 2.675883251467890204e+03
2.113160544551768438e-01 2.669750608893439221e+03
2.116082293716128049e-01 2.663627432075354136e+03
2.119008082620014721e-01 2.657511825618579678e+03
2.121937916848951333e-01 2.651401911497663150e+03
2.124871801996182918e-01 2.645295829009401132e+03
2.127809743662688047e-01 2.639191734738732976e+03
2.130751747457189649e-01 2.633087802537540483e+03
2.133697818996165285e-01 2.626982225312894116e+03
2.136647963903860747e-01 2.620873343762488730e+03
2.139602187812291167e-01 2.614759730926910834e+03
2.142560496361265165e-01 2.608639994243845194e+03
2.145522895198387625e-01 2.602512755032193127e+03
2.148489389979071629e-01 2.596376648527570524e+03
2.151459986366549559e-01 2.590230323924925870e+03
2.154434690031884481e-01 2.584072444428242761e+03
2.157413506653980129e-01 2.577901687307060456e+03
2.160396441919592569e-01 2.571716743959848372e+03
2.163383501523342411e-01 2.565516319983888934e+03
2.166374691167717303e-01 2.559299135903006572e+03
2.169370016563096082e-01 2.553064102972660294e+03
2.172369483427751269e-01 2.546810558592645066e+03
2.175373097487861285e-01 2.540537908060430709e+03
2.178380864477521550e-01 2.534245564858846137e+03
2.181392790138755866e-01 2.527932950704915129e+03
2.184408880221528071e-01 2.521599495599774855e+03
2.187429140483752865e-01 2.515244637879766287e+03
2.190453576691300808e-01 2.508867824268579170e+03
2.193482194618020520e-01 2.502468509930347864e+03
2.196515000045741461e-01 2.496046158523815848e+03
2.199551998764287808e-01 2.489600243730783859e+03
2.202593196571488998e-01 2.483130481579052685e+03
2.205638599273190281e-01 2.476637080719009191e+03
2.208688212683264929e-01 2.470120311639444935e+03
2.211742042623626447e-01 2.463580445288197552e+03
2.214800094924231355e-01 2.457017753053461092e+03
2.217862375423104160e-01 2.450432506745028604e+03
2.220928889966338193e-01 2.443824978575651130e+03
2.223999644408110876e-01 2.437195441142363961e+03
2.227074644610692877e-01 2.430544167407783334e+03
2.230153896444461159e-01 2.423871430681517268e+03
2.233237405787908414e-01 2.417177514384568440e+03
2.236325178527656110e-01 2.410463021920040319e+03
2.239417220558466426e-01 2.403728936167195116e+03
2.242513537783245303e-01 2.396976254860033350e+03
2.245614136113067427e-01 2.390205967663046067e+03
2.248719021467177337e-01 2.383419056099830414e+03
2.251828199773004968e-01 2.376616493485479168e+03
2.254941676966174535e-01 2.369799244862774685e+03
2.258059458990517854e-01 2.362968266942069022e+03
2.261181551798085165e-01 2.356124508044936647e+03
2.264307961349157350e-01 2.349268908051373728e+03
2.267438693612250922e-01 2.342402443899452010e+03
2.270573754564140512e-01 2.335526425081228354e+03
2.273713150189862475e-01 2.328642302976133124e+03
2.276856886482728770e-01 2.321751514715360827e+03
2.280004969444337504e-01 2.314855482343928998e+03
2.283157405084584590e-01 2.307955612781746368e+03
2.286314199421676518e-01 2.301053297793159800e+03
2.289475358482142286e-01 2.294149913964976349e+03
2.292640888300836455e-01 2.287246822692677142e+03
2.295810794920965237e-01 2.280345370174702566e+03
2.298985084394087330e-01 2.273446888754293468e+03
2.302163762780129186e-01 2.266552788783673350e+03
2.305346836147395828e-01 2.259664616380231109e+03
2.308534310572582793e-01 2.252783913547918019e+03
2.311726192140786673e-01 2.245912204021494745e+03
2.314922486945518443e-01 2.239050993319926420e+03
2.318123201088716501e-01 2.232201768809918121e+03
2.321328340680748892e-01 2.225365999779458889e+03
2.324537911840438842e-01 2.218545137521100060e+03
2.327751920695067533e-01 2.211740615424812404e+03
2.330970373380388538e-01 2.204953849080185137e+03
2.334193276040638365e-01 2.198186226836140122e+03
2.337420634828548949e-01 2.191439079291239523e+03
2.340652455905359586e-01 2.184713709589201699e+03
2.343888745440830257e-01 2.178011404307567773e+03
2.347129509613244680e-01 2.171333433596616942e+03
2.350374754609436401e-01 2.164681051325567296e+03
2.353624486624789902e-01 2.158055495236167644e+03
2.356878711863256426e-01 2.151457987103337018e+03
2.360137436537364519e-01 2.144889732902741343e+03
2.363400666868233357e-01 2.138351922985148576e+03
2.366668409085582736e-01 2.131845703734631570e+03
2.369940669427748892e-01 2.125371992909806522e+03
2.373217454141685889e-01 2.118931599236564580e+03
2.376498769482992546e-01 2.112525320155651571e+03
2.379784621715914650e-01 2.106153942462979103e+03
2.383075017113359118e-01 2.099818242460235979e+03
2.386369961956905650e-01 2.093518986108362242e+03
2.389669462536819777e-01 2.087256929183671673e+03
2.392973525152063685e-01 2.081032817436646837e+03
2.396282156110309536e-01 2.074847386753298451e+03
2.399595361727952236e-01 2.068701326323991907e+03
2.402913148330113324e-01 2.062594994927077551e+03
2.406235522250667058e-01 2.056528581113516793e+03
2.409562489832242638e-01 2.050502268948645451e+03
2.412894057426238359e-01 2.044516239459359213e+03
2.416230231392835215e-01 2.038570670701486506e+03
2.419571018101007165e-01 2.032665737827182738e+03
2.422916423928534735e-01 2.026801613152326127e+03
2.426266455262019173e-01 2.020978466223934447e+03
2.429621118496884113e-01 2.015196463887589061e+03
2.432980420037403890e-01 2.009455712307046042e+03
2.436344366296704922e-01 2.003755941578881902e+03
2.439712963696780423e-01 1.998096735799734006e+03
2.443086218668503451e-01 1.992477682709729152e+03
2.446464137651638282e-01 1.986898374023927090e+03
2.449846727094853183e-01 1.981358405382261708e+03
2.453233993455735118e-01 1.975857376300146598e+03
2.456625943200792528e-01 1.970394890119819138e+03
2.460022582805481417e-01 1.964970553962276654e+03
2.463423918754209518e-01 1.959583978652531641e+03
2.466829957540349061e-01 1.954234674978181829e+03
2.470240705666251202e-01 1.948921821309514144e+03
2.473656169643257408e-01 1.943644535966369403e+03
2.477076355991711387e-01 1.938401946235719834e+03
2.480501271240975469e-01 1.933193188238183211e+03
2.483930921929431990e-01 1.928017406798400998e+03
2.487365314604510769e-01 1.922873755319028533e+03
2.490804455822692165e-01 1.917761395658493711e+03
2.494248352149521508e-01 1.912679498012301565e+03
2.497697010159622422e-01 1.907627236527431933e+03
2.501150436436708757e-01 1.902603650025950401e+03
2.504608637573597085e-01 1.897607612817447944e+03
2.508071620172219185e-01 1.892637999974800550e+03
2.511539390843638975e-01 1.887693697786712619e+03
2.515011956208051402e-01 1.882773603618139305e+03
2.518489322894813531e-01 1.877876625777186291e+03
2.521971497542446206e-01 1.873001683388332140e+03
2.525458486798649038e-01 1.868147706271888183e+03
2.528950297320311513e-01 1.863313634829578859e+03
2.532446935773529639e-01 1.858498406396024620e+03
2.535948408833613721e-01 1.853700897603365547e+03
2.539454723185108342e-01 1.848919972903693406e+03
2.542965885521791258e-01 1.844154508024924326e+03
2.546481902546703924e-01 1.839403389891534516e+03
2.550002780972153160e-01 1.834665516538088241e+03
2.553528527519725588e-01 1.829939797029441706e+03
2.557059148920302061e-01 1.825225151387431879e+03
2.560594651914070430e-01 1.820520510524036581e+03
2.564135043250536650e-01 1.815824818918117899e+03
2.567680329688541985e-01 1.811137090338435655e+03
2.571230517996265230e-01 1.806456404775073679e+03
2.574785614951250468e-01 1.801781853954735652e+03
2.578345627340410395e-01 1.797112539019400401e+03
2.581910561960041872e-01 1.792447570497442939e+03
2.585480425615838129e-01 1.787786068279164738e+03
2.589055225122902093e-01 1.783127161596682299e+03
2.592634967305760263e-01 1.778469989008091261e+03
2.596219658998374369e-01 1.773813699094054527e+03
2.599809307044158024e-01 1.769157542039175723e+03
2.603403918295979502e-01 1.764500958937832820e+03
2.607003499616188380e-01 1.759843418739794515e+03
2.610608057876621646e-01 1.755184396564150575e+03
2.614217599958617022e-01 1.750523373701596938e+03
2.617832132753025731e-01 1.745859837618262191e+03
2.621451663160227485e-01 1.741193281961005368e+03
2.625076198090142698e-01 1.736523206564212614e+03
2.628705744462249139e-01 1.731849117501277078e+03
2.632340309205581375e-01 1.727170611552104447e+03
2.635979899258765746e-01 1.722487551054610776e+03
2.639624521570015925e-01 1.717799850770434432e+03
2.643274183097155672e-01 1.713107427393414127e+03
2.646928890807626611e-01 1.708410199550794232e+03
2.650588651678505991e-01 1.703708087804476691e+03
2.654253472696515570e-01 1.699001014652226786e+03
2.657923360858042150e-01 1.694288904528849798e+03
2.661598323169135916e-01 1.689571683813895334e+03
2.665278366645543739e-01 1.684849358376642840e+03
2.668963498312709182e-01 1.680122204952248239e+03
2.672653725205789144e-01 1.675390556939874386e+03
2.676349054369668856e-01 1.670654745096007446e+03
2.680049492858973537e-01 1.665915097524607972e+03
2.683755047738081712e-01 1.661171939667836796e+03
2.687465726081140205e-01 1.656425594297386397e+03
2.691181534972079681e-01 1.651676381506381404e+03
2.694902481504616865e-01 1.646924618787187683e+03
2.698628572782285073e-01 1.642170696202786758e+03
2.702359815918435881e-01 1.637415213018704890e+03
2.706096218036256329e-01 1.632658799790395960e+03
2.709837786268783355e-01 1.627902080580322263e+03
2.713584527758914344e-01 1.623145672953568237e+03
2.717336449659424891e-01 1.618390187975765684e+03
2.721093559132981565e-01 1.613636230213336830e+03
2.724855863352146912e-01 1.608884397736002484e+03
2.728623369499408313e-01 1.604135282981310638e+03
2.732396084767181876e-01 1.599389540815991722e+03
2.736174016357826866e-01 1.594647936776191045e+03
2.739957171483662912e-01 1.589911239287775516e+03
2.743745557366980559e-01 1.585180207966246371e+03
2.747539181240055695e-01 1.580455593640538609e+03
2.751338050345167319e-01 1.575738138380362670e+03
2.755142171934599760e-01 1.571028575527094290e+03
2.758951553270673207e-01 1.566327629728059492e+03
2.762766201625744822e-01 1.561636018102802609e+03
2.766586124282228165e-01 1.556954467332787317e+03
2.770411328532605966e-01 1.552283709982781374e+03
2.774241821679443443e-01 1.547624470108048627e+03
2.778077611035401628e-01 1.542977462881676502e+03
2.781918703923254022e-01 1.538343394651170684e+03
2.785765107675901575e-01 1.533722962998317144e+03
2.789616829636373807e-01 1.529116856802251505e+03
2.793473877157863217e-01 1.524525756305622963e+03
2.797336257603726395e-01 1.519950315271722729e+03
2.801203978347499568e-01 1.515391100996574778e+03
2.805077046772915250e-01 1.510848652178811335e+03
2.808955470273913901e-01 1.506323500569191538e+03
2.812839256254660025e-01 1.501816171037379945e+03
2.816728412129557713e-01 1.497327181640024037e+03
2.820622945323254527e-01 1.492857043690657065e+03
2.824522863270671480e-01 1.488406261831257098e+03
2.828428173417008029e-01 1.483975330367391962e+03
2.832338883217755399e-01 1.479564633009372528e+03
2.836255000138715454e-01 1.475174433149399420e+03
2.840176531656011250e-01 1.470804984464793279e+03
2.844103485256103125e-01 1.466456537010242982e+03
2.848035868435804807e-01 1.462129337264403603e+03
2.851973688702287846e-01 1.457823628176825196e+03
2.855916953573111039e-01 1.453539649215239024e+03
2.859865670576225982e-01 1.449277636407510499e+03
2.863819847249990391e-01 1.445037768200654000e+03
2.867779491143186976e-01 1.440820033956233374e+03
2.871744609815035099e-01 1.436624382504154710e+03
2.875715210835205760e-01 1.432450762656674897e+03
2.879691301783834922e-01 1.428299123213519124e+03
2.883672890251544607e-01 1.424169412966969276e+03
2.887659983839441225e-01 1.420061580706911855e+03
2.891652590159150549e-01 1.415975575225831562e+03
2.895650716832818272e-01 1.411911326551036836e+03
2.899654371493131100e-01 1.407868593822151979e+03
2.903663561783326741e-01 1.403847046922422805e+03
2.907678295357211673e-01 1.399846358070899214e+03
2.911698579879175575e-01 1.395866202662389242e+03
2.915724423024207423e-01 1.391906259231009244e+03
2.919755832477898272e-01 1.387966209414458945e+03
2.923792815936476774e-01 1.384045737918950408e+03
2.927835381106808077e-01 1.380144527994549435e+03
2.931883535706412691e-01 1.376262170164798135e+03
2.935937287463483703e-01 1.372398167367954102e+03
2.939996644116897873e-01 1.368552023928928065e+03
2.944061613416232293e-01 1.364723249232531316e+03
2.948132203121782702e-01 1.360911357668509027e+03
2.952208421004565153e-01 1.357115868578318896e+03
2.956290274846349320e-01 1.353336306203518916e+03
2.960377772439660715e-01 1.349572198482036811e+03
2.964470921587800123e-01 1.345823030193877457e+03
2.968569730104856919e-01 1.342088227336309956e+03
2.972674205815724613e-01 1.338367217396431215e+03
2.976784356556115840e-01 1.334659433817022318e+03
2.980900190172577346e-01 1.330964315943761221e+03
2.985021714522507752e-01 1.327281308974812646e+03
2.989148937474160328e-01 1.323609863912757419e+03
2.993281866906677413e-01 1.319949437575171260e+03
2.997420510710090968e-01 1.316299495473394700e+03
3.001564876785342562e-01 1.312659513149997338e+03
3.005714973044298910e-01 1.309028972052796462e+03
3.009870807409764648e-01 1.305407359141584493e+03
3.014032387815500091e-01 1.301794166853544311e+03
3.018199722206236779e-01 1.298188893070670929e+03
3.022372818537683026e-01 1.294591041089184955e+03
3.026551684776556117e-01 1.291000120723358805e+03
3.030736328900583976e-01 1.287415690442273444e+03
3.034926758898526811e-01 1.283837369315416254e+03
3.039122982770189885e-01 1.280264784292027798e+03
3.043325008526437947e-01 1.276697566460526559e+03
3.047532844189214107e-01 1.273135351032207609e+03
3.051746497791554824e-01 1.269577777326051773e+03
3.055965977377593790e-01 1.266024488754548429e+03
3.060191291002597458e-01 1.262475137247317662e+03
3.064422446732965044e-01 1.258929463745060275e+03
3.068659452646249619e-01 1.255387288628939586e+03
3.072902316831173652e-01 1.251848437186968795e+03
3.077151047387641780e-01 1.248312736851714817e+03
3.081405652426758568e-01 1.244780017194815400e+03
3.085666140070843499e-01 1.241250109921778176e+03
3.089932518453449295e-01 1.237722848866974118e+03
3.094204795719364687e-01 1.234198084016324174e+03
3.098482980024650502e-01 1.230675784384549388e+03
3.102767079536639661e-01 1.227155977788742803e+03
3.107057102433958828e-01 1.223638692418237724e+03
3.111353056906541736e-01 1.220123956403827833e+03
3.115654951155647501e-01 1.216611797817171009e+03
3.119962793393872835e-01 1.213102244670147684e+03
3.124276591845173701e-01 1.209595324923381668e+03
3.128596354744867525e-01 1.206091104076912416e+03
3.132922090339667620e-01 1.202589770095096810e+03
3.137253806887685403e-01 1.199091534110398243e+03
3.141591512658451490e-01 1.195596605037145082e+03
3.145935215932930129e-01 1.192105189575947861e+03
3.150284925003534742e-01 1.188617492218489815e+03
3.154640648174145134e-01 1.185133715252671664e+03
3.159002393760124150e-01 1.181654060640723856e+03
3.163370170088323774e-01 1.178178782512174848e+03
3.167743985497117332e-01 1.174708193581572687e+03
3.172123848336405039e-01 1.171242606299592580e+03
3.176509766967631210e-01 1.167782329524646457e+03
3.180901749763801467e-01 1.164327668535884413e+03
3.185299805109498283e-01 1.160878925046990162e+03
3.189703941400897635e-01 1.157436397220767503e+03
3.194114167045782882e-01 1.154000387059637660e+03
3.198530490463566966e-01 1.150571230716757782e+03
3.202952920085294086e-01 1.147149272356248957e+03
3.207381464353674105e-01 1.143734851985753039e+03
3.211816131723088108e-01 1.140328305473276032e+03
3.216256930659606716e-01 1.136929964570487755e+03
3.220703869641005079e-01 1.133540156936976473e+03
3.225156957156780635e-01 1.130159205908483955e+03
3.229616201708168655e-01 1.126787423602118452e+03
3.234081611808162227e-01 1.123425110255059508e+03
3.238553195981515032e-01 1.120072561887992379e+03
3.243030962764776315e-01 1.116730070751306357e+03
3.247514920706296437e-01 1.113397925353255914e+03
3.252005078366244639e-01 1.110076410488832380e+03
3.256501444316624583e-01 1.106765807263182751e+03
3.261004027141293782e-01 1.103466376937092036e+03
3.265512835435977479e-01 1.100178326209191482e+03
3.270027877808288630e-01 1.096901848917746975e+03
3.274549162877731789e-01 1.093637136255791575e+03
3.279076699275739193e-01 1.090384376795384469e+03
3.283610495645674643e-01 1.087143756512251230e+03
3.288150560642851827e-01 1.083915458810691689e+03
3.292696902934550973e-01 1.080699655040790503e+03
3.297249531200038275e-01 1.077496437268081536e+03
3.301808454130577553e-01 1.074305858879564539e+03
3.306373680429451900e-01 1.071127972000004775e+03
3.310945218811979784e-01 1.067962827751460054e+03
3.315523078005520596e-01 1.064810476264592580e+03
3.320107266749510178e-01 1.061670966689940769e+03
3.324697793795464706e-01 1.058544344081407644e+03
3.329294667907000682e-01 1.055430592069363229e+03
3.333897897859852133e-01 1.052329639391915180e+03
3.338507492441885049e-01 1.049241413259968340e+03
3.343123460453117368e-01 1.046165841351115660e+03
3.347745810705738401e-01 1.043102851806292392e+03
3.352374552024108834e-01 1.040052373226441887e+03
3.357009693244802917e-01 1.037014333564032313e+03
3.361651243216608465e-01 1.033988611434944232e+03
3.366299210800547392e-01 1.030975017658817478e+03
3.370953604869895148e-01 1.027973359842139644e+03
3.375614434310192924e-01 1.024983447469109933e+03
3.380281708019269860e-01 1.022005091884379908e+03
3.384955434907260807e-01 1.019038106276120743e+03
3.389635623896607997e-01 1.016082305406867249e+03
3.394322283922102668e-01 1.013137483440768847e+03
3.399015423930884516e-01 1.010203396963013233e+03
3.403715052882466119e-01 1.007279800999520830e+03
3.408421179748745700e-01 1.004366453099472892e+03
3.413133813514027670e-01 1.001463113313795361e+03
3.417852963175037617e-01 9.985695441741893319e+02
3.422578637740941732e-01 9.956855105872547256e+02
3.427310846233365127e-01 9.928107705429891894e+02
3.432049597686396281e-01 9.899450669296352316e+02
3.436794901146624781e-01 9.870881433962016445e+02
3.441546765673146324e-01 9.842397463077738848e+02
3.446305200337580477e-01 9.813996247253991214e+02
3.451070214224090105e-01 9.785675303866114518e+02
3.455841816429399138e-01 9.757432177656005479e+02
3.460620016062808113e-01 9.729264498626874911e+02
3.465404822246215821e-01 9.701170020661668332e+02
3.470196244114123196e-01 9.673146531225014542e+02
3.474994290813672171e-01 9.645191841746230921e+02
3.479798971504647898e-01 9.617303787471322494e+02
3.484610295359499288e-01 9.589480227320235599e+02
3.489428271563358441e-01 9.561719050975863183e+02
3.494252909314057853e-01 9.534018428527379001e+02
3.499084217822145959e-01 9.506376870548726856e+02
3.503922206310910448e-01 9.478792924109180831e+02
3.508766884016380483e-01 9.451265152340614577e+02
3.513618260187367226e-01 9.423792134354296195e+02
3.518476344085463836e-01 9.396372465160101228e+02
3.523341144985071560e-01 9.369004782511657368e+02
3.528212672173412501e-01 9.341688157196640532e+02
3.533090934950551265e-01 9.314421999333458189e+02
3.537975942629410508e-01 9.287205734554986520e+02
3.542867704535789253e-01 9.260038794944946403e+02
3.547766230008385091e-01 9.232920619007371670e+02
3.552671528398795853e-01 9.205850651636126258e+02
3.557583609071561237e-01 9.178828429797957824e+02
3.562502481404164478e-01 9.151854070924470079e+02
3.567428154787053995e-01 9.124927927509756955e+02
3.572360638623662821e-01 9.098050348533547549e+02
3.577299942330425808e-01 9.071221678731443490e+02
3.582246075336795732e-01 9.044442258612709793e+02
3.587199047085269377e-01 9.017712424695216669e+02
3.592158867031384761e-01 8.991032647181741595e+02
3.597125544643767214e-01 8.964403763506667246e+02
3.602099089404129373e-01 8.937826663382037395e+02
3.607079510807292833e-01 8.911302225619873525e+02
3.612066818361208687e-01 8.884831318184728843e+02
3.617061021586972513e-01 8.858414798246968758e+02
3.622062130018845472e-01 8.832053524268176261e+02
3.627070153204273728e-01 8.805748627186892463e+02
3.632085100703895120e-01 8.779501510420406021e+02
3.637106982091574681e-01 8.753313572647377896e+02
3.642135806954413524e-01 8.727186194997547091e+02
3.647171584892767160e-01 8.701120741151979701e+02
3.652214325520264926e-01 8.675118557445293845e+02
3.657264038463828304e-01 8.649180972858051746e+02
3.662320733363689795e-01 8.623309298664836433e+02
3.667384419873410684e-01 8.597504828939177060e+02
3.672455107659904350e-01 8.571768840847752244e+02
3.677532806403436827e-01 8.546102594762907074e+02
3.682617525797671210e-01 8.520507334376461586e+02
3.687709275549669874e-01 8.494984285769648977e+02
3.692808065379916127e-01 8.469534618190399442e+02
3.697913905022333081e-01 8.444159432813615922e+02
3.703026804224302526e-01 8.418859812253335804e+02
3.708146772746683806e-01 8.393636824191268033e+02
3.713273820363835465e-01 8.368491521491706635e+02
3.718407956863619135e-01 8.343424942317841442e+02
3.723549192047440615e-01 8.318438050388219835e+02
3.728697535730255419e-01 8.293531511014456328e+02
3.733852997740587099e-01 8.268705894761340005e+02
3.739015587920551109e-01 8.243961763052134302e+02
3.744185316125868690e-01 8.219299668261795659e+02
3.749362192225890178e-01 8.194720153796117756e+02
3.754546226103613327e-01 8.170223738890894083e+02
3.759737427655691633e-01 8.145810641057722705e+02
3.764935806792471529e-01 8.121480809141427244e+02
3.770141373437998489e-01 8.097234180714152671e+02
3.775354137530040899e-01 8.073070691630446163e+02
3.780574109020105045e-01 8.048990276047294401e+02
3.785801297873458982e-01 8.024992865963419035e+02
3.791035714069148077e-01 8.001078281368546641e+02
3.796277367600014996e-01 7.977246092003903186e+02
3.801526268472723569e-01 7.953495835863816410e+02
3.806782426707760458e-01 7.929827054001925717e+02
3.812045852339479568e-01 7.906239290510321780e+02
3.817316555416105373e-01 7.882732092498862357e+02
3.822594545999754012e-01 7.859304942668908325e+02
3.827879834166455497e-01 7.835956967294762308e+02
3.833172430006170361e-01 7.812687180866588506e+02
3.838472343622810201e-01 7.789494607181325136e+02
3.843779585134260990e-01 7.766378279352976506e+02
3.849094164672386409e-01 7.743337239740380937e+02
3.854416092383069481e-01 7.720370528875048421e+02
3.859745378426218676e-01 7.697477068935339730e+02
3.865082032975790116e-01 7.674655710667651647e+02
3.870426066219806449e-01 7.651905315021984961e+02
3.875777488360376277e-01 7.629224754447375290e+02
3.881136309613714697e-01 7.606612912806567692e+02
3.886502540210166057e-01 7.584068685133847794e+02
3.891876190394207291e-01 7.561590973781458160e+02
3.897257270424492881e-01 7.539178688222158371e+02
3.902645790573856521e-01 7.516830748921413488e+02
3.908041761129334990e-01 7.494546087453021528e+02
3.913445192392189242e-01 7.472323646422219099e+02
3.918856094677923285e-01 7.450162379843418421e+02
3.924274478316303605e-01 7.428061276329000293e+02
3.929700353651383038e-01 7.406019369853632952e+02
3.935133731041504657e-01 7.384035707217260551e+02
3.940574620859344512e-01 7.362109345161035208e+02
3.946023033491918297e-01 7.340239350303536412e+02
3.951478979340601327e-01 7.318424800234220129e+02
3.956942468821151304e-01 7.296664894451853343e+02
3.962413512363727741e-01 7.274959044705728957e+02
3.967892120412909729e-01 7.253306690218915946e+02
3.973378303427719249e-01 7.231707275787341587e+02
3.978872071881641714e-01 7.210160251746100357e+02
3.984373436262633184e-01 7.188665074703869777e+02
3.989882407073161441e-01 7.167221304652487106e+02
3.995398994830213213e-01 7.145828698392975866e+02
4.000923210065314706e-01 7.124487037135188530e+02
4.006455063324553811e-01 7.103196103747075085e+02
4.011994565168601201e-01 7.081955682745068543e+02
4.017541726172727534e-01 7.060765561294347208e+02
4.023096556926830658e-01 7.039625633137816294e+02
4.028659068035437274e-01 7.018535987157039244e+02
4.034229270117749011e-01 6.997496731427175973e+02
4.039807173807646312e-01 6.976507971794770810e+02
4.045392789753712304e-01 6.955569811891369909e+02
4.050986128619253335e-01 6.934682354630712098e+02
4.056587201082318406e-01 6.913845788028083916e+02
4.062196017835722484e-01 6.893060430962634655e+02
4.067812589587066485e-01 6.872326608885864516e+02
4.073436927058746160e-01 6.851644642307746835e+02
4.079069040987992611e-01 6.831014846827962401e+02
4.084708942126881182e-01 6.810437536727188217e+02
4.090356641242350877e-01 6.789913123842121649e+02
4.096012149116229351e-01 6.769442129119776155e+02
4.101675476545251220e-01 6.749025072208924030e+02
4.107346634341078606e-01 6.728662465290808541e+02
4.113025633330323338e-01 6.708354813129725471e+02
4.118712484354569159e-01 6.688102608075972739e+02
4.124407198270379493e-01 6.667906265465255728e+02
4.130109785949339085e-01 6.647766143426428016e+02
4.135820258278061212e-01 6.627682593230638304e+02
4.141538626158211001e-01 6.607655960504598625e+02
4.147264900506527074e-01 6.587686585272125512e+02
4.152999092254841540e-01 6.567774811137250026e+02
4.158741212350101635e-01 6.547921036931445542e+02
4.164491271754394153e-01 6.528125680013156398e+02
4.170249281444950995e-01 6.508389151239956618e+02
4.176015252414192469e-01 6.488711854943644539e+02
4.181789195669735060e-01 6.469094188936931005e+02
4.187571122234414189e-01 6.449536467064865519e+02
4.193361043146305867e-01 6.430038761370799421e+02
4.199158969458747226e-01 6.410601096486080905e+02
4.204964912240359842e-01 6.391223495074921175e+02
4.210778882575071935e-01 6.371905977852227352e+02
4.216600891562125031e-01 6.352648562692454561e+02
4.222430950316118925e-01 6.333451228995468227e+02
4.228269069967017790e-01 6.314313906564524359e+02
4.234115261660173490e-01 6.295236521066905198e+02
4.239969536556348895e-01 6.276218997371959176e+02
4.245831905831737307e-01 6.257261259560144708e+02
4.251702380677985227e-01 6.238363212266971232e+02
4.257580972302212885e-01 6.219524593037258455e+02
4.263467691927041447e-01 6.200745053419885835e+02
4.269362550790594679e-01 6.182024246703082326e+02
4.275265560146547794e-01 6.163361828688530295e+02
4.281176731264131896e-01 6.144757457633076001e+02
4.287096075428159514e-01 6.126210769091803741e+02
4.293023603939045696e-01 6.107721333692264807e+02
4.298959328112830769e-01 6.089288714367243074e+02
4.304903259281199768e-01 6.070912477727011947e+02
4.310855408791510746e-01 6.052592194033632040e+02
4.316815788006798105e-01 6.034327434281234446e+02
4.322784408305819226e-01 6.016117723992801984e+02
4.328761281083061685e-01 5.997962551934152771e+02
4.334746417748765457e-01 5.979861410282691168e+02
4.340739829728949006e-01 5.961813795867367389e+02
4.346741528465427606e-01 5.943819210135617368e+02
4.352751525415836653e-01 5.925877149548497300e+02
4.358769832053657756e-01 5.907987081931781859e+02
4.364796459868223177e-01 5.890148472914167996e+02
4.370831420364764131e-01 5.872360793218754225e+02
4.376874725064415217e-01 5.854623518628345664e+02
4.382926385504239963e-01 5.836936135162237633e+02
4.388986413237254691e-01 5.819298223483993979e+02
4.395054819832448501e-01 5.801709443592293383e+02
4.401131616874806585e-01 5.784169460721657288e+02
4.407216815965331325e-01 5.766677942931926282e+02
4.413310428721071710e-01 5.749234561079924788e+02
4.419412466775122783e-01 5.731838981404030164e+02
4.425522941776680041e-01 5.714490852606850240e+02
4.431641865391038881e-01 5.697189822999890794e+02
4.437769249299625685e-01 5.679935544006877990e+02
4.443905105200016692e-01 5.662727670143906380e+02
4.450049444805961874e-01 5.645565876930917284e+02
4.456202279847408243e-01 5.628450011406741851e+02
4.462363622070524838e-01 5.611380013833303337e+02
4.468533483237707715e-01 5.594355825072412927e+02
4.474711875127629912e-01 5.577377385623052533e+02
4.480898809535245886e-01 5.560444635420448094e+02
4.487094298271817605e-01 5.543557504325706304e+02
4.493298353164938974e-01 5.526715908231401500e+02
4.499510986058556927e-01 5.509919761927794752e+02
4.505732208812993633e-01 5.493168980157053056e+02
4.511962033304974251e-01 5.476463477618483466e+02
4.518200471427633591e-01 5.459803210373644333e+02
4.524447535090561079e-01 5.443188277288672907e+02
4.530703236219811303e-01 5.426618805942548533e+02
4.536967586757926219e-01 5.410094921264658296e+02
4.543240598663960683e-01 5.393616745554063527e+02
4.549522283913505216e-01 5.377184395244405550e+02
4.555812654498708203e-01 5.360797957473416773e+02
4.562111722428297544e-01 5.344457504051096066e+02
4.568419499727611188e-01 5.328163104666042500e+02
4.574735998438599904e-01 5.311914826993447605e+02
4.581061230619876690e-01 5.295712737551759801e+02
4.587395208346723430e-01 5.279556918157381915e+02
4.593737943711119209e-01 5.263447464639216378e+02
4.600089448821759741e-01 5.247384471083815924e+02
4.606449735804084011e-01 5.231368029220064955e+02
4.612818816800295929e-01 5.215398228315887081e+02
4.619196703969392082e-01 5.199475147213843229e+02
4.625583409487167841e-01 5.183598849533615294e+02
4.631978945546266213e-01 5.167769395693759407e+02
4.638383324356183390e-01 5.151986844119081752e+02
4.644796558143297616e-01 5.136251251180195823e+02
4.651218659150891943e-01 5.120562637687813776e+02
4.657649639639177552e-01 5.104920937073572418e+02
4.664089511885316508e-01 5.089326068781102776e+02
4.670538288183451181e-01 5.073777951953906040e+02
4.676995980844708134e-01 5.058276505439374091e+02
4.683462602197249192e-01 5.042821646236890274e+02
4.689938164586277547e-01 5.027413285232283897e+02
4.696422680374066072e-01 5.012051331745816469e+02
4.702916161939978967e-01 4.996735694924179825e+02
4.709418621680497852e-01 4.981466283743754957e+02
4.715930072009243412e-01 4.966242991078948421e+02
4.722450525357000384e-01 4.951065630187059696e+02
4.728979994171745860e-01 4.935933990498759272e+02
4.735518490918653178e-01 4.920847862740330356e+02
4.742066028080144657e-01 4.905807038934091224e+02
4.748622618155897146e-01 4.890811310408615782e+02
4.755188273662870890e-01 4.875860457917115127e+02
4.761763007135330628e-01 4.860954259249161851e+02
4.768346831124873897e-01 4.846092493673789932e+02
4.774939758200450468e-01 4.831274941937561493e+02
4.781541800948393983e-01 4.816501380887075356e+02
4.788152971972427507e-01 4.801771554192365556e+02
4.794773283893712379e-01 4.787085193666670762e+02
4.801402749350858756e-01 4.772442033183280046e+02
4.808041380999948378e-01 4.757841808697907027e+02
4.814689191514563982e-01 4.743284264289223984e+02
4.821346193585810957e-01 4.728769183905707223e+02
4.828012399922341213e-01 4.714296367623488777e+02
4.834687823250384264e-01 4.699865616866072173e+02
4.841372476313749451e-01 4.685476734364283971e+02
4.848066371873882008e-01 4.671129513188211604e+02
4.854769522709866947e-01 4.656823688044419214e+02
4.861481941618456815e-01 4.642558975503997658e+02
4.868203641414098337e-01 4.628335094504881226e+02
4.874934634928957400e-01 4.614151766353174935e+02
4.881674935012939587e-01 4.600008749679273024e+02
4.888424554533719602e-01 4.585905955604771975e+02
4.895183506376767357e-01 4.571843335820855714e+02
4.901951803445354083e-01 4.557820841572031441e+02
4.908729458660606171e-01 4.543838423640935389e+02
4.915516484961511834e-01 4.529895994321784656e+02
4.922312895304947200e-01 4.515993348487616572e+02
4.929118702665705176e-01 4.502130259893596644e+02
4.935933920036515987e-01 4.488306504039683205e+02
4.942758560428076597e-01 4.474521858713052325e+02
4.949592636869076800e-01 4.460776185420099296e+02
4.956436162406205326e-01 4.447069514030482082e+02
4.963289150104204794e-01 4.433401893548291355e+02
4.970151613045877270e-01 4.419773371368278276e+02
4.977023564332113681e-01 4.406183991291618440e+02
4.983905017081918798e-01 4.392633721219760332e+02
4.990795984432435106e-01 4.379122433871447697e+02
4.997696479538971115e-01 4.365649996372807209e+02
5.004606515575027448e-01 4.352216276459831761e+02
5.011526105732305725e-01 4.338821149201720004e+02
5.018455263220761298e-01 4.325464584638959309e+02
5.025394001268608246e-01 4.312146621762858558e+02
5.032342333122352684e-01 4.298867299694467192e+02
5.039300272046812745e-01 4.285626656050567362e+02
5.046267831325150777e-01 4.272424713318554836e+02
5.053245024258892215e-01 4.259261408346666826e+02
5.060231864167955562e-01 4.246136645533597402e+02
5.067228364390680140e-01 4.233050329351601704e+02
5.074234538283831641e-01 4.220002364452387837e+02
5.081250399222660974e-01 4.206992683212886845e+02
5.088275960600903147e-01 4.194021293416219009e+02
5.095311235830817242e-01 4.181088214555571767e+02
5.102356238343201955e-01 4.168193464845482481e+02
5.109410981587428902e-01 4.155337059036425558e+02
5.116475479031464824e-01 4.142518938314010484e+02
5.123549744161901565e-01 4.129738956629808513e+02
5.130633790483963841e-01 4.116996963526985382e+02
5.137727631521564753e-01 4.104292809358032059e+02
5.144831280817311336e-01 4.091626351387025693e+02
5.151944751932534539e-01 4.078997498733797897e+02
5.159068058447315863e-01 4.066406186088904064e+02
5.166201213960514016e-01 4.053852348106710792e+02
5.173344232089789330e-01 4.041335919196894224e+02
5.180497126471635960e-01 4.028856817605238803e+02
5.187659910761385218e-01 4.016414917367890212e+02
5.194832598633268850e-01 4.004010085453810461e+02
5.202015203780414598e-01 3.991642189450497540e+02
5.209207739914887281e-01 3.979311096914292420e+02
5.216410220767708772e-01 3.967016662157287783e+02
5.223622660088885761e-01 3.954758726969616873e+02
5.230845071647436395e-01 3.942537133551230113e+02
5.238077469231416927e-01 3.930351725051435210e+02
5.245319866647952800e-01 3.918202344538236730e+02
5.252572277723245309e-01 3.906088831064059264e+02
5.259834716302624891e-01 3.894011023185793761e+02
5.267107196250562229e-01 3.881968760478906688e+02
5.274389731450698227e-01 3.869961884129754708e+02
5.281682335805868433e-01 3.857990261729841563e+02
5.288985023238131911e-01 3.846053795795712631e+02
5.296297807688796766e-01 3.834152391516690841e+02
5.303620703118451241e-01 3.822285954302587925e+02
5.310953723506972590e-01 3.810454386432176648e+02
5.318296882853580376e-01 3.798657570189743637e+02
5.325650195176846458e-01 3.786895380800872886e+02
5.333013674514726077e-01 3.775167694080512319e+02
5.340387334924582285e-01 3.763474386060493657e+02
5.347771190483214809e-01 3.751815315402211013e+02
5.355165255286886694e-01 3.740190316325221715e+02
5.362569543451358722e-01 3.728599222279754031e+02
5.369984069111888303e-01 3.717041867861709079e+02
5.377408846423297195e-01 3.705518108394730348e+02
5.384843889559969288e-01 3.694027904840221481e+02
5.392289212715889457e-01 3.682571252606858252e+02
5.399744830104665771e-01 3.671148146282761218e+02
5.407210755959561688e-01 3.659758577247872608e+02
5.414687004533514925e-01 3.648402471287687945e+02
5.422173590099175211e-01 3.637079683230350042e+02
5.429670526948928710e-01 3.625790065173546282e+02
5.437177829394908013e-01 3.614533470150246899e+02
5.444695511769049867e-01 3.603309777377198202e+02
5.452223588423100731e-01 3.592118952836568724e+02
5.459762073728653409e-01 3.580960980400067797e+02
5.467310982077168147e-01 3.569835843249128402e+02
5.474870327880004828e-01 3.558743520080197982e+02
5.482440125568448508e-01 3.547683944991328531e+02
5.490020389593746053e-01 3.536657023762664380e+02
5.497611134427103918e-01 3.525662661981668293e+02
5.505212374559755872e-01 3.514700765725977476e+02
5.512824124502969658e-01 3.503771256510556782e+02
5.520446398788070308e-01 3.492874080971593003e+02
5.528079211966480111e-01 3.482009187866834736e+02
5.535722578609738598e-01 3.471176525703477864e+02
5.543376513309531406e-01 3.460376043400070216e+02
5.551041030677728028e-01 3.449607692445354132e+02
5.558716145346380699e-01 3.438871424799243073e+02
5.566401871967792125e-01 3.428167192130779881e+02
5.574098225214516589e-01 3.417494942823697670e+02
5.581805219779395477e-01 3.406854590605836393e+02
5.589522870375587260e-01 3.396246027416046900e+02
5.597251191736589693e-01 3.385669145293478550e+02
5.604990198616275343e-01 3.375123836701794744e+02
5.612739905788913797e-01 3.364609993057507040e+02
5.620500328049209404e-01 3.354127504239996824e+02
5.628271480212304612e-01 3.343676260486346905e+02
5.636053377113842133e-01 3.333256152556481879e+02
5.643846033609972723e-01 3.322867087632233734e+02
5.651649464577386262e-01 3.312509016177961030e+02
5.659463684913345061e-01 3.302181895596520462e+02
5.667288709535706070e-01 3.291885682960513009e+02
5.675124553382951964e-01 3.281620324249880696e+02
5.682971231414228885e-01 3.271385707354108376e+02
5.690828758609345339e-01 3.261181701320799107e+02
5.698697149968842135e-01 3.251008175958594961e+02
5.706576420513991277e-01 3.240865003547033893e+02
5.714466585286837041e-01 3.230752074964012195e+02
5.722367659350220404e-01 3.220669292269374751e+02
5.730279657787806791e-01 3.210616558048773754e+02
5.738202595704120501e-01 3.200593775273180199e+02
5.746136488224574679e-01 3.190600847439380345e+02
5.754081350495474645e-01 3.180637678561429880e+02
5.762037197684091172e-01 3.170704173028909167e+02
5.770004044978654933e-01 3.160800235487513419e+02
5.777981907588399801e-01 3.150925765144886554e+02
5.785970800743586162e-01 3.141080653149463728e+02
5.793970739695535332e-01 3.131264790516059406e+02
5.801981739716652875e-01 3.121478068921433078e+02
5.810003816100461904e-01 3.111720399648654620e+02
5.818036984161637504e-01 3.101991734473999713e+02
5.826081259236010057e-01 3.092292030068001623e+02
5.834136656680635191e-01 3.082621242819607801e+02
5.842203191873790447e-01 3.072979308584399405e+02
5.850280880215021906e-01 3.063366104570434914e+02
5.858369737125164178e-01 3.053781498174490139e+02
5.866469778046372596e-01 3.044225357653509718e+02
5.874581018442157632e-01 3.034697569631933334e+02
5.882703473797412652e-01 3.025198087070235147e+02
5.890837159618425023e-01 3.015726878139395239e+02
5.898982091432937169e-01 3.006283910623495217e+02
5.907138284790158789e-01 2.996869143942926144e+02
5.915305755260795717e-01 2.987482500860834307e+02
5.923484518437083235e-01 2.978123893961145541e+02
5.931674589932816044e-01 2.968793236136498308e+02
5.939875985383374912e-01 2.959490443010588479e+02
5.948088720445767752e-01 2.950215443028179152e+02
5.956312810798630730e-01 2.940968168799724367e+02
5.964548272142295993e-01 2.931748553005476197e+02
5.972795120198798324e-01 2.922556531040700634e+02
5.981053370711909567e-01 2.913392052888345916e+02
5.989323039447170816e-01 2.904255073359261701e+02
5.997604142191920173e-01 2.895145547062297169e+02
6.005896694755323839e-01 2.886063422938590861e+02
6.014200712968409412e-01 2.877008619985105042e+02
6.022516212684094761e-01 2.867981047326607040e+02
6.030843209777202452e-01 2.858980614449200175e+02
6.039181720144518595e-01 2.850007233194793344e+02
6.047531759704807275e-01 2.841060825812418784e+02
6.055893344398838307e-01 2.832141317942970318e+02
6.064266490189424985e-01 2.823248635401656088e+02
6.072651213061449615e-01 2.814382710018389275e+02
6.081047529021897935e-01 2.805543499457449457e+02
6.089455454099891307e-01 2.796730968243477946e+02
6.097875004346696715e-01 2.787945080590545217e+02
6.106306195835793371e-01 2.779185784324236579e+02
6.114749044662876054e-01 2.770452969335759121e+02
6.123203566945895071e-01 2.761746513147700739e+02
6.131669778825088457e-01 2.753066294091195232e+02
6.140147696463008620e-01 2.744412207298472026e+02
6.148637336044552315e-01 2.735784192802955204e+02
6.157138713777006167e-01 2.727182198257440291e+02
6.165651845890041116e-01 2.718606171129446238e+02
6.174176748635791245e-01 2.710056043706945275e+02
6.182713438288853780e-01 2.701531717777368158e+02
6.191261931146326836e-01 2.693033091922503672e+02
6.199822243527842724e-01 2.684560065721146884e+02
6.208394391775597931e-01 2.676112561237583236e+02
6.216978392254384200e-01 2.667690532047267880e+02
6.225574261351626282e-01 2.659293933979559483e+02
6.234182015477387484e-01 2.650922721075088475e+02
6.242801671064440727e-01 2.642576812589765041e+02
6.251433244568271874e-01 2.634256094897593812e+02
6.260076752467119698e-01 2.625960453747198358e+02
6.268732211262005860e-01 2.617689779923429114e+02
6.277399637476767102e-01 2.609444011335638720e+02
6.286079047658087449e-01 2.601223114263188450e+02
6.294770458375529287e-01 2.593027055108380523e+02
6.303473886221571121e-01 2.584855790838316238e+02
6.312189347811610896e-01 2.576709225601097160e+02
6.320916859784043718e-01 2.568587245256961182e+02
6.329656438800259632e-01 2.560489736383422041e+02
6.338408101544686923e-01 2.552416595556944401e+02
6.347171864724822088e-01 2.544367748184812967e+02
6.355947745071262034e-01 2.536343125277541333e+02
6.364735759337738497e-01 2.528342658343272547e+02
6.373535924301149125e-01 2.520366299595073372e+02
6.382348256761574135e-01 2.512414033855399396e+02
6.391172773542337371e-01 2.504485848373448391e+02
6.400009491490019631e-01 2.496581726120177791e+02
6.408858427474493080e-01 2.488701587178367731e+02
6.417719598388955671e-01 2.480845300543706458e+02
6.426593021149961116e-01 2.473012734641920929e+02
6.435478712697456638e-01 2.465203768903827779e+02
6.444376689994812946e-01 2.457418347984203990e+02
6.453286970028838665e-01 2.449656442007408259e+02
6.462209569809846954e-01 2.441918020861580203e+02
6.471144506371665495e-01 2.434203049538365917e+02
6.480091796771672019e-01 2.426511480396773663e+02
6.489051458090829838e-01 2.418843263659620106e+02
6.498023507433717816e-01 2.411198348954872017e+02
6.507007961928564788e-01 2.403576668853759202e+02
6.516004838727283976e-01 2.395978136321952832e+02
6.525014155005506300e-01 2.388402663643815345e+02
6.534035927962593693e-01 2.380850165047701239e+02
6.543070174821706830e-01 2.373320567430876054e+02
6.552116912829815121e-01 2.365813803933850750e+02
6.561176159257732232e-01 2.358329807927258912e+02
6.570247931400152730e-01 2.350868512970049835e+02
6.579332246575682053e-01 2.343429852808957605e+02
6.588429122126874260e-01 2.336013761377980131e+02
6.597538575420264229e-01 2.328620172797862153e+02
6.606660623846383196e-01 2.321249021375596726e+02
6.615795284819822042e-01 2.313900241603883501e+02
6.624942575779249054e-01 2.306573768160620830e+02
6.634102514187439903e-01 2.299269535908406397e+02
6.643275117531315388e-01 2.291987479894023068e+02
6.652460403321976967e-01 2.284727535347910816e+02
6.661658389094734511e-01 2.277489637683686681e+02
6.670869092409152934e-01 2.270273722497611857e+02
6.680092530849052190e-01 2.263079725568119613e+02
6.689328722022587215e-01 2.255907582855265048e+02
6.698577683562251250e-01 2.248757230500262381e+02
6.707839433124918038e-01 2.241628604824961428e+02
6.717113988391870683e-01 2.234521642331367275e+02
6.726401367068843840e-01 2.227436279701115893e+02
6.735701586886050363e-01 2.220372453795003480e+02
6.745014665598219050e-01 2.213330101652470319e+02
6.754340620984632393e-01 2.206309160491106809e+02
6.763679470849135456e-01 2.199309567706194457e+02
6.773031233020211372e-01 2.192331260870169558e+02
6.782395925350984678e-01 2.185374177732147700e+02
6.791773565719266825e-01 2.178438256217454239e+02
6.801164172027586163e-01 2.171523434427101336e+02
6.810567762203224573e-01 2.164629650637335203e+02
6.819984354198249665e-01 2.157756843299139291e+02
6.829413965989561408e-01 2.150904951037730370e+02
6.838856615578888798e-01 2.144073912652120839e+02
6.848312320992875346e-01 2.137263667114593204e+02
6.857781100283082409e-01 2.130474153570242777e+02
6.867262971526026938e-01 2.123705311336497630e+02
6.876757952823223663e-01 2.116957079902633154e+02
6.886266062301212854e-01 2.110229398929310207e+02
6.895787318111595843e-01 2.103522208248088816e+02
6.905321738431080547e-01 2.096835447860952115e+02
6.914869341461484797e-01 2.090169057939866093e+02
6.924430145429815164e-01 2.083522978826258054e+02
6.934004168588271400e-01 2.076897151030585462e+02
6.943591429214290844e-01 2.070291515231855044e+02
6.953191945610579516e-01 2.063706012277155253e+02
6.962805736105153187e-01 2.057140583181202942e+02
6.972432819051365138e-01 2.050595169125854511e+02
6.982073212827947239e-01 2.044069711497336073e+02
6.991726935839048807e-01 2.037564152702983051e+02
7.001394006514244372e-01 2.031078436152826896e+02
7.011074443308612514e-01 2.024612505436522270e+02
7.020768264702738071e-01 2.018166304286205559e+02
7.030475489202762107e-01 2.011739776576203553e+02
7.040196135340410777e-01 2.005332866322755194e+02
7.049930221673033071e-01 1.998945517683714002e+02
7.059677766783636343e-01 1.992577674958270677e+02
7.069438789280929614e-01 1.986229282586665761e+02
7.079213307799329113e-01 1.979900285149922183e+02
7.089001340999036005e-01 1.973590627369525521e+02
7.098802907566048592e-01 1.967300254107177295e+02
7.108618026212195629e-01 1.961029110364495693e+02
7.118446715675182945e-01 1.954777141282720834e+02
7.128288994718621208e-01 1.948544292142458119e+02
7.138144882132063662e-01 1.942330508363381796e+02
7.148014396731052766e-01 1.936135735503939372e+02
7.157897557357122409e-01 1.929959919261104915e+02
7.167794382877881176e-01 1.923803005470059304e+02
7.177704892187014574e-01 1.917664940103936999e+02
7.187629104204333874e-01 1.911545669273525334e+02
7.197567037875809426e-01 1.905445139226999345e+02
7.207518712173606179e-01 1.899363296349627035e+02
7.217484146096122544e-01 1.893300087163504770e+02
7.227463358668022586e-01 1.887255458327265103e+02
7.237456368940283769e-01 1.881229356635792271e+02
7.247463195990201390e-01 1.875221729019975783e+02
7.257483858921470743e-01 1.869232522546384985e+02
7.267518376864191554e-01 1.863261684417021797e+02
7.277566768974917943e-01 1.857309161969026832e+02
7.287629054436683962e-01 1.851374902674421321e+02
7.297705252459053549e-01 1.845458854139798177e+02
7.307795382278147178e-01 1.839560964106071594e+02
7.317899463156690709e-01 1.833681180448185444e+02
7.328017514384019826e-01 1.827819451174850087e+02
7.338149555276163305e-01 1.821975724428249066e+02
7.348295605175850786e-01 1.816149948483765968e+02
7.358455683452554963e-01 1.810342071749714705e+02
7.368629809502529326e-01 1.804552042767067519e+02
7.378818002748848137e-01 1.798779810209163941e+02
7.389020282641436399e-01 1.793025322881452155e+02
7.399236668657123150e-01 1.787288529721193697e+02
7.409467180299641464e-01 1.781569379797224428e+02
7.419711837099715046e-01 1.775867822309639905e+02
7.429970658615063783e-01 1.770183806589541859e+02
7.440243664430449266e-01 1.764517282098761370e+02
7.450530874157711425e-01 1.758868198429591132e+02
7.460832307435807387e-01 1.753236505304468267e+02
7.471147983930847003e-01 1.747622152571590846e+02
7.481477923336130598e-01 1.742025090200480406e+02
7.491822145372196706e-01 1.736445268289166393e+02
7.502180669786825407e-01 1.730882637064970595e+02
7.512553516355127137e-01 1.725337146884176320e+02
7.522940704879542695e-01 1.719808748231811819e+02
7.533342255189895420e-01 1.714297391721336510e+02
7.543758187143424498e-01 1.708803028094394847e+02
7.554188520624827152e-01 1.703325608220532672e+02
7.564633275546290836e-01 1.697865083096928913e+02
7.575092471847543196e-01 1.692421403848124442e+02
7.585566129495860954e-01 1.686994521725756329e+02
7.596054268486146510e-01 1.681584388108275050e+02
7.606556908840945708e-01 1.676190954500688406e+02
7.617074070610485581e-01 1.670814172534282136e+02
7.627605773872714323e-01 1.665453993966353323e+02
7.638152038733344584e-01 1.660110370679942946e+02
7.648712885325884558e-01 1.654783254683570988e+02
7.659288333811690164e-01 1.649472598110953072e+02
7.669878404379967263e-01 1.644178353220757458e+02
7.680483117247861591e-01 1.638900472396312296e+02
7.691102492660465417e-01 1.633638908145345567e+02
7.701736550890858624e-01 1.628393613099732704e+02
7.712385312240155333e-01 1.623164540015206683e+02
7.723048797037538327e-01 1.617951641771107631e+02
7.733727025640295683e-01 1.612754871370117371e+02
7.744420018433865183e-01 1.607574181937979745e+02
7.755127795831878723e-01 1.602409526723245676e+02
7.765850378276166754e-01 1.597260859097015668e+02
7.776587786236848210e-01 1.592128132552657576e+02
7.787340040212338277e-01 1.587011300705549104e+02
7.798107160729392806e-01 1.581910317292826278e+02
7.808889168343149390e-01 1.576825136173092119e+02
7.819686083637166218e-01 1.571755711326182166e+02
7.830497927223458721e-01 1.566701996852885088e+02
7.841324719742555072e-01 1.561663946974680641e+02
7.852166481863490644e-01 1.556641516033496373e+02
7.863023234283910146e-01 1.551634658491407777e+02
7.873894997730062073e-01 1.546643328930416601e+02
7.884781792956854218e-01 1.541667482052159244e+02
7.895683640747891419e-01 1.536707072677666304e+02
7.906600561915513303e-01 1.531762055747090585e+02
7.917532577300838703e-01 1.526832386319448744e+02
7.928479707773805618e-01 1.521918019572364358e+02
7.939441974233187871e-01 1.517018910801816105e+02
7.950419397606676153e-01 1.512135015421849857e+02
7.961411998850890237e-01 1.507266288964354146e+02
7.972419798951425607e-01 1.502412687078778220e+02
7.983442818922892315e-01 1.497574165310694809e+02
7.994481079808956059e-01 1.492750678358917469e+02
8.005534602682379264e-01 1.487942180790326177e+02
8.016603408645061046e-01 1.483148627306910896e+02
8.027687518828083846e-01 1.478369972745350651e+02
8.038786954391722306e-01 1.473606172076643759e+02
8.049901736525532092e-01 1.468857180405679514e+02
8.061031886448362105e-01 1.464122952970856488e+02
8.072177425408394447e-01 1.459403445143687748e+02
8.083338374683193273e-01 1.454698612428395847e+02
8.094514755579740317e-01 1.450008410461523169e+02
8.105706589434478193e-01 1.445332795011540838e+02
8.116913897613358131e-01 1.440671721978455935e+02
8.128136701511847750e-01 1.436025147393419275e+02
8.139375022555022099e-01 1.431393027418339727e+02
8.150628882197571423e-01 1.426775318345488017e+02
8.161898301923848909e-01 1.422171976597120704e+02
8.173183303247916198e-01 1.417582958725080857e+02
8.184483907713577810e-01 1.413008221410429712e+02
8.195800136894426657e-01 1.408447721463050470e+02
8.207132012393894005e-01 1.403901415821260628e+02
8.218479555845252804e-01 1.399369261551457555e+02
8.229842788911716500e-01 1.394851215847709796e+02
8.241221733286439033e-01 1.390347236031383318e+02
8.252616410692569238e-01 1.385857279550780845e+02
8.264026842883293034e-01 1.381381303980751056e+02
8.275453051641871172e-01 1.376919267022308020e+02
8.286895058781682533e-01 1.372471126502263701e+02
8.298352886146269647e-01 1.368036840372869563e+02
8.309826555609380883e-01 1.363616366711408432e+02
8.321316089074985989e-01 1.359209663719867081e+02
8.332821508477364914e-01 1.354816689724525816e+02
8.344342835781113354e-01 1.350437403175616282e+02
8.355880092981202711e-01 1.346071762646943739e+02
8.367433302103007842e-01 1.341719726835520703e+02
8.379002485202363681e-01 1.337381254561204003e+02
8.390587664365596332e-01 1.333056304766327855e+02
8.402188861709578571e-01 1.328744836515337795e+02
8.413806099381739845e-01 1.324446808994442222e+02
8.425439399560152864e-01 1.320162181511230415e+02
8.437088784453551371e-01 1.315890913494331471e+02
8.448754276301371213e-01 1.311632964493039140e+02
8.460435897373800307e-01 1.307388294176967065e+02
8.472133669971817493e-01 1.303156862335684707e+02
8.483847616427235838e-01 1.298938628878364341e+02
8.495577759102753701e-01 1.294733553833423798e+02
8.507324120391964728e-01 1.290541597348180574e+02
8.519086722719447780e-01 1.286362719688486038e+02
8.530865588540781363e-01 1.282196881309203604e+02
8.542660740342590264e-01 1.278044043502775367e+02
8.554472200642592172e-01 1.273904168088986353e+02
8.566299991989635432e-01 1.269777216994427960e+02
8.578144136963749000e-01 1.265663152246923602e+02
8.590004658176180197e-01 1.261561935975313986e+02
8.601881578269449102e-01 1.257473530409218228e+02
8.613774919917354111e-01 1.253397897878833618e+02
8.625684705825072962e-01 1.249335000814684662e+02
8.637610958729163846e-01 1.245284801747413184e+02
8.649553701397626471e-01 1.241247263307564594e+02
8.661512956629936477e-01 1.237222348225342188e+02
8.673488747257093179e-01 1.233210019330409608e+02
8.685481096141667301e-01 1.229210239551650545e+02
8.697490026177843170e-01 1.225222971916957562e+02
8.709515560291437586e-01 1.221248179553008555e+02
8.721557721439991973e-01 1.217285825685039669e+02
8.733616532612776817e-01 1.213335873636636109e+02
8.745692016830853843e-01 1.209398286829494396e+02
8.757784197147111538e-01 1.205473028783223555e+02
8.769893096646312891e-01 1.201560063115110353e+02
8.782018738445139805e-01 1.197659353539905425e+02
8.794161145692243053e-01 1.193770863869595615e+02
8.806320341568257826e-01 1.189894558013209291e+02
8.818496349285890323e-01 1.186030399976563388e+02
8.830689192089936634e-01 1.182178353862074545e+02
8.842898893257331583e-01 1.178338383868522072e+02
8.855125476097193138e-01 1.174510454290846866e+02
8.867368963950869043e-01 1.170694529519912379e+02
8.879629380191976784e-01 1.166890574042314768e+02
8.891906748226453550e-01 1.163098552440145426e+02
8.904201091492607301e-01 1.159318429390774128e+02
8.916512433461125653e-01 1.155550169666661589e+02
8.928840797635174686e-01 1.151793738135101535e+02
8.941186207550407827e-01 1.148049099758038949e+02
8.953548686775020249e-01 1.144316219591835733e+02
8.965928258909794391e-01 1.140595062787068485e+02
8.978324947588142146e-01 1.136885594588304684e+02
8.990738776476154825e-01 1.133187780333899894e+02
9.003169769272650891e-01 1.129501585455765280e+02
9.015617949709191503e-01 1.125826975479177037e+02
9.028083341550176000e-01 1.122163916022551433e+02
9.040565968592854107e-01 1.118512372797226817e+02
9.053065854667375900e-01 1.114872311607264805e+02
9.065583023636843985e-01 1.111243698349218647e+02
9.078117499397350132e-01 1.107626499011951040e+02
9.090669305878029682e-01 1.104020679676391268e+02
9.103238467041111504e-01 1.100426206515339089e+02
9.115825006881927983e-01 1.096843045786704067e+02
9.128428949429016059e-01 1.093271163633348806e+02
9.141050318744127212e-01 1.089710526049405672e+02
9.153689138922280755e-01 1.086161099112040347e+02
9.166345434091810462e-01 1.082622848995288081e+02
9.179019228414413423e-01 1.079095741969802162e+02
9.191710546085191114e-01 1.075579744402586471e+02
9.204419411332698253e-01 1.072074822756750763e+02
9.217145848419001641e-01 1.068580943591247632e+02
9.229889881639681271e-01 1.065098073560625949e+02
9.242651535323940237e-01 1.061626179414772650e+02
9.255430833834611404e-01 1.058165227998655524e+02
9.268227801568209578e-01 1.054715186252076933e+02
9.281042462954985917e-01 1.051276021209418730e+02
9.293874842458964558e-01 1.047847699999393143e+02
9.306724964577999248e-01 1.044430189844787833e+02
9.319592853843822189e-01 1.041023458062216491e+02
9.332478534822058469e-01 1.037627472061881093e+02
9.345382032112323767e-01 1.034242199347300186e+02
9.358303370348238781e-01 1.030867607515079385e+02
9.371242574197483632e-01 1.027503664254654439e+02
9.384199668361845603e-01 1.024150337348045952e+02
9.397174677577264656e-01 1.020807594669616378e+02
9.410167626613881176e-01 1.017475404185818775e+02
9.423178540276095916e-01 1.014153733954949530e+02
9.436207443402575556e-01 1.010842552126918434e+02
9.449254360866355951e-01 1.007541826942978389e+02
9.462319317574856559e-01 1.004251526735507554e+02
9.475402338469934849e-01 1.000971619927753125e+02
9.488503448527934037e-01 9.977020750335873345e+01
9.501622672759730825e-01 9.944428606572695628e+01
9.514760036210779814e-01 9.911939454932063143e+01
9.527915563961170120e-01 9.879552983257084975e+01
9.541089281125673116e-01 9.847268880287464299e+01
9.554281212853756866e-01 9.815086835657236009e+01
9.567491384329692705e-01 9.783006539892204501e+01
9.580719820772561901e-01 9.751027684407709728e+01
9.593966547436314496e-01 9.719149961506118984e+01
9.607231589609819267e-01 9.687373064374544640e+01
9.620514972616908134e-01 9.655696687082453877e+01
9.633816721816429451e-01 9.624120524579308267e+01
9.647136862602301299e-01 9.592644272692130869e+01
9.660475420403525915e-01 9.561267628123310658e+01
9.673832420684290723e-01 9.529990288448168201e+01
9.687207888943983880e-01 9.498811952112551182e+01
9.700601850717248675e-01 9.467732318430597616e+01
9.714014331574035710e-01 9.436751087582398156e+01
9.727445357119646197e-01 9.405867960611641365e+01
9.740894952994788580e-01 9.375082639421985675e+01
9.754363144875630720e-01 9.344394826350706751e+01
9.767849958473810990e-01 9.313804223570038232e+01
9.781355419536549300e-01 9.283310533973374845e+01
9.794879553846654874e-01 9.252913461327032962e+01
9.808422387222583971e-01 9.222612710267790703e+01
9.821983945518493186e-01 9.192407986300494827e+01
9.835564254624281633e-01 9.162298995795549672e+01
9.849163340465649785e-01 9.132285445986485684e+01
9.862781229004152772e-01 9.102367044967547827e+01
9.876417946237208145e-01 9.072543501691336587e+01
9.890073518198213565e-01 9.042814525966261385e+01
9.903747970956547908e-01 9.013179828454262577e+01
9.917441330617636774e-01 8.983639120668298972e+01
9.931153623322999113e-01 8.954192114970022942e+01
9.944884875250298295e-01 8.924838524567392994e+01
9.958635112613393181e-01 8.895578063512229505e+01
9.972404361662385863e-01 8.866410446697929615e+01
9.986192648683684947e-01 8.837335389856961854e+01
1.000000000000000000e+00 8.808352609558716040e+01
1.001382644197049920e+00 8.779461823206895588e+01
1.002767200099075495e+00 8.750662749037317667e+01
1.004153670349286598e+00 8.721955106115541412e+01
1.005542057594541516e+00 8.693338614334605552e+01
1.006932364485364273e+00 8.664812994412494618e+01
1.008324593675941738e+00 8.636377967890003049e+01
1.009718747824130736e+00 8.608033257128322191e+01
1.011114829591462261e+00 8.579778585306755190e+01
1.012512841643148143e+00 8.551613676420376464e+01
1.013912786648084596e+00 8.523538255277847497e+01
1.015314667278858218e+00 8.495552047498932779e+01
1.016718486211751094e+00 8.467654779512373864e+01
1.018124246126745236e+00 8.439846178553530365e+01
1.019531949707528362e+00 8.412125972662092011e+01
1.020941599641498332e+00 8.384493890679881645e+01
1.022353198619769588e+00 8.356949662248497646e+01
1.023766749337176707e+00 8.329493017807124033e+01
1.025182254492280620e+00 8.302123688590269524e+01
1.026599716787372829e+00 8.274841406625456841e+01
1.028019138928484288e+00 8.247645904731065514e+01
1.029440523625380077e+00 8.220536916514102188e+01
1.030863873591578717e+00 8.193514176367905577e+01
1.032289191544348617e+00 8.166577419469916777e+01
1.033716480204714738e+00 8.139726381779534847e+01
1.035145742297464810e+00 8.112960800035877185e+01
1.036576980551153326e+00 8.086280411755548414e+01
1.038010197698107984e+00 8.059684955230522974e+01
1.039445396474433903e+00 8.033174169525797481e+01
1.040882579620019621e+00 8.006747794477377056e+01
1.042321749878541759e+00 7.980405571428613598e+01
1.043762909997470123e+00 7.954147246408466287e+01
1.045206062728074148e+00 7.927972567449951669e+01
1.046651210825426670e+00 7.901881283271208645e+01
1.048098357048409701e+00 7.875873143273071264e+01
1.049547504159720424e+00 7.849947897537516894e+01
1.050998654925877185e+00 7.824105296826178346e+01
1.052451812117217722e+00 7.798345092578870208e+01
1.053906978507916481e+00 7.772667036911904859e+01
1.055364156875980841e+00 7.747070882616682752e+01
1.056823350003259998e+00 7.721556383158133485e+01
1.058284560675448960e+00 7.696123292673223659e+01
1.059747791682094320e+00 7.670771365969403632e+01
1.061213045816600253e+00 7.645500358523082696e+01
1.062680325876232290e+00 7.620310026478202303e+01
1.064149634662124200e+00 7.595200126644610350e+01
1.065620974979282654e+00 7.570170416496604560e+01
1.067094349636592332e+00 7.545220654171428976e+01
1.068569761446822364e+00 7.520350598467749137e+01
1.070047213226629879e+00 7.495560008844167044e+01
1.071526707796567113e+00 7.470848645417706280e+01
1.073008247981086072e+00 7.446216268962317031e+01
1.074491836608543860e+00 7.421662640907352682e+01
1.075977476511210451e+00 7.397187523336116044e+01
1.077465170525265137e+00 7.372790678984382851e+01
1.078954921490815400e+00 7.348471871238831454e+01
1.080446732251893138e+00 7.324230864135596164e+01
1.081940605656462884e+00 7.300067422358790736e+01
1.083436544556426462e+00 7.275981311239014815e+01
1.084934551807629433e+00 7.251972296751864633e+01
1.086434630269865087e+00 7.228040145516470716e+01
1.087936782806881997e+00 7.204184624793957425e+01
1.089441012286387123e+00 7.180405502486080138e+01
1.090947321580053142e+00 7.156702547133642156e+01
1.092455713563522890e+00 7.133075527915086411e+01
1.093966191116415576e+00 7.109524214644945062e+01
1.095478757122331670e+00 7.086048377772502249e+01
1.096993414468858452e+00 7.062647788380222380e+01
1.098510166047575787e+00 7.039322218182326196e+01
1.100029014754061896e+00 7.016071439523292952e+01
1.101549963487900463e+00 6.992895225376422275e+01
1.103073015152677527e+00 6.969793349342499766e+01
1.104598172656000798e+00 6.946765585648071806e+01
1.106125438909495662e+00 6.923811709144224835e+01
1.107654816828813171e+00 6.900931495305026431e+01
1.109186309333636045e+00 6.878124720226121269e+01
1.110719919347683549e+00 6.855391160623246094e+01
1.112255649798717272e+00 6.832730593830842736e+01
1.113793503618547565e+00 6.810142797467847231e+01
1.115333483743037757e+00 6.787627545490299497e+01
1.116875593112110598e+00 6.765184609558252760e+01
1.118419834669753810e+00 6.742813761984385224e+01
1.119966211364025632e+00 6.720514775792680950e+01
1.121514726147060159e+00 6.698287424716212968e+01
1.123065381975073329e+00 6.676131483194828320e+01
1.124618181808368922e+00 6.654046726373017862e+01
1.126173128611345442e+00 6.632032930097645362e+01
1.127730225352493676e+00 6.610089870915828669e+01
1.129289475004415122e+00 6.588217326072587809e+01
1.130850880543819548e+00 6.566415073508758837e+01
1.132414444951532317e+00 6.544682891858820994e+01
1.133980171212500165e+00 6.523020560448611604e+01
1.135548062315796747e+00 6.501427859293279710e+01
1.137118121254629077e+00 6.479904569095072020e+01
1.138690351026342196e+00 6.458450471241111757e+01
1.140264754632425603e+00 6.437065347801366499e+01
1.141841335078518593e+00 6.415748981526394346e+01
1.143420095374416690e+00 6.394501155845269835e+01
1.145001038534076532e+00 6.373321654863432428e+01
1.146584167575621871e+00 6.352210263360569797e+01
1.148169485521349786e+00 6.331166766788500411e+01
1.149756995397735571e+00 6.310190951269048298e+01
1.151346700235439835e+00 6.289282603591951215e+01
1.152938603069315393e+00 6.268441511212745354e+01
1.154532706938404152e+00 6.247667462250771564e+01
1.156129014885956874e+00 6.226960245486930745e+01
1.157727529959430068e+00 6.206319650361698592e+01
1.159328255210493541e+00 6.185745466973081363e+01
1.160931193695036390e+00 6.165237486074499884e+01
1.162536348473173220e+00 6.144795499072744605e+01
1.164143722609249254e+00 6.124419298025937053e+01
1.165753319171846991e+00 6.104108675641472814e+01
1.167365141233791759e+00 6.083863425273996484e+01
1.168979191872157042e+00 6.063683340923372356e+01
1.170595474168271366e+00 6.043568217232646589e+01
1.172213991207722961e+00 6.023517849486031395e+01
1.173834746080367086e+00 6.003532033606896334e+01
1.175457741880330920e+00 5.983610566155778798e+01
1.177082981706019105e+00 5.963753244328374592e+01
1.178710468660121302e+00 5.943959865953512889e+01
1.180340205849618629e+00 5.924230229491195843e+01
1.181972196385781437e+00 5.904564134030717071e+01
1.183606443384188633e+00 5.884961379288490946e+01
1.185242949964724790e+00 5.865421765606227922e+01
1.186881719251587919e+00 5.845945093948944304e+01
1.188522754373295687e+00 5.826531165902972020e+01
1.190166058462691856e+00 5.807179783721868915e+01
1.191811634656951169e+00 5.787890752476855738e+01
1.193459486097586231e+00 5.768663880893662110e+01
1.195109615930453284e+00 5.749498978469145527e+01
1.196762027305758203e+00 5.730395855238954539e+01
1.198416723378062265e+00 5.711354321776198617e+01
1.200073707306288595e+00 5.692374189190123701e+01
1.201732982253727711e+00 5.673455269124787748e+01
1.203394551388044409e+00 5.654597373757723489e+01
1.205058417881282651e+00 5.635800315798648086e+01
1.206724584909874887e+00 5.617063908488103152e+01
1.208393055654638060e+00 5.598387965596248250e+01
1.210063833300794478e+00 5.579772301421387937e+01
1.211736921037967818e+00 5.561216730788775209e+01
1.213412322060192228e+00 5.542721069049271421e+01
1.215090039565917657e+00 5.524285132078058780e+01
1.216770076758016739e+00 5.505908736273313053e+01
1.218452436843790343e+00 5.487591698554937381e+01
1.220137123034973792e+00 5.469333836363228585e+01
1.221824138547743299e+00 5.451134967657597485e+01
1.223513486602721967e+00 5.432994910915302000e+01
1.225205170424985557e+00 5.414913485130121984e+01
1.226899193244069375e+00 5.396890509811078118e+01
1.228595558293973600e+00 5.378925804981173542e+01
1.230294268813170167e+00 5.361019191176089294e+01
1.231995328044608540e+00 5.343170489442903204e+01
1.233698739235721931e+00 5.325379521338822286e+01
1.235404505638436623e+00 5.307646108929868234e+01
1.237112630509167088e+00 5.289970074789745524e+01
1.238823117108837746e+00 5.272351241998358518e+01
1.240535968702879632e+00 5.254789434140699456e+01
1.242251188561238395e+00 5.237284475305523301e+01
1.243968779958381177e+00 5.219836190084107841e+01
1.245688746173301942e+00 5.202444403568979681e+01
1.247411090489528807e+00 5.185108941352656586e+01
1.249135816195130033e+00 5.167829629526406165e+01
1.250862926582719581e+00 5.150606294678966179e+01
1.252592424949463989e+00 5.133438763895335200e+01
1.254324314597089263e+00 5.116326864755463077e+01
1.256058598831885531e+00 5.099270425333079260e+01
1.257795280964715046e+00 5.082269274194388942e+01
1.259534364311017951e+00 5.065323240396856619e+01
1.261275852190817615e+00 5.048432153487977558e+01
1.263019747928731062e+00 5.031595843503992427e+01
1.264766054853964095e+00 5.014814140968766054e+01
1.266514776300333711e+00 4.998086876892422481e+01
1.268265915606263450e+00 4.981413882770169010e+01
1.270019476114792711e+00 4.964794990581107470e+01
1.271775461173583421e+00 4.948230032786388932e+01
1.273533874134925581e+00 4.931718841683981225e+01
1.275294718355744816e+00 4.915261248182795129e+01
1.277057997197607930e+00 4.898857083364193699e+01
1.278823714026729341e+00 4.882506178825204302e+01
1.280591872213978410e+00 4.866208366676965369e+01
1.282362475134884328e+00 4.849963479543211520e+01
1.284135526169644326e+00 4.833771350558791369e+01
1.285911028703128345e+00 4.817631813368142701e+01
1.287688986124887469e+00 4.801544702123772623e+01
1.289469401829158146e+00 4.785509851484795263e+01
1.291252279214870624e+00 4.769527096615394157e+01
1.293037621685657390e+00 4.753596273183342191e+01
1.294825432649848285e+00 4.737717217358606092e+01
1.296615715520494261e+00 4.721889765811702944e+01
1.298408473715362499e+00 4.706113755712321023e+01
1.300203710656945510e+00 4.690389024727863898e+01
1.302001429772468244e+00 4.674715411021907840e+01
1.303801634493893857e+00 4.659092753252809871e+01
1.305604328257931268e+00 4.643520890572184356e+01
1.307409514506040482e+00 4.627999662623503241e+01
1.309217196684440143e+00 4.612528909540596089e+01
1.311027378244113750e+00 4.597108471946231134e+01
1.312840062640816763e+00 4.581738190950652267e+01
1.314655253335081708e+00 4.566417908150148008e+01
1.316472953792226841e+00 4.551147465625631128e+01
1.318293167482360806e+00 4.535926705941161430e+01
1.320115897880391076e+00 4.520755472142568010e+01
1.321941148466028615e+00 4.505633607756006853e+01
1.323768922723799646e+00 4.490560956786488589e+01
1.325599224143038768e+00 4.475537363716601647e+01
1.327432056217914047e+00 4.460562673504934139e+01
1.329267422447421909e+00 4.445636731584764334e+01
1.331105326335396466e+00 4.430759383862632461e+01
1.332945771390516398e+00 4.415930476716953734e+01
1.334788761126311618e+00 4.401149856996606502e+01
1.336634299061170594e+00 4.386417372019516847e+01
1.338482388718345462e+00 4.371732869571353319e+01
1.340333033625960457e+00 4.357096197904044743e+01
1.342186237317017694e+00 4.342507205734460030e+01
1.344042003329404489e+00 4.327965742243012670e+01
1.345900335205899356e+00 4.313471657072295073e+01
1.347761236494179338e+00 4.299024800325715745e+01
1.349624710746826883e+00 4.284625022566106622e+01
1.351490761521336292e+00 4.270272174814389388e+01
1.353359392380123261e+00 4.255966108548201987e+01
1.355230606890520662e+00 4.241706675700611129e+01
1.357104408624802305e+00 4.227493728658639327e+01
1.358980801160178276e+00 4.213327120262022873e+01
1.360859788078804700e+00 4.199206703966564902e+01
1.362741372967790632e+00 4.185132334747068228e+01
1.364625559419204492e+00 4.171103868438537887e+01
1.366512351030081396e+00 4.157121161302310952e+01
1.368401751402430255e+00 4.143184070023743715e+01
1.370293764143240001e+00 4.129292451711076950e+01
1.372188392864486461e+00 4.115446163894268494e+01
1.374085641183139694e+00 4.101645064523896878e+01
1.375985512721171311e+00 4.087889011969990349e+01
1.377888011105560029e+00 4.074177865020917721e+01
1.379793139968299887e+00 4.060511482882252210e+01
1.381700902946406462e+00 4.046889725175652330e+01
1.383611303681923976e+00 4.033312451937712950e+01
1.385524345821935510e+00 4.019779523618864658e+01
1.387440033018557672e+00 4.006290801082298003e+01
1.389358368928965470e+00 3.992846145602747754e+01
1.391279357215387869e+00 3.979445418865445561e+01
1.393203001545117337e+00 3.966088482965011508e+01
1.395129305590516289e+00 3.952775200404317957e+01
1.397058273029025299e+00 3.939505434093416625e+01
1.398989907543169542e+00 3.926279047348392481e+01
1.400924212820565673e+00 3.913095903890305038e+01
1.402861192553928715e+00 3.899955867844067114e+01
1.404800850441080051e+00 3.886858803737350598e+01
1.406743190184953196e+00 3.873804576499505004e+01
1.408688215493602014e+00 3.860793051460464653e+01
1.410635930080206935e+00 3.847824094349643076e+01
1.412586337663082503e+00 3.834897571294869323e+01
1.414539441965684485e+00 3.822013348821296574e+01
1.416495246716616752e+00 3.809171293850321405e+01
1.418453755649641268e+00 3.796371273698495941e+01
1.420414972503673878e+00 3.783613156076507522e+01
1.422378901022808950e+00 3.770896809088018387e+01
1.424345544956314491e+00 3.758222101228660961e+01
1.426314908058642361e+00 3.745588901384935809e+01
1.428286994089435602e+00 3.732997078833178506e+01
1.430261806813535319e+00 3.720446503238460423e+01
1.432239350000988232e+00 3.707937044653564840e+01
1.434219627427053556e+00 3.695468573517915445e+01
1.436202642872210777e+00 3.683040960656488494e+01
1.438188400122165866e+00 3.670654077278832972e+01
1.440176902967859496e+00 3.658307794977937988e+01
1.442168155205473257e+00 3.646001985729259331e+01
1.444162160636438541e+00 3.633736521889615290e+01
1.446158923067441648e+00 3.621511276196184781e+01
1.448158446310432890e+00 3.609326121765447937e+01
1.450160734182635913e+00 3.597180932092123129e+01
1.452165790506543264e+00 3.585075581048236870e+01
1.454173619109941473e+00 3.573009942837015274e+01
1.456184223825907065e+00 3.560983891290622694e+01
1.458197608492815656e+00 3.548997300011129141e+01
1.460213776954350395e+00 3.537050042974198050e+01
1.462232733059508849e+00 3.525141994546526547e+01
1.464254480662610103e+00 3.513273029484666665e+01
1.466279023623302535e+00 3.501443022933856497e+01
1.468306365806571590e+00 3.489651850426852775e+01
1.470336511082745545e+00 3.477899387882754212e+01
1.472369463327504846e+00 3.466185511605859659e+01
1.474405226421888093e+00 3.454510098284483632e+01
1.476443804252300485e+00 3.442873024989816599e+01
1.478485200710520253e+00 3.431274169174768929e+01
1.480529419693707105e+00 3.419713408672821942e+01
1.482576465104408214e+00 3.408190621696876832e+01
1.484626340850570880e+00 3.396705686838106431e+01
1.486679050845535421e+00 3.385258483064867363e+01
1.488734599008062709e+00 3.373848889721484312e+01
1.490792989262328616e+00 3.362476786527157202e+01
1.492854225537935120e+00 3.351142053574841384e+01
1.494918311769916741e+00 3.339844571330117162e+01
1.496985251898748981e+00 3.328584220630038004e+01
1.499055049870356315e+00 3.317360882682060463e+01
1.501127709636117968e+00 3.306174439062883863e+01
1.503203235152877237e+00 3.295024771717357481e+01
1.505281630382948155e+00 3.283911762957379921e+01
1.507362899294123038e+00 3.272835295460764371e+01
1.509447045859680481e+00 3.261795252270163559e+01
1.511534074058392685e+00 3.250791516791954905e+01
1.513623987874532784e+00 3.239823972795144158e+01
1.515716791297883059e+00 3.228892504410286790e+01
1.517812488323742270e+00 3.217996996128366760e+01
1.519911082952936310e+00 3.207137332799727858e+01
1.522012579191813098e+00 3.196313399633034535e+01
1.524116981052269670e+00 3.185525082194089563e+01
1.526224292551746853e+00 3.174772266404842824e+01
1.528334517713240359e+00 3.164054838542277892e+01
1.530447660565307677e+00 3.153372685237354744e+01
1.532563725142076949e+00 3.142725693473928317e+01
1.534682715483254078e+00 3.132113750587708623e+01
1.536804635634129834e+00 3.121536744265155150e+01
1.538929489645588955e+00 3.110994562542475705e+01
1.541057281574116367e+00 3.100487093804513350e+01
1.543188015481806508e+00 3.090014226783728546e+01
1.545321695436369547e+00 3.079575850559149330e+01
1.547458325511140043e+00 3.069171854555297685e+01
1.549597909785084715e+00 3.058802128541176657e+01
1.551740452342809773e+00 3.048466562629215915e+01
1.553885957274572460e+00 3.038165047277113118e+01
1.556034428676275505e+00 3.027897473495722380e+01
1.558185870649494875e+00 3.017663732984507874e+01
1.560340287301473561e+00 3.007463717807724990e+01
1.562497682745134231e+00 2.997297320359890094e+01
1.564658061099085895e+00 2.987164433364819871e+01
1.566821426487631896e+00 2.977064949874679556e+01
1.568987783040778572e+00 2.966998763269028672e+01
1.571157134894242358e+00 2.956965767253880273e+01
1.573329486189457560e+00 2.946965855860750239e+01
1.575504841073585016e+00 2.936998923445709408e+01
1.577683203699519421e+00 2.927064864688450996e+01
1.579864578225897764e+00 2.917163574591342723e+01
1.582048968817106660e+00 2.907294948478499919e+01
1.584236379643290560e+00 2.897458881994850799e+01
1.586426814880359748e+00 2.887655271105198196e+01
1.588620278709998557e+00 2.877884012093293720e+01
1.590816775319676246e+00 2.868145001560910146e+01
1.593016308902641676e+00 2.858438136426952170e+01
1.595218883657951947e+00 2.848763313926479057e+01
1.597424503790466188e+00 2.839120431609805095e+01
1.599633173510857542e+00 2.829509387341607862e+01
1.601844897035620940e+00 2.819930079299998482e+01
1.604059678587081317e+00 2.810382405975596143e+01
1.606277522393401602e+00 2.800866266170643826e+01
1.608498432688590496e+00 2.791381558998095613e+01
1.610722413712511569e+00 2.781928183880692629e+01
1.612949469710889483e+00 2.772506040550100082e+01
1.615179604935319979e+00 2.763115029045971482e+01
1.617412823643277209e+00 2.753755049715071479e+01
1.619649130098121947e+00 2.744426003210377374e+01
1.621888528569109145e+00 2.735127790490188460e+01
1.624131023331397028e+00 2.725860312817243525e+01
1.626376618666055096e+00 2.716623471757815977e+01
1.628625318860074778e+00 2.707417169180835970e+01
1.630877128206365434e+00 2.698241307257044497e+01
1.633132051003781449e+00 2.689095788458054415e+01
1.635390091557118009e+00 2.679980515555507381e+01
1.637651254177122651e+00 2.670895391620189585e+01
1.639915543180502144e+00 2.661840320021175188e+01
1.642182962889932707e+00 2.652815204424930684e+01
1.644453517634066886e+00 2.643819948794466868e+01
1.646727211747541997e+00 2.634854457388470905e+01
1.649004049570989006e+00 2.625918634760430592e+01
1.651284035451040300e+00 2.617012385757791648e+01
1.653567173740337903e+00 2.608135615521081974e+01
1.655853468797542360e+00 2.599288229483069301e+01
1.658142924987340283e+00 2.590470133367901084e+01
1.660435546680453678e+00 2.581681233190260727e+01
1.662731338253646829e+00 2.572921435311800664e+01
1.665030304089739843e+00 2.564190646584445332e+01
1.667332448577601767e+00 2.555488774189239720e+01
1.669637776112180783e+00 2.546815725590236568e+01
1.671946291094497772e+00 2.538171408533752782e+01
1.674257997931658748e+00 2.529555731047549472e+01
1.676572901036863517e+00 2.520968601440037204e+01
1.678891004829413225e+00 2.512409928299460660e+01
1.681212313734720132e+00 2.503879620493109570e+01
1.683536832184314269e+00 2.495377587166534994e+01
1.685864564615853878e+00 2.486903737742733256e+01
1.688195515473132069e+00 2.478457981921374298e+01
1.690529689206086816e+00 2.470040229677989529e+01
1.692867090270808283e+00 2.461650391263217585e+01
1.695207723129548150e+00 2.453288377201982584e+01
1.697551592250727603e+00 2.444954098292740596e+01
1.699898702108946003e+00 2.436647465606676022e+01
1.702249057184989756e+00 2.428368390486935979e+01
1.704602661965843868e+00 2.420116784547839828e+01
1.706959520944686837e+00 2.411892559674142689e+01
1.709319638620920179e+00 2.403695628020195585e+01
1.711683019500162883e+00 2.395525902009227437e+01
1.714049668094263845e+00 2.387383294332558492e+01
1.716419588921309858e+00 2.379267717948826899e+01
1.718792786505634718e+00 2.371179086083239795e+01
1.721169265377828106e+00 2.363117312226787448e+01
1.723549030074743582e+00 2.355082310135506773e+01
1.725932085139507466e+00 2.347073993829696548e+01
1.728318435121527941e+00 2.339092277593188740e+01
1.730708084576503270e+00 2.331137075972555550e+01
1.733101038066430455e+00 2.323208303776391404e+01
1.735497300159614342e+00 2.315305876074549829e+01
1.737896875430675836e+00 2.307429708197380691e+01
1.740299768460561447e+00 2.299579715734997265e+01
1.742705983836550843e+00 2.291755814536527325e+01
1.745115526152270391e+00 2.283957920709351797e+01
1.747528400007686500e+00 2.276185950618418374e+01
1.749944610009137147e+00 2.268439820885421554e+01
1.752364160769325219e+00 2.260719448388122643e+01
1.754787056907331166e+00 2.253024750259596587e+01
1.757213303048622555e+00 2.245355643887489094e+01
1.759642903825061833e+00 2.237712046913298281e+01
1.762075863874915660e+00 2.230093877231638544e+01
1.764512187842864233e+00 2.222501052989505865e+01
1.766951880380009055e+00 2.214933492585569397e+01
1.769394946143882930e+00 2.207391114669418286e+01
1.771841389798458399e+00 2.199873838140865345e+01
1.774291216014156181e+00 2.192381582149217323e+01
1.776744429467854935e+00 2.184914266050024167e+01
1.779201034842899487e+00 2.177471809107063550e+01
1.781661036829110367e+00 2.170054130673322135e+01
1.784124440122795807e+00 2.162661150354758632e+01
1.786591249426746630e+00 2.155292788010622473e+01
1.789061469450266895e+00 2.147948963752627805e+01
1.791535104909167897e+00 2.140629597944222340e+01
1.794012160525781940e+00 2.133334611199806830e+01
1.796492641028969883e+00 2.126063924383983306e+01
1.798976551154131576e+00 2.118817458610779170e+01
1.801463895643213853e+00 2.111595135242894017e+01
1.803954679244720083e+00 2.104396875890940777e+01
1.806448906713718827e+00 2.097222602412690762e+01
1.808946582811853832e+00 2.090072236912320491e+01
1.811447712307352020e+00 2.082945701739661715e+01
1.813952299975033267e+00 2.075842919489445038e+01
1.816460350596319273e+00 2.068763813000566998e+01
1.818971868959242677e+00 2.061708305355331206e+01
1.821486859858456153e+00 2.054676319878720392e+01
1.824005328095242406e+00 2.047667780137640747e+01
1.826527278477525273e+00 2.040682609940186865e+01
1.829052715819865504e+00 2.033720733334944342e+01
1.831581644943492515e+00 2.026782074610182960e+01
1.834114070676296837e+00 2.019866558293183445e+01
1.836649997852844995e+00 2.012974109149487845e+01
1.839189431314388168e+00 2.006104652182175840e+01
1.841732375908870623e+00 1.999258112631134665e+01
1.844278836490940154e+00 1.992434415972342876e+01
1.846828817921956301e+00 1.985633487917149864e+01
1.849382325070000777e+00 1.978855254411545417e+01
1.851939362809885692e+00 1.972099641635456280e+01
1.854499936023163320e+00 1.965366576002031707e+01
1.857064049598135203e+00 1.958655984156919416e+01
1.859631708429862140e+00 1.951967792977567484e+01
1.862202917420172854e+00 1.945301929572504918e+01
1.864777681477673310e+00 1.938658321280648167e+01
1.867356005517756712e+00 1.932036895670587029e+01
1.869937894462616157e+00 1.925437580539878724e+01
1.872523353241238864e+00 1.918860303914382825e+01
1.875112386789438368e+00 1.912304994047509510e+01
1.877705000049849193e+00 1.905771579419556971e+01
1.880301197971939953e+00 1.899259988737011895e+01
1.882900985512022007e+00 1.892770150931859519e+01
1.885504367633259903e+00 1.886301995160889433e+01
1.888111349305680253e+00 1.879855450805009554e+01
1.890721935506181950e+00 1.873430447468560089e+01
1.893336131218544827e+00 1.867026914978634267e+01
1.895953941433439205e+00 1.860644783384389811e+01
1.898575371148436108e+00 1.854283982957856125e+01
1.901200425368016589e+00 1.847944444224491889e+01
1.903829109103580608e+00 1.841626097961271924e+01
1.906461427373457473e+00 1.835328875164961815e+01
1.909097385202914943e+00 1.829052707050097837e+01
1.911736987624172990e+00 1.822797525048339651e+01
1.914380239676397366e+00 1.816563260807813052e+01
1.917027146405732907e+00 1.810349846192429624e+01
1.919677712865298203e+00 1.804157213281238725e+01
1.922331944115197588e+00 1.797985294367785158e+01
1.924989845222532248e+00 1.791834021959444812e+01
1.927651421261409315e+00 1.785703328776782328e+01
1.930316677312951423e+00 1.779593147752891724e+01
1.932985618465307143e+00 1.773503412032761162e+01
1.935658249813659193e+00 1.767434054972620672e+01
1.938334576460235992e+00 1.761385010139298757e+01
1.941014603514320092e+00 1.755356211309587877e+01
1.943698336092258394e+00 1.749347592469597856e+01
1.946385779317471920e+00 1.743359087814124209e+01
1.949076938320465802e+00 1.737390631746007230e+01
1.951771818238838607e+00 1.731442158875501391e+01
1.954470424217292113e+00 1.725513604019645797e+01
1.957172761407645956e+00 1.719604902201619012e+01
1.959878834968830530e+00 1.713715988650146471e+01
1.962588650066921403e+00 1.707846798798833632e+01
1.965302211875132432e+00 1.701997268285561304e+01
1.968019525573831086e+00 1.696167332951859308e+01
1.970740596350546880e+00 1.690356928842287587e+01
1.973465429399981819e+00 1.684565992203816620e+01
1.976194029924020379e+00 1.678794459485211377e+01
1.978926403131739509e+00 1.673042267336406752e+01
1.981662554239418617e+00 1.667309352607907513e+01
1.984402488470549120e+00 1.661595652350167285e+01
1.987146211055844436e+00 1.655901103812979969e+01
1.989893727233250642e+00 1.650225644444872941e+01
1.992645042247955800e+00 1.644569211892500249e+01
1.995400161352400392e+00 1.638931744000035096e+01
1.998159089806286870e+00 1.633313178808570854e+01
2.000921832876590312e+00 1.627713454555517814e+01
2.003688395837571523e+00 1.622132509673996026e+01
2.006458783970773041e+00 1.616570282792265445e+01
2.009233002565049997e+00 1.611026712733089283e+01
2.012011056916567675e+00 1.605501738513167709e+01
2.014792952328813946e+00 1.599995299342535127e+01
2.017578694112608595e+00 1.594507334623973094e+01
2.020368287586114864e+00 1.589037783952419680e+01
2.023161738074849669e+00 1.583586587114382560e+01
2.025959050911692483e+00 1.578153684087351394e+01
2.028760231436896433e+00 1.572739015040081512e+01
2.031565284998098520e+00 1.567342520444346121e+01
2.034374216950329384e+00 1.561964141183703703e+01
2.037187032656023522e+00 1.556603818352106039e+01
2.040003737485030832e+00 1.551261493226637356e+01
2.042824336814625052e+00 1.545937107266975374e+01
2.045648836029513973e+00 1.540630602114859116e+01
2.048477240521856757e+00 1.535341919593551374e+01
2.051309555691252839e+00 1.530071001707344358e+01
2.054145786944782781e+00 1.524817790640973847e+01
2.056985939696996724e+00 1.519582228759131048e+01
2.059830019369932153e+00 1.514364258605933067e+01
2.062678031393123224e+00 1.509163822904392305e+01
2.065529981203611420e+00 1.503980864555892616e+01
2.068385874245955325e+00 1.498815326639673451e+01
2.071245715972241719e+00 1.493667152412310450e+01
2.074109511842095355e+00 1.488536285307190177e+01
2.076977267322690057e+00 1.483422668934000122e+01
2.079848987888758494e+00 1.478326247078206634e+01
2.082724679022602832e+00 1.473246963700549905e+01
2.085604346214106286e+00 1.468184762936519405e+01
2.088487994960741556e+00 1.463139589095849580e+01
2.091375630767582372e+00 1.458111386662008968e+01
2.094267259147315041e+00 1.453100100291690566e+01
2.097162885620250883e+00 1.448105674814295618e+01
2.100062515714322675e+00 1.443128055231456308e+01
2.102966154965117074e+00 1.438167186716493795e+01
2.105873808915871948e+00 1.433223014613932733e+01
2.108785483117489257e+00 1.428295484439000873e+01
2.111701183128544823e+00 1.423384541877124931e+01
2.114620914515301209e+00 1.418490132783429836e+01
2.117544682851716153e+00 1.413612203182244897e+01
2.120472493719455009e+00 1.408750699266601103e+01
2.123404352707900511e+00 1.403905567397742438e+01
2.126340265414162545e+00 1.399076754104622644e+01
2.129280237443091028e+00 1.394264206083422764e+01
2.132224274407285236e+00 1.389467870197051269e+01
2.135172381927103569e+00 1.384687693474660897e+01
2.138124565630676432e+00 1.379923623111153574e+01
2.141080831153915565e+00 1.375175606466694234e+01
2.144041184140530021e+00 1.370443591066221423e+01
2.147005630242017737e+00 1.365727524598987408e+01
2.149974175117705499e+00 1.361027354918027932e+01
2.152946824434739614e+00 1.356343030039719189e+01
2.155923583868101456e+00 1.351674498143280623e+01
2.158904459100619899e+00 1.347021707570296023e+01
2.161889455822980644e+00 1.342384606824239590e+01
2.164878579733737762e+00 1.337763144569993656e+01
2.167871836539324359e+00 1.333157269633375996e+01
2.170869231954063672e+00 1.328566930936921153e+01
2.173870771700179283e+00 1.323992077290598601e+01
2.176876461507807115e+00 1.319432657595217862e+01
2.179886307115005639e+00 1.314888620916245898e+01
2.182900314267766539e+00 1.310359916483279719e+01
2.185918488720027586e+00 1.305846493689535492e+01
2.188940836233680631e+00 1.301348302091336429e+01
2.191967362578584932e+00 1.296865291407598342e+01
2.194998073532581362e+00 1.292397411519312200e+01
2.198032974881487078e+00 1.287944612469060424e+01
2.201072072419131498e+00 1.283506844460475094e+01
2.204115371947350521e+00 1.279084057857750700e+01
2.207162879276002521e+00 1.274676203185138412e+01
2.210214600222977221e+00 1.270283231126442836e+01
2.213270540614210802e+00 1.265905092524519304e+01
2.216330706283692553e+00 1.261541738380772237e+01
2.219395103073479536e+00 1.257193119854660956e+01
2.222463736833705017e+00 1.252859188263200174e+01
2.225536613422592236e+00 1.248539895080463324e+01
2.228613738706463288e+00 1.244235191937094598e+01
2.231695118559751556e+00 1.239945030619810851e+01
2.234780758865013262e+00 1.235669363070910620e+01
2.237870665512936785e+00 1.231408141387794153e+01
2.240964844402356437e+00 1.227161317822459985e+01
2.244063301440262670e+00 1.222928844781033497e+01
2.247166042541816289e+00 1.218710674823265627e+01
2.250273073630344456e+00 1.214506760662083806e+01
2.253384400637377105e+00 1.210317055163061895e+01
2.256500029502641613e+00 1.206141511343974138e+01
2.259619966174076566e+00 1.201980082374304004e+01
2.262744216607845082e+00 1.197832721574772741e+01
2.265872786768346359e+00 1.193699382416855848e+01
2.269005682628224996e+00 1.189580018522315719e+01
2.272142910168384766e+00 1.185474583662721315e+01
2.275284475377997051e+00 1.181383031758986490e+01
2.278430384254516383e+00 1.177305316880889130e+01
2.281580642803688441e+00 1.173241393246611075e+01
2.284735257039562484e+00 1.169191215222263480e+01
2.287894232984503340e+00 1.165154737321426737e+01
2.291057576669203844e+00 1.161131914204683646e+01
2.294225294132692827e+00 1.157122700679158100e+01
2.297397391422355106e+00 1.153127051698044703e+01
2.300573874593923041e+00 1.149144922360171783e+01
2.303754749711515171e+00 1.145176267909513257e+01
2.306940022847630001e+00 1.141221043734749330e+01
2.310129700083162874e+00 1.137279205368803225e+01
2.313323787507415741e+00 1.133350708488394254e+01
2.316522291218110485e+00 1.129435508913577735e+01
2.319725217321400024e+00 1.125533562613479610e+01
2.322932571931879853e+00 1.121644825761196707e+01
2.326144361172600039e+00 1.117769254706208493e+01
2.329360591175075879e+00 1.113906805938538547e+01
2.332581268079300774e+00 1.110057436087891602e+01
2.335806398033758224e+00 1.106221101923221362e+01
2.339035987195431598e+00 1.102397760352302925e+01
2.342270041729818342e+00 1.098587368421293498e+01
2.345508567810940193e+00 1.094789883314314238e+01
2.348751571621355172e+00 1.091005262353014338e+01
2.351999059352174015e+00 1.087233462996142919e+01
2.355251037203054398e+00 1.083474442839141361e+01
2.358507511382239130e+00 1.079728159613692284e+01
2.361768488106550823e+00 1.075994571187316318e+01
2.365033973601406547e+00 1.072273635562944349e+01
2.368303974100832487e+00 1.068565310878494223e+01
2.371578495847473711e+00 1.064869555406460577e+01
2.374857545092605715e+00 1.061186327553489761e+01
2.378141128096148194e+00 1.057515585859963636e+01
2.381429251126676139e+00 1.053857288999588171e+01
2.384721920461431832e+00 1.050211395778974577e+01
2.388019142386335503e+00 1.046577865137233943e+01
2.391320923196000425e+00 1.042956656145556238e+01
2.394627269193741359e+00 1.039347728006806726e+01
2.397938186691589646e+00 1.035751040055114913e+01
2.401253682010303425e+00 1.032166551755465989e+01
2.404573761479379623e+00 1.028594222703295280e+01
2.407898431437073050e+00 1.025034012624074542e+01
2.411227698230384853e+00 1.021485881372935722e+01
2.414561568215109588e+00 1.017949788934227762e+01
2.417900047755821902e+00 1.014425695421141782e+01
2.421243143225898287e+00 1.010913561075301637e+01
2.424590861007526854e+00 1.007413346266365473e+01
2.427943207491719324e+00 1.003925011491630137e+01
2.431300189078324347e+00 1.000448517375631141e+01
2.434661812176040385e+00 9.969838246697452888e+00
2.438028083202424590e+00 9.935308942518016551e+00
2.441399008583909236e+00 9.900896871256806619e+00
2.444774594755811492e+00 9.866601644209282540e+00
2.448154848162345854e+00 9.832422873923599482e+00
2.451539775256637022e+00 9.798360174196748318e+00
2.454929382500732782e+00 9.764413160070629871e+00
2.458323676365615107e+00 9.730581447828189567e+00
2.461722663331217476e+00 9.696864654989534316e+00
2.465126349886419099e+00 9.663262400308205713e+00
2.468534742529084447e+00 9.629774303767135279e+00
2.471947847766058359e+00 9.596399986574914109e+00
2.475365672113182480e+00 9.563139071161979032e+00
2.478788222095306359e+00 9.529991181205947015e+00
2.482215504246302107e+00 9.496955942484953894e+00
2.485647525109075939e+00 9.464032983000285171e+00
2.489084291235579727e+00 9.431221931990299012e+00
2.492525809186824759e+00 9.398522419868925226e+00
2.495972085532894180e+00 9.365934078222089454e+00
2.499423126852954979e+00 9.333456539804229735e+00
2.502878939735270869e+00 9.301089438534781095e+00
2.506339530777214275e+00 9.268832409494711655e+00
2.509804906585280104e+00 9.236685088923021425e+00
2.513275073775098178e+00 9.204647114213267756e+00
2.516750038971443448e+00 9.172718123910135191e+00
2.520229808808257754e+00 9.140897757705900517e+00
2.523714389928638724e+00 9.109185656437198020e+00
2.527203788984885069e+00 9.077581462081314001e+00
2.530698012638488148e+00 9.046084817752916507e+00
2.534197067560148398e+00 9.014695367700653605e+00
2.537700960429791763e+00 8.983412757303691265e+00
2.541209697936578138e+00 8.952236633068336502e+00
2.544723286778916904e+00 8.921166642624680065e+00
2.548241733664479813e+00 8.890202434723175173e+00
2.551765045310211644e+00 8.859343659231315726e+00
2.555293228442344855e+00 8.828589967130247018e+00
2.558826289796411579e+00 8.797941010511438620e+00
2.562364236117257832e+00 8.767396442573305748e+00
2.565907074159053725e+00 8.736955917617954981e+00
2.569454810685309010e+00 8.706619091047789638e+00
2.573007452468885070e+00 8.676385619362237733e+00
2.576565006292007798e+00 8.646255160154417752e+00
2.580127478946284469e+00 8.616227372107871929e+00
2.583694877232698861e+00 8.586301914993365259e+00
2.587267207961652549e+00 8.556478449665428698e+00
2.590844477952958247e+00 8.526756638059206139e+00
2.594426694035858905e+00 8.497136143187200119e+00
2.598013863049039252e+00 8.467616629136001549e+00
2.601605991840639120e+00 8.438197761063056745e+00
2.605203087268268103e+00 8.408879205193441564e+00
2.608805156199016206e+00 8.379660628816626655e+00
2.612412205509468954e+00 8.350541700283294233e+00
2.616024242085719376e+00 8.321522089002097999e+00
2.619641272823380884e+00 8.292601465436517216e+00
2.623263304627602821e+00 8.263779501101620184e+00
2.626890344413080225e+00 8.235055868560925418e+00
2.630522399104069819e+00 8.206430241423223748e+00
2.634159475634401115e+00 8.177902294339414624e+00
2.637801580947496394e+00 8.149471702999321110e+00
2.641448721996362714e+00 8.121138144128718039e+00
2.645100905743636321e+00 8.092901295485940949e+00
2.648758139161574210e+00 8.064760835855857124e+00
2.652420429232074994e+00 8.036716444154233585e+00
2.656087782946689568e+00 8.008767798206845256e+00
2.659760207306635760e+00 7.980914576593029608e+00
2.663437709322812985e+00 7.953156458955149333e+00
2.667120296015812020e+00 7.925493125995211940e+00
2.670807974415932762e+00 7.897924259471324149e+00
2.674500751563193557e+00 7.870449542194299042e+00
2.678198634507348519e+00 7.843068658024177076e+00
2.681901630307896855e+00 7.815781291866826130e+00
2.685609746034101075e+00 7.788587129670510478e+00
2.689322988764995870e+00 7.761485858422482842e+00
2.693041365589404990e+00 7.734477166145605764e+00
2.696764883605952789e+00 7.707560741894958767e+00
2.700493549923084213e+00 7.680736275754412645e+00
2.704227371659056356e+00 7.654003458833450679e+00
2.707966355941984204e+00 7.627361983263578615e+00
2.711710509909833977e+00 7.600811542195107684e+00
2.715459840710440442e+00 7.574351829793826596e+00
2.719214355501521130e+00 7.547982541237671761e+00
2.722974061450690098e+00 7.521703372713411717e+00
2.726738965735472586e+00 7.495514021413351102e+00
2.730509075543316566e+00 7.469414185532055050e+00
2.734284398071609168e+00 7.443403564263064709e+00
2.738064940527686897e+00 7.417481857795627853e+00
2.741850710128853397e+00 7.391648767311448154e+00
2.745641714102390551e+00 7.365903994981463754e+00
2.749437959685572697e+00 7.340247243962564561e+00
2.753239454125680830e+00 7.314678218394431219e+00
2.757046204680016821e+00 7.289196623396263064e+00
2.760858218615916293e+00 7.263802165063611760e+00
2.764675503210769048e+00 7.238494550465143895e+00
2.768498065752009296e+00 7.213273487639614068e+00
2.772325913537165398e+00 7.188138685592449839e+00
2.776159053873849203e+00 7.163089854292766567e+00
2.779997494079775588e+00 7.138126704670161082e+00
2.783841241482778450e+00 7.113248948611579081e+00
2.787690303420822691e+00 7.088456298958188739e+00
2.791544687242020206e+00 7.063748469502247218e+00
2.795404400304640991e+00 7.039125174983996480e+00
2.799269449977130009e+00 7.014586131088572429e+00
2.803139843638120521e+00 6.990131054442901615e+00
2.807015588676446072e+00 6.965759662612633463e+00
2.810896692491158255e+00 6.941471674099061850e+00
2.814783162491538260e+00 6.917266808336061779e+00
2.818675006097111080e+00 6.893144785687058906e+00
2.822572230737661059e+00 6.869105327441960007e+00
2.826474843853250984e+00 6.845148155814108293e+00
2.830382852894212320e+00 6.821272993937407492e+00
2.834296265321196273e+00 6.797479566185855582e+00
2.838215088605163139e+00 6.773767599528457417e+00
2.842139330227402727e+00 6.750136822365674583e+00
2.846068997679549017e+00 6.726586963971357136e+00
2.850004098463594371e+00 6.703117754489738012e+00
2.853944640091903739e+00 6.679728924932808454e+00
2.857890630087228878e+00 6.656420207177626835e+00
2.861842075982722555e+00 6.633191333963715408e+00
2.865798985321953207e+00 6.610042038890387772e+00
2.869761365658920482e+00 6.586972056414121646e+00
2.873729224558066786e+00 6.563981121845960942e+00
2.877702569594295046e+00 6.541068971348874328e+00
2.881681408352980256e+00 6.518235341935158189e+00
2.885665748429986355e+00 6.495479971463824498e+00
2.889655597431679102e+00 6.472802598638027760e+00
2.893650962974946950e+00 6.450202963002424461e+00
2.897651852687192164e+00 6.427680804940747450e+00
2.901658274206381449e+00 6.405235865673009954e+00
2.905670235181034844e+00 6.382867887253098615e+00
2.909687743270248816e+00 6.360576612566172905e+00
2.913710806143708698e+00 6.338361785326119602e+00
2.917739431481705115e+00 6.316223150072998394e+00
2.921773626975147309e+00 6.294160452170519449e+00
2.925813400325578240e+00 6.272173437803521878e+00
2.929858759245189237e+00 6.250261853975437099e+00
2.933909711456835545e+00 6.228425448505783280e+00
2.937966264694050089e+00 6.206663970027658017e+00
2.942028426701058130e+00 6.184977167985238999e+00
2.946096205232792364e+00 6.163364792631313982e+00
2.950169608054908466e+00 6.141826595024743263e+00
2.954248642943798409e+00 6.120362327028040283e+00
2.958333317686607788e+00 6.098971741304866967e+00
2.962423640081252696e+00 6.077654591317550370e+00
2.966519617936414832e+00 6.056410631324746774e+00
2.970621259071589471e+00 6.035239616378822447e+00
2.974728571317077908e+00 6.014141302323500859e+00
2.978841562514008334e+00 5.993115445791439733e+00
2.982960240514349604e+00 5.972161804201760127e+00
2.987084613180927661e+00 5.951280135757670564e+00
2.991214688387439313e+00 5.930470199444009438e+00
2.995350474018469100e+00 5.909731755024858479e+00
2.999491977969501288e+00 5.889064563041157108e+00
3.003639208146938966e+00 5.868468384808282146e+00
3.007792172468115144e+00 5.847942982413669277e+00
3.011950878861310521e+00 5.827488118714449605e+00
3.016115335265767694e+00 5.807103557335046240e+00
3.020285549631706257e+00 5.786789062664843719e+00
3.024461529920338343e+00 5.766544399855798808e+00
3.028643284103889943e+00 5.746369334774816373e+00
3.032830820165590691e+00 5.726263633478049897e+00
3.037024146099726707e+00 5.706227062397182692e+00
3.041223269911632165e+00 5.686259388723557073e+00
3.045428199617708831e+00 5.666360380413363096e+00
3.049638943245442935e+00 5.646529806185181855e+00
3.053855508833418497e+00 5.626767435517570526e+00
3.058077904431336425e+00 5.607073038646613661e+00
3.062306138100025166e+00 5.587446386563541090e+00
3.066540217911459365e+00 5.567887251012290761e+00
3.070780151948774961e+00 5.548395404487117766e+00
3.075025948306283397e+00 5.528970620230192701e+00
3.079277615089487163e+00 5.509612672229234676e+00
3.083535160415096676e+00 5.490321335215112342e+00
3.087798592411044041e+00 5.471096384659473344e+00
3.092067919216500371e+00 5.451937596772388872e+00
3.096343148981889559e+00 5.432844748499987553e+00
3.100624289868910921e+00 5.413817617522089343e+00
3.104911350050530316e+00 5.394855982249951332e+00
3.109204337711032551e+00 5.375959621823785284e+00
3.113503261046011161e+00 5.357128316110546962e+00
3.117808128262392398e+00 5.338361845701544262e+00
3.122118947578449877e+00 5.319659991910182129e+00
3.126435727223818795e+00 5.301022536769607107e+00
3.130758475439514577e+00 5.282449263030425612e+00
3.135087200477946201e+00 5.263939954158423085e+00
3.139421910602932630e+00 5.245494394332254728e+00
3.143762614089719243e+00 5.227112368441183321e+00
3.148109319224992930e+00 5.208793662082800147e+00
3.152462034306898531e+00 5.190538061560757477e+00
3.156820767645053483e+00 5.172345353882522367e+00
3.161185527560564701e+00 5.154215326757110027e+00
3.165556322386044563e+00 5.136147768592856266e+00
3.169933160465626454e+00 5.118142468495163300e+00
3.174316050154986968e+00 5.100199216264259761e+00
3.178704999821336585e+00 5.082317802393071737e+00
3.183100017843472962e+00 5.064498018064854890e+00
3.187501112611774268e+00 5.046739655151079695e+00
3.191908292528216951e+00 5.029042506209217223e+00
3.196321566006397052e+00 5.011406364480533782e+00
3.200740941471541312e+00 4.993831023887906895e+00
3.205166427360527148e+00 4.976316279033631496e+00
3.209598032121896871e+00 4.958861925197256326e+00
3.214035764215873225e+00 4.941467758333421223e+00
3.218479632114377154e+00 4.924133575069673086e+00
3.222929644301043783e+00 4.906859172704320926e+00
3.227385809271237083e+00 4.889644349204299800e+00
3.231848135532067179e+00 4.872488903203009869e+00
3.236316631602407234e+00 4.855392633993684370e+00
3.240791306012908990e+00 4.838355341332360560e+00
3.245272167306024080e+00 4.821376825364367846e+00
3.249759224035997818e+00 4.804456886879883371e+00
3.254252484768920706e+00 4.787595327331791495e+00
3.258751958082721778e+00 4.770791948833574381e+00
3.263257652567190359e+00 4.754046554157177695e+00
3.267769576823991162e+00 4.737358946730833686e+00
3.272287739466683387e+00 4.720728930636927778e+00
3.276812149120734929e+00 4.704156310609857172e+00
3.281342814423539256e+00 4.687640892033917872e+00
3.285879744024433613e+00 4.671182480941168613e+00
3.290422946584713237e+00 4.654780884009315223e+00
3.294972430777648675e+00 4.638435908559622511e+00
3.299528205288503102e+00 4.622147362554793304e+00
3.304090278814547865e+00 4.605915054596875891e+00
3.308658660065079804e+00 4.589738793925192795e+00
3.313233357761438125e+00 4.573618390414238455e+00
3.317814380637019500e+00 4.557553654571617763e+00
3.322401737437302938e+00 4.541544397535954403e+00
3.326995436919839566e+00 4.525590431074920872e+00
3.331595487854308146e+00 4.509691567583047345e+00
3.336201899022507966e+00 4.493847620079750804e+00
3.340814679218378380e+00 4.478058402207303779e+00
3.345433837248019238e+00 4.462323728228761333e+00
3.350059381929704649e+00 4.446643413025967106e+00
3.354691322093902528e+00 4.431017272097504289e+00
3.359329666583289686e+00 4.415445121556699881e+00
3.363974424252769158e+00 4.399926778129596094e+00
3.368625603969486626e+00 4.384462059152975044e+00
3.373283214612849079e+00 4.369050782572331926e+00
3.377947265074539462e+00 4.353692766939917469e+00
3.382617764258535775e+00 4.338387831412724438e+00
3.387294721081125726e+00 4.323135795750532751e+00
3.391978144470926715e+00 4.307936480313921734e+00
3.396668043368906709e+00 4.292789706062303701e+00
3.401364426728375800e+00 4.277695294552040117e+00
3.406067303515043942e+00 4.262653067934355278e+00
3.410776682707010732e+00 4.247662848953495107e+00
3.415492573294788947e+00 4.232724460944745637e+00
3.420214984281322312e+00 4.217837727832511874e+00
3.424943924682002372e+00 4.203002474128396670e+00
3.429679403524685366e+00 4.188218524929266273e+00
3.434421429849710883e+00 4.173485705915343402e+00
3.439170012709916513e+00 4.158803843348300333e+00
3.443925161170658278e+00 4.144172764069348425e+00
3.448686884309825285e+00 4.129592295497357846e+00
3.453455191217858378e+00 4.115062265626947102e+00
3.458230090997767903e+00 4.100582503026934056e+00
3.463011592765149693e+00 4.086152837145061056e+00
3.467799705648203279e+00 4.071773098873148200e+00
3.472594438787749205e+00 4.057443119810734800e+00
3.477395801337254344e+00 4.043162732105029633e+00
3.482203802462819020e+00 4.028931768449312223e+00
3.487018451343239622e+00 4.014750062081111182e+00
3.491839757169995728e+00 4.000617446780609932e+00
3.496667729147274972e+00 3.986533756868951617e+00
3.501502376491992585e+00 3.972498827206557337e+00
3.506343708433806050e+00 3.958512493191470583e+00
3.511191734215134641e+00 3.944574590757685684e+00
3.516046463091177188e+00 3.930684956373490024e+00
3.520907904329928062e+00 3.916843427039820913e+00
3.525776067212197162e+00 3.903049840288600247e+00
3.530650961031625901e+00 3.889304034181104264e+00
3.535532595094704966e+00 3.875605847306313745e+00
3.540420978720793865e+00 3.861955118779293095e+00
3.545316121242136020e+00 3.848351688239550317e+00
3.550218032003879198e+00 3.834795395849417421e+00
3.555126720364091941e+00 3.821286082292413067e+00
3.560042195693787548e+00 3.807823588771644729e+00
3.564964467376916968e+00 3.794407757008233517e+00
3.569893544810424757e+00 3.781038429239620857e+00
3.574829437404243304e+00 3.767715448218028840e+00
3.579772154581313703e+00 3.754438657208846841e+00
3.584721705777606626e+00 3.741207899989044794e+00
3.589678100442139197e+00 3.728023020845578905e+00
3.594641348036992756e+00 3.714883864573807593e+00
3.599611458037331957e+00 3.701790276475925623e+00
3.604588439931421640e+00 3.688742102359367614e+00
3.609572303220646372e+00 3.675739188535255497e+00
3.614563057419526881e+00 3.662781381816827331e+00
3.619560712055739149e+00 3.649868529517881655e+00
3.624565276670133063e+00 3.637000479451210300e+00
3.629576760816749736e+00 3.624177079927061396e+00
3.634595174062840606e+00 3.611398179751576176e+00
3.639620525988891853e+00 3.598663628225242661e+00
3.644652826188614192e+00 3.585973275141423056e+00
3.649692084269005932e+00 3.573326970784711953e+00
3.654738309850339650e+00 3.560724565929477059e+00
3.659791512566190619e+00 3.548165911838319087e+00
3.664851702063452787e+00 3.535650860260555195e+00
3.669918888002359658e+00 3.523179263430695762e+00
3.674993080056500272e+00 3.510750974066931374e+00
3.680074287912839193e+00 3.498365845369639793e+00
3.685162521271734715e+00 3.486023731019861849e+00
3.690257789846957071e+00 3.473724485177821286e+00
3.695360103365707527e+00 3.461467962481425076e+00
3.700469471568636148e+00 3.449254017878470524e+00
3.705585904209860892e+00 3.437082505733333626e+00
3.710709411056986706e+00 3.424953280484484885e+00
3.715840001891123734e+00 3.412866197064163387e+00
3.720977686506904636e+00 3.400821110897723099e+00
3.726122474712513455e+00 3.388817877901947995e+00
3.731274376329672293e+00 3.376856354483453782e+00
3.736433401193705706e+00 3.364936397536938628e+00
3.741599559153529597e+00 3.353057864443591551e+00
3.746772860071678313e+00 3.341220613069432854e+00
3.751953313824320624e+00 3.329424501763678990e+00
3.757140930301282378e+00 3.317669389357109644e+00
3.762335719406062040e+00 3.305955135160426828e+00
3.767537691055852900e+00 3.294281598962644164e+00
3.772746855181558168e+00 3.282648641029472625e+00
3.777963221727813625e+00 3.271056122101692498e+00
3.783186800653003612e+00 3.259503903393559554e+00
3.788417601929282785e+00 3.247991846591200993e+00
3.793655635542592108e+00 3.236519813851024718e+00
3.798900911492681054e+00 3.225087667798113067e+00
3.804153439793124480e+00 3.213695271524656949e+00
3.809413230471342171e+00 3.202342488588367342e+00
3.814680293568626368e+00 3.191029183010884562e+00
3.819954639140129782e+00 3.179755219276271916e+00
3.825236277254931316e+00 3.168520462329362353e+00
3.830525217996022747e+00 3.157324777574262775e+00
3.835821471460338472e+00 3.146168030872774413e+00
3.841125047758772837e+00 3.135050088542863378e+00
3.846435957016200113e+00 3.123970817357101026e+00
3.851754209371492710e+00 3.112930084541138953e+00
3.857079814977542931e+00 3.101927757772165339e+00
3.862412784001280297e+00 3.090963705177389276e+00
3.867753126623691529e+00 3.080037795332511319e+00
3.873100853039839642e+00 3.069149897260212256e+00
3.878455973458884376e+00 3.058299880428633877e+00
3.883818498104101291e+00 3.047487614749878837e+00
3.889188437212899974e+00 3.036712970578512305e+00
3.894565801036846242e+00 3.025975818710052501e+00
3.899950599841687016e+00 3.015276030379479444e+00
3.905342843907340100e+00 3.004613477259795218e+00
3.910742543527959025e+00 2.993988031460471877e+00
3.916149709011924607e+00 2.983399565526008157e+00
3.921564350681868483e+00 2.972847952434468866e+00
3.926986478874697095e+00 2.962333065596002513e+00
3.932416103941606789e+00 2.951854778851386918e+00
3.937853236248107791e+00 2.941412966470568602e+00
3.943297886174040645e+00 2.931007503151219939e+00
3.948750064113598413e+00 2.920638264017278996e+00
3.954209780475345770e+00 2.910305124665246268e+00
3.959677045682238550e+00 2.900007961888111385e+00
3.965151870171642834e+00 2.889746653516113373e+00
3.970634264395357604e+00 2.879521077797745132e+00
3.976124238819631618e+00 2.869331113380146014e+00
3.981621803925185166e+00 2.859176639307855705e+00
3.987126970207230059e+00 2.849057535021578325e+00
3.992639748175496717e+00 2.838973680356944307e+00
3.998160148354222621e+00 2.828924955543330899e+00
4.003688181282220704e+00 2.818911241202554763e+00
4.009223857512868250e+00 2.808932418347712900e+00
4.014767187614133093e+00 2.798988368381944980e+00
4.020318182168594490e+00 2.789078973097218306e+00
4.025876851773464438e+00 2.779204114673125225e+00
4.031443207040606325e+00 2.769363675675668102e+00
4.037017258596558023e+00 2.759557539056056719e+00
4.042599017082546986e+00 2.749785588149515903e+00
4.048188493154516010e+00 2.740047706674077599e+00
4.053785697483140993e+00 2.730343778729395599e+00
4.059390640753849588e+00 2.720673688795558487e+00
4.065003333666846963e+00 2.711037321731886607e+00
4.070623786937130895e+00 2.701434562775771653e+00
4.076252011294513089e+00 2.691865297541485180e+00
4.081888017483642273e+00 2.682329412019002213e+00
4.087531816264032614e+00 2.672826792572813748e+00
4.093183418410046848e+00 2.663357325940824971e+00
4.098842834710972660e+00 2.653920899233087383e+00
4.104510075971005811e+00 2.644517399930706780e+00
4.110185153009280334e+00 2.635146715884666868e+00
4.115868076659889851e+00 2.625808735314667519e+00
4.121558857771906226e+00 2.616503346807983910e+00
4.127257507209404430e+00 2.607230439318299897e+00
4.132964035851478535e+00 2.597989902164580922e+00
4.138678454592264799e+00 2.588781625029923816e+00
4.144400774340962990e+00 2.579605497960412386e+00
4.150131006021855029e+00 2.570461411363993420e+00
4.155869160574328092e+00 2.561349256009330944e+00
4.161615248952895030e+00 2.552268923024688441e+00
4.167369282127214802e+00 2.543220303896798651e+00
4.173131271082112015e+00 2.534203290469736469e+00
4.178901226817609782e+00 2.525217774943796289e+00
4.184679160348914628e+00 2.516263649874417307e+00
4.190465082706486655e+00 2.507340808171003133e+00
4.196259004936031545e+00 2.498449143095853753e+00
4.202060938098525433e+00 2.489588548263057088e+00
4.207870893270237111e+00 2.480758917637376104e+00
4.213688881542752895e+00 2.471960145533152797e+00
4.219514914022991725e+00 2.463192126613215294e+00
4.225349001833231810e+00 2.454454755881788408e+00
4.231191156111127505e+00 2.445747928272653304e+00
4.237041388009733289e+00 2.437071538390866099e+00
4.242899708697525973e+00 2.428425481138495101e+00
4.248766129358421573e+00 2.419809651777006465e+00
4.254640661191801065e+00 2.411223945926045609e+00
4.260523315412530820e+00 2.402668259562210196e+00
4.266414103250982137e+00 2.394142489017846209e+00
4.272313035953054339e+00 2.385646530979836033e+00
4.278220124780204969e+00 2.377180282488383423e+00
4.284135381009434695e+00 2.368743640935862871e+00
4.290058815933363690e+00 2.360336504065544627e+00
4.295990440860217419e+00 2.351958769970453389e+00
4.301930267113855066e+00 2.343610337092176366e+00
4.307878306033793514e+00 2.335291104219666458e+00
4.313834568975228656e+00 2.327000970488067200e+00
4.319799067309055829e+00 2.318739835377541691e+00
4.325771812421892015e+00 2.310507598712092214e+00
4.331752815716099825e+00 2.302304160658396270e+00
4.337742088609804370e+00 2.294129421724641293e+00
4.343739642536919909e+00 2.285983282759366464e+00
4.349745488947170280e+00 2.277865644950299640e+00
4.355759639306106656e+00 2.269776409823217378e+00
4.361782105095137752e+00 2.261715479240782312e+00
4.367812897811544026e+00 2.253682755401405835e+00
4.373852028968503447e+00 2.245678140838109460e+00
4.379899510095120796e+00 2.237701538417368408e+00
4.385955352736416124e+00 2.229752851338034692e+00
4.392019568453397582e+00 2.221831983130126531e+00
4.398092168823048986e+00 2.213938837653764757e+00
4.404173165438363569e+00 2.206073319098019070e+00
4.410262569908359964e+00 2.198235331979812468e+00
4.416360393858110633e+00 2.190424781142789712e+00
4.422466648928759625e+00 2.182641571756218202e+00
4.428581346777548333e+00 2.174885609313873758e+00
4.434704499077834150e+00 2.167156799632941500e+00
4.440836117519115334e+00 2.159455048852919390e+00
4.446976213807053213e+00 2.151780263434516893e+00
4.453124799663492617e+00 2.144132350158565625e+00
4.459281886826486740e+00 2.136511216124936663e+00
4.465447487050317577e+00 2.128916768751448974e+00
4.471621612105519006e+00 2.121348915772789834e+00
4.477804273778908772e+00 2.113807565239433028e+00
4.483995483873575161e+00 2.106292625516602346e+00
4.490195254208951603e+00 2.098804005283139151e+00
4.496403596620804244e+00 2.091341613530483201e+00
4.502620522961266580e+00 2.083905359561593063e+00
4.508846045098857225e+00 2.076495152989891402e+00
4.515080174918504774e+00 2.069110903738222262e+00
4.521322924321571790e+00 2.061752522205358318e+00
4.527574305225873452e+00 2.054419919675743333e+00
4.533834329565706867e+00 2.047113007855196454e+00
4.540103009291867053e+00 2.039831698742439414e+00
4.546380356371673592e+00 2.032575904628165731e+00
4.552666382788992827e+00 2.025345538094115216e+00
4.558961100544260958e+00 2.018140512012146726e+00
4.565264521654504470e+00 2.010960739543325548e+00
4.571576658153368555e+00 2.003806134136992156e+00
4.577897522091133098e+00 1.996676609529860924e+00
4.584227125534751757e+00 1.989572079745085098e+00
4.590565480567830647e+00 1.982492459091397929e+00
4.596912599290716273e+00 1.975437662162133901e+00
4.603268493820471541e+00 1.968407603834370523e+00
4.609633176290914847e+00 1.961402199268018176e+00
4.616006658852643163e+00 1.954421363904914832e+00
4.622388953673049805e+00 1.947465013467933437e+00
4.628780072936353740e+00 1.940533063960088178e+00
4.635180028843619127e+00 1.933625431663640759e+00
4.641588833612781961e+00 1.926742033139213994e+00
4.648006499478668729e+00 1.919882785224903188e+00
4.654433038693023050e+00 1.913047605035399279e+00
4.660868463524529659e+00 1.906236409961098222e+00
4.667312786258835722e+00 1.899449117667230569e+00
4.673766019198573041e+00 1.892685646092985285e+00
4.680228174663387364e+00 1.885945913450634892e+00
4.686699264989956148e+00 1.879229838224663274e+00
4.693179302532022312e+00 1.872537339170895487e+00
4.699668299660383575e+00 1.865868335315663540e+00
4.706166268762967952e+00 1.859222745954894229e+00
4.712673222244825766e+00 1.852600490653276921e+00
4.719189172528155396e+00 1.846001489243409566e+00
4.725714132052332594e+00 1.839425661824933833e+00
4.732248113273931800e+00 1.832872928763690012e+00
4.738791128666751007e+00 1.826343210690861252e+00
4.745343190721833970e+00 1.819836428502134229e+00
4.751904311947495962e+00 1.813352503356846279e+00
4.758474504869346866e+00 1.806891356677149840e+00
4.765053782030314267e+00 1.800452910147170238e+00
4.771642155990670098e+00 1.794037085712169688e+00
4.778239639328049293e+00 1.787643805577714184e+00
4.784846244637480872e+00 1.781272992208838168e+00
4.791461984531404816e+00 1.774924568329220520e+00
4.798086871639712925e+00 1.768598456920342343e+00
4.804720918609726610e+00 1.762294581220706702e+00
4.811364138106287491e+00 1.756012864724951994e+00
4.818016542811734304e+00 1.749753231183080349e+00
4.824678145425943754e+00 1.743515604599622293e+00
4.831348958666350946e+00 1.737299909176321933e+00
4.838028995267974253e+00 1.731106068925264641e+00
4.844718267983441073e+00 1.724934007908610178e+00
4.851416789583010036e+00 1.718783650448605149e+00
4.858124572854597645e+00 1.712654921127950702e+00
4.864841630603801370e+00 1.706547744788914578e+00
4.871567975653922744e+00 1.700462046532442040e+00
4.878303620845994892e+00 1.694397751717276357e+00
4.885048579038805627e+00 1.688354785959071958e+00
4.891802863108921429e+00 1.682333075129517796e+00
4.898566485950711424e+00 1.676332545355466497e+00
4.905339460476374036e+00 1.670353123018056607e+00
4.912121799615972506e+00 1.664394734751836191e+00
4.918913516317413581e+00 1.658457307443935269e+00
4.925714623546540771e+00 1.652540768233144552e+00
4.932525134287112145e+00 1.646645044509092548e+00
4.939345061540836745e+00 1.640770063911382470e+00
4.946174418327403899e+00 1.634915754328732040e+00
4.953013217684500979e+00 1.629082043898125720e+00
4.959861472667844495e+00 1.623268861003963837e+00
4.966719196351200516e+00 1.617476134277220590e+00
4.973586401826412207e+00 1.611703792594595175e+00
4.980463102203423809e+00 1.605951765077679116e+00
4.987349310610307285e+00 1.600219981092110944e+00
4.994245040193283636e+00 1.594508370246748408e+00
5.001150304116753098e+00 1.588816862392832707e+00
5.008065115563314684e+00 1.583145387623164257e+00
5.014989487733796381e+00 1.577493876271272244e+00
5.021923433847278240e+00 1.571862258910593058e+00
5.028866967141127020e+00 1.566250466353644066e+00
5.035820100870981086e+00 1.560658429651237800e+00
5.042782848310837451e+00 1.555086080091615086e+00
5.049755222753037565e+00 1.549533349199670118e+00
5.056737237508300176e+00 1.544000168736129774e+00
5.063728905905747091e+00 1.538486470696752706e+00
5.070730241292932483e+00 1.532992187311517984e+00
5.077741257035861544e+00 1.527517251043829960e+00
5.084761966519023346e+00 1.522061594589717570e+00
5.091792383145411272e+00 1.516625150877041195e+00
5.098832520336550544e+00 1.511207853064697515e+00
5.105882391532523989e+00 1.505809634541828812e+00
5.112942010191996012e+00 1.500430428927040927e+00
5.120011389792241019e+00 1.495070170067611004e+00
5.127090543829166513e+00 1.489728792038711003e+00
5.134179485817342403e+00 1.484406229142626099e+00
5.141278229290031199e+00 1.479102415907971757e+00
5.148386787799178244e+00 1.473817287088950545e+00
5.155505174915497868e+00 1.468550777664531015e+00
5.162633404228455625e+00 1.463302822850829576e+00
5.169771489346308257e+00 1.458073358368526584e+00
5.176919443896127682e+00 1.452862320426906662e+00
5.184077281523825853e+00 1.447669645459892074e+00
5.191245015894183190e+00 1.442495270114260375e+00
5.198422660690874331e+00 1.437339131248952517e+00
5.205610229616491225e+00 1.432201165934395171e+00
5.212807736392574220e+00 1.427081311451820378e+00
5.220015194759635158e+00 1.421979505292586321e+00
5.227232618477182235e+00 1.416895685157505191e+00
5.234460021323750212e+00 1.411829788956163290e+00
5.241697417096923495e+00 1.406781754806256890e+00
5.248944819613363677e+00 1.401751521032915448e+00
5.256202242708837957e+00 1.396739026168039022e+00
5.263469700238251114e+00 1.391744208949622585e+00
5.270747206075633962e+00 1.386767008321124761e+00
5.278034774114232164e+00 1.381807363430758384e+00
5.285332418266488475e+00 1.376865213630865226e+00
5.292640152464085368e+00 1.371940498477245640e+00
5.299957990657963691e+00 1.367033157728506421e+00
5.307285946818355526e+00 1.362143131345408875e+00
5.314624034934808172e+00 1.357270359490212908e+00
5.321972269016213453e+00 1.352414782526029757e+00
5.329330663090829923e+00 1.347576341016177626e+00
5.336699231206313065e+00 1.342754975723528421e+00
5.344077987429741050e+00 1.337950627609874044e+00
5.351466945847643153e+00 1.333163237835273351e+00
5.358866120566024627e+00 1.328392747757423997e+00
5.366275525710392458e+00 1.323639098931016500e+00
5.373695175425787340e+00 1.318902233107101196e+00
5.381125083876816539e+00 1.314182092232450083e+00
5.388565265247638791e+00 1.309478618448946419e+00
5.396015733742058451e+00 1.304791754092920364e+00
5.403476503583506840e+00 1.300121441694542801e+00
5.410947589015083103e+00 1.295467623977194283e+00
5.418429004299576413e+00 1.290830243856844417e+00
5.425920763719497941e+00 1.286209244441422817e+00
5.433422881577108399e+00 1.281604569030202700e+00
5.440935372194439346e+00 1.277016161113183834e+00
5.448458249913327833e+00 1.272443964370472136e+00
5.455991529095439496e+00 1.267887922671666834e+00
5.463535224122296974e+00 1.263347980075247179e+00
5.471089349395307444e+00 1.258824080827963821e+00
5.478653919335791045e+00 1.254316169364225297e+00
5.486228948385005744e+00 1.249824190305493854e+00
5.493814451004178423e+00 1.245348088459679037e+00
5.501410441674527974e+00 1.240887808820536176e+00
5.509016934897310591e+00 1.236443296567054206e+00
5.516633945193796684e+00 1.232014497061700631e+00
5.524261487105367685e+00 1.227601355705176367e+00
5.531899575193500951e+00 1.223203817799934701e+00
5.539548224039805291e+00 1.218821828804719454e+00
5.547207448246052053e+00 1.214455334367102735e+00
5.554877262434202656e+00 1.210104280322838566e+00
5.562557681246431684e+00 1.205768612695217179e+00
5.570248719345163302e+00 1.201448277694416644e+00
5.577950391413090792e+00 1.197143221716864936e+00
5.585662712153210308e+00 1.192853391344597114e+00
5.593385696288847519e+00 1.188578733344617389e+00
5.601119358563683370e+00 1.184319194668265407e+00
5.608863713741786050e+00 1.180074722450580316e+00
5.616618776607634977e+00 1.175845264009673041e+00
5.624384561966153662e+00 1.171630766846091909e+00
5.632161084642733684e+00 1.167431178642198919e+00
5.639948359483277329e+00 1.163246447261540251e+00
5.647746401354178047e+00 1.159076520748243411e+00
5.655555225142420817e+00 1.154921347326362424e+00
5.663374845755559051e+00 1.150780875399285863e+00
5.671205278121762561e+00 1.146655053549109349e+00
5.679046537189836208e+00 1.142543830536026706e+00
5.686898637929258982e+00 1.138447155297712898e+00
5.694761595330202653e+00 1.134364976948716963e+00
5.702635424403569075e+00 1.130297244779852495e+00
5.710520140181012394e+00 1.126243908257594351e+00
5.718415757714971015e+00 1.122204917023469806e+00
5.726322292078694254e+00 1.118180220893463472e+00
5.734239758366275197e+00 1.114169769857408676e+00
5.742168171692673795e+00 1.110173514078399259e+00
5.750107547193749724e+00 1.106191403892188729e+00
5.758057900026289921e+00 1.102223389806596066e+00
5.766019245368051216e+00 1.098269422500909753e+00
5.773991598417737237e+00 1.094329452825324012e+00
5.781974974395104994e+00 1.090403431800309297e+00
5.789969388540940898e+00 1.086491310616058970e+00
5.797974856117104281e+00 1.082593040631892212e+00
5.805991392406555818e+00 1.078708573375678936e+00
5.814019012713388612e+00 1.074837860543254031e+00
5.822057732362855731e+00 1.070980853997843596e+00
5.830107566701396848e+00 1.067137505769490513e+00
5.838168531096673775e+00 1.063307768054476687e+00
5.846240640937594435e+00 1.059491593214753724e+00
5.854323911634343958e+00 1.055688933777374494e+00
5.862418358618416647e+00 1.051899742433923146e+00
5.870523997342639078e+00 1.048123972039949559e+00
5.878640843281208284e+00 1.044361575614406235e+00
5.886768911929711301e+00 1.040612506339087195e+00
5.894908218805165134e+00 1.036876717558065986e+00
5.903058779446050508e+00 1.033154162826745104e+00
5.911220609412296767e+00 1.029444796069956203e+00
5.919393724285383129e+00 1.025748571424420108e+00
5.927578139668320034e+00 1.022065443182461619e+00
5.935773871185692663e+00 1.018395365791486817e+00
5.943980934483688472e+00 1.014738293853477025e+00
5.952199345230128280e+00 1.011094182124482321e+00
5.960429119114495577e+00 1.007462985514112175e+00
5.968670271847966724e+00 1.003844659085032509e+00
5.976922819163442036e+00 1.000239158052464328e+00
5.985186776815573317e+00 9.966464377836791178e-01
5.993462160580797615e+00 9.930664537975016914e-01
6.001748986257363860e+00 9.894991617638105863e-01
6.010047269665363068e+00 9.859445175030433495e-01
6.018357026646762087e+00 9.824024769856983808e-01
6.026678273065430247e+00 9.788729963318448801e-01
6.035011024807171331e+00 9.753560318106281324e-01
6.043355297779765323e+00 9.718515398397753469e-01
6.051711107912952414e+00 9.683594769851265882e-01
6.060078471158530711e+00 9.648797999601187447e-01
6.068457403490345570e+00 9.614124656253173473e-01
6.076847920904326905e+00 9.579574309879282934e-01
6.085250039418520274e+00 9.545146532013172314e-01
6.093663775073120625e+00 9.510840895645245041e-01
6.102089143930498949e+00 9.476656975217895296e-01
6.110526162075236023e+00 9.442594346620691859e-01
6.118974845614150837e+00 9.408652587185630800e-01
6.127435210676334343e+00 9.374831275682375953e-01
6.135907273413176100e+00 9.341129992313542685e-01
6.144391049998397136e+00 9.307548318709941704e-01
6.152886556628083703e+00 9.274085837925895026e-01
6.161393809520712139e+00 9.240742134434553057e-01
6.169912824917185290e+00 9.207516794123191683e-01
6.178443619080874250e+00 9.174409404288512704e-01
6.186986208297597045e+00 9.141419553632210704e-01
6.195540608875727884e+00 9.108546832256010362e-01
6.204106837146176723e+00 9.075790831657287727e-01
6.212684909462435456e+00 9.043151144724361767e-01
6.221274842200603672e+00 9.010627365731971317e-01
6.229876651759425066e+00 8.978219090336644337e-01
6.238490354560317641e+00 8.945925915572178200e-01
6.247115967047402130e+00 8.913747439845066678e-01
6.255753505687538407e+00 8.881683262929982448e-01
6.264402986970353027e+00 8.849732985965251819e-01
6.273064427408269417e+00 8.817896211448373878e-01
6.281737843536546073e+00 8.786172543231502985e-01
6.290423251913301428e+00 8.754561586516986793e-01
6.299120669119547600e+00 8.723062947852926463e-01
6.307830111759223257e+00 8.691676235027050446e-01
6.316551596459224704e+00 8.660401056174207302e-01
6.325285139869448514e+00 8.629237020218450960e-01
6.334030758662775540e+00 8.598183737429283546e-01
6.342788469535176610e+00 8.567240819423236342e-01
6.351558289205694763e+00 8.536407879159444434e-01
6.360340234416489658e+00 8.505684530935040399e-01
6.369134321932869547e+00 8.475070390380592400e-01
6.377940568543321476e+00 8.444565074455593345e-01
6.386758991059547697e+00 8.414168201443892325e-01
6.395589606316493203e+00 8.383879390949215971e-01
6.404432431172379481e+00 8.353698263890675380e-01
6.413287482508738258e+00 8.323624442498268605e-01
6.422154777230442591e+00 8.293657550308427551e-01
6.431034332265737063e+00 8.263797212159581518e-01
6.439926164566273314e+00 8.234043054187697441e-01
6.448830291107141122e+00 8.204394703821882295e-01
6.457746728886900378e+00 8.174851789779959965e-01
6.466675494927614842e+00 8.145413942064114732e-01
6.475616606274894771e+00 8.116080791956424845e-01
6.484570079997880931e+00 8.086851972014725831e-01
6.493535933189353848e+00 8.057727116067965323e-01
6.502514182965714262e+00 8.028705859212059703e-01
6.511504846467026653e+00 7.999787837805555357e-01
6.520507940857057427e+00 7.970972689465282146e-01
6.529523483323301569e+00 7.942260053062113467e-01
6.538551491077019939e+00 7.913649568716655258e-01
6.547591981353269475e+00 7.885140877795008274e-01
6.556644971410938716e+00 7.856733622904514824e-01
6.565710478532777117e+00 7.828427447889528823e-01
6.574788520025430572e+00 7.800221997827216924e-01
6.583879113219474277e+00 7.772116919023323023e-01
6.592982275469446485e+00 7.744111859008003806e-01
6.602098024153876921e+00 7.716206466531658759e-01
6.611226376675328531e+00 7.688400391560751279e-01
6.620367350460436562e+00 7.660693285273630915e-01
6.629520962959889019e+00 7.633084800056573194e-01
6.638687231648547460e+00 7.605574589499400906e-01
6.647866174025415908e+00 7.578162308391559465e-01
6.657057807613696809e+00 7.550847612717966895e-01
6.666262149960820338e+00 7.523630159654945970e-01
6.675479218638477263e+00 7.496509607566176348e-01
6.684709031242655364e+00 7.469485615998613381e-01
6.693951605393670512e+00 7.442557845678478001e-01
6.703206958736201315e+00 7.415725958507218829e-01
6.712475108939322865e+00 7.388989617557508716e-01
6.721756073696540490e+00 7.362348487069262370e-01
6.731049870725822615e+00 7.335802232445625126e-01
6.740356517769635403e+00 7.309350520253654615e-01
6.749676032594977393e+00 7.282993018351890946e-01
6.759008432993412363e+00 7.256729395903271929e-01
6.768353736781103080e+00 7.230559323222366386e-01
6.777711961798858376e+00 7.204482471762921891e-01
6.787083125912116266e+00 7.178498514114119988e-01
6.796467247011054091e+00 7.152607123996532756e-01
6.805864343010574302e+00 7.126807976258406896e-01
6.815274431850347092e+00 7.101100746871811253e-01
6.824697531494847702e+00 7.075485112928837639e-01
6.834133659933391058e+00 7.049960752637771666e-01
6.843582835180161084e+00 7.024527345319341309e-01
6.853045075274254216e+00 6.999184571402894406e-01
6.862520398279704281e+00 6.973932112422690510e-01
6.872008822285522456e+00 6.948769651014109483e-01
6.881510365405731910e+00 6.923696870909926693e-01
6.891025045779399782e+00 6.898713456936602650e-01
6.900552881570672703e+00 6.873819095010543778e-01
6.910093890968812325e+00 6.849013472134425351e-01
6.919648092188230848e+00 6.824296276393487792e-01
6.929215503468522996e+00 6.799667196951867387e-01
6.938796143074516642e+00 6.775125924048893689e-01
6.948390029296251491e+00 6.750672148995592314e-01
6.957997180449098096e+00 6.726305564170810269e-01
6.967617614873735654e+00 6.702025863017759821e-01
6.977251350936204410e+00 6.677832740040334780e-01
6.986898407027934965e+00 6.653725890799532250e-01
6.996558801565790020e+00 6.629705011909851065e-01
7.006232552992093687e+00 6.605769801035721311e-01
7.015919679774671458e+00 6.581919956887918310e-01
7.025620200406880400e+00 6.558155179220035436e-01
7.035334133407650015e+00 6.534475168824911417e-01
7.045061497321513322e+00 6.510879627531115377e-01
7.054802310718645053e+00 6.487368258199425197e-01
7.064556592194895401e+00 6.463940764719312559e-01
7.074324360371824660e+00 6.440596852005460171e-01
7.084105633896742305e+00 6.417336225994253462e-01
7.093900431442753174e+00 6.394158593640302257e-01
7.103708771708737935e+00 6.371063662913085679e-01
7.113530673419473871e+00 6.348051142793323942e-01
7.123366155325614457e+00 6.325120743269654344e-01
7.133215236203737319e+00 6.302272175335181803e-01
7.143077934856383315e+00 6.279505150984056039e-01
7.152954270112087620e+00 6.256819383208080954e-01
7.162844260825422360e+00 6.234214585993302915e-01
7.172747925877025033e+00 6.211690474316634569e-01
7.182665284173641140e+00 6.189246764142496415e-01
7.192596354648156165e+00 6.166883172419437287e-01
7.202541156259632871e+00 6.144599417077291070e-01
7.212499707993349496e+00 6.122395217152480917e-01
7.222472028860830839e+00 6.100270292954987905e-01
7.232458137899890893e+00 6.078224365802282758e-01
7.242458054174665705e+00 6.056257157972562144e-01
7.252471796775648016e+00 6.034368392701539019e-01
7.262499384819743220e+00 6.012557794179151927e-01
7.272540837450242712e+00 5.990825087546517436e-01
7.282596173836952680e+00 5.969169998892507323e-01
7.292665413176166567e+00 5.947592255250706561e-01
7.302748574690721917e+00 5.926091584596198114e-01
7.312845677630033236e+00 5.904667715842384368e-01
7.322956741270130188e+00 5.883320378837832987e-01
7.333081784913694889e+00 5.862049304363137203e-01
7.343220827890099223e+00 5.840854224127763894e-01
7.353373889555437692e+00 5.819734870766928303e-01
7.363540989292570060e+00 5.798690977838477645e-01
7.373722146511155096e+00 5.777722279819795803e-01
7.383917380647687878e+00 5.756828512104680273e-01
7.394126711165537102e+00 5.736009411000271285e-01
7.404350157554982381e+00 5.715264713723969825e-01
7.414587739333251548e+00 5.694594158400377859e-01
7.424839476044558850e+00 5.673997484058237450e-01
7.435105387260154686e+00 5.653474430627328795e-01
7.445385492578304287e+00 5.633024738935603626e-01
7.455679811624418285e+00 5.612648150705923378e-01
7.465988364051023396e+00 5.592344408553200363e-01
7.476311169537821044e+00 5.572113255981352431e-01
7.486648247791722888e+00 5.551954437380275387e-01
7.496999618546886346e+00 5.531867698022900903e-01
7.507365301564755455e+00 5.511852784062196697e-01
7.517745316634099062e+00 5.491909442528173368e-01
7.528139683571042795e+00 5.472037421324972284e-01
7.538548422219113476e+00 5.452236469227893512e-01
7.548971552449274647e+00 5.432506335880437076e-01
7.559409094159964759e+00 5.412846771791411937e-01
7.569861067277131816e+00 5.393257528331993900e-01
7.580327491754276892e+00 5.373738357732802395e-01
7.590808387572488769e+00 5.354289013081033888e-01
7.601303774740499897e+00 5.334909248317500907e-01
7.611813673294658855e+00 5.315598818233915335e-01
7.622338103299065359e+00 5.296357478469778668e-01
7.632877084845545390e+00 5.277184985509691950e-01
7.643430638053702708e+00 5.258081096680453648e-01
7.653998783070961487e+00 5.239045570148187503e-01
7.664581540072601840e+00 5.220078164915549213e-01
7.675178929261799787e+00 5.201178640818887589e-01
7.685790970869663674e+00 5.182346758525401276e-01
7.696417685155275912e+00 5.163582279530370966e-01
7.707059092405728506e+00 5.144884966065089715e-01
7.717715212936164804e+00 5.126254580727349630e-01
7.728386067089815015e+00 5.107690886796543150e-01
7.739071675238038850e+00 5.089193648378843582e-01
7.749772057780360157e+00 5.070762630404471727e-01
7.760487235144510443e+00 5.052397598624830399e-01
7.771217227786463511e+00 5.034098319609656702e-01
7.781962056190493193e+00 5.015864560744215384e-01
7.792721740869148483e+00 4.997696090226549925e-01
7.803496302363385873e+00 4.979592677064550998e-01
7.814285761242549810e+00 4.961554091073261397e-01
7.825090138104421555e+00 4.943580102872044413e-01
7.835909453575265360e+00 4.925670483881843809e-01
7.846743728309859556e+00 4.907825006322405481e-01
7.857592982991545405e+00 4.890043443209501350e-01
7.868457238332259962e+00 4.872325568352218750e-01
7.879336515072576042e+00 4.854671156350205408e-01
7.890230833981744851e+00 4.837079982590928307e-01
7.901140215857734184e+00 4.819551823246986388e-01
7.912064681527268384e+00 4.802086455273388843e-01
7.923004251845865653e+00 4.784683656404829510e-01
7.933958947697883346e+00 4.767343205153042884e-01
7.944928789996549945e+00 4.750064880804096834e-01
7.955913799684013910e+00 4.732848463415706419e-01
7.966913997731393415e+00 4.715693733814584343e-01
7.977929405138753260e+00 4.698600473593847471e-01
7.988960042935242534e+00 4.681568465110252930e-01
8.000005932179071522e+00 4.664597491481647928e-01
8.011067093957564111e+00 4.647687336584305218e-01
8.022143549387202199e+00 4.630837785050339606e-01
8.033235319613664771e+00 4.614048622265055077e-01
8.044342425811864317e+00 4.597319634364387952e-01
8.055464889185996569e+00 4.580650608232290644e-01
8.066602730969568924e+00 4.564041331498141507e-01
8.077755972425451958e+00 4.547491592534196325e-01
8.088924634845911399e+00 4.531001180453012034e-01
8.100108739552656090e+00 4.514569885104873226e-01
8.111308307896871739e+00 4.498197497075275275e-01
8.122523361259268881e+00 4.481883807682371379e-01
8.133753921050116631e+00 4.465628608974425706e-01
8.145000008709306627e+00 4.449431693727301518e-01
8.156261645706321062e+00 4.433292855442012570e-01
8.167538853540376564e+00 4.417211888342102433e-01
8.178831653740404661e+00 4.401188587371213656e-01
8.190140067865097961e+00 4.385222748190606978e-01
8.201464117502958118e+00 4.369314167176664432e-01
8.212803824272336684e+00 4.353462641418427981e-01
8.224159209821477745e+00 4.337667968715118172e-01
8.235530295828551672e+00 4.321929947589621679e-01
8.246917104001708410e+00 4.306248377465439203e-01
8.258319656079109450e+00 4.290623058597186068e-01
8.269737973828970468e+00 4.275053791937400427e-01
8.281172079049609280e+00 4.259540379131692145e-01
8.292621993569479599e+00 4.244082622516366921e-01
8.304087739247217215e+00 4.228680325116086491e-01
8.315569337971680852e+00 4.213333290641500528e-01
8.327066811661994805e+00 4.198041323486902399e-01
8.338580182267602225e+00 4.182804228727882156e-01
8.350109471768250913e+00 4.167621812119073899e-01
8.361654702174122988e+00 4.152493880091716605e-01
8.373215895525820684e+00 4.137420239751407602e-01
8.384793073894416082e+00 4.122400698875801073e-01
8.396386259381500849e+00 4.107435065912300454e-01
8.407995474119225321e+00 4.092523149975752506e-01
8.419620740270337578e+00 4.077664760846196335e-01
8.431262080028234962e+00 4.062859708966556904e-01
8.442919515616992499e+00 4.048107805440407381e-01
8.454593069291421514e+00 4.033408862029684294e-01
8.466282763337096284e+00 4.018762691152459321e-01
8.477988620070407322e+00 4.004169105880669988e-01
8.489710661838604011e+00 3.989627919937905332e-01
8.501448911019828358e+00 3.975138947697169356e-01
8.513203390023166506e+00 3.960702004178644486e-01
8.524974121288705575e+00 3.946316905047483337e-01
8.536761127287507023e+00 3.931983466611662092e-01
8.548564430521752300e+00 3.917701505819676244e-01
8.560384053524721537e+00 3.903470840258402297e-01
8.572220018860846835e+00 3.889291288150925618e-01
8.584072349125760226e+00 3.875162668354347750e-01
8.595941066946336306e+00 3.861084800357602598e-01
8.607826194980733092e+00 3.847057504279319806e-01
8.619727755918438206e+00 3.833080600865657050e-01
8.631645772480309731e+00 3.819153911488134545e-01
8.643580267418620622e+00 3.805277258141527286e-01
8.655531263517101337e+00 3.791450463441711771e-01
8.667498783590987799e+00 3.777673350623524384e-01
8.679482850487058698e+00 3.763945743538675837e-01
8.691483487083679904e+00 3.750267466653612880e-01
8.703500716290850647e+00 3.736638345047427756e-01
8.715534561050251483e+00 3.723058204409732119e-01
8.727585044335294029e+00 3.709526871038588691e-01
8.739652189151103201e+00 3.696044171838470116e-01
8.751736018534668204e+00 3.682609934318071820e-01
8.763836555554808783e+00 3.669223986588333597e-01
8.775953823312240942e+00 3.655886157360345723e-01
8.788087844939623139e+00 3.642596275943280615e-01
8.800238643601593580e+00 3.629354172242627019e-01
8.812406242494823516e+00 3.616159676768939679e-01
8.824590664848056321e+00 3.603012620639498009e-01
8.836791933922150122e+00 3.589912835562210081e-01
8.849010073010125765e+00 3.576860153832503997e-01
8.861245105437209446e+00 3.563854408331305623e-01
8.873497054560880670e+00 3.550895432523053508e-01
8.885765943770909558e+00 3.537983060453688267e-01
8.898051796489408360e+00 3.525117126748666396e-01
8.910354636170874087e+00 3.512297466610957986e-01
8.922674486302232921e+00 3.499523915819101050e-01
8.935011370402902386e+00 3.486796310725172598e-01
8.947365312024766482e+00 3.474114488252922350e-01
8.959736334752323117e+00 3.461478285895702167e-01
8.972124462202666351e+00 3.448887541714572569e-01
8.984529718025541456e+00 3.436342094336358732e-01
8.996952125903392883e+00 3.423841782951682067e-01
9.009391709551408667e+00 3.411386447313065617e-01
9.021848492717570167e+00 3.398975927732967306e-01
9.034322499182691146e+00 3.386610065081891996e-01
9.046813752760463956e+00 3.374288700786467476e-01
9.059322277297509274e+00 3.362011676827532103e-01
9.071848096673420514e+00 3.349778835738233540e-01
9.084391234800804682e+00 3.337590020602149155e-01
9.096951715625333890e+00 3.325445075051374766e-01
9.109529563125787988e+00 3.313343843264667243e-01
9.122124801314098974e+00 3.301286169965555461e-01
9.134737454235420273e+00 3.289271900420456252e-01
9.147367545968092983e+00 3.277300880436881947e-01
9.160015100623809303e+00 3.265372956361473067e-01
9.172680142347577004e+00 3.253487975078231398e-01
9.185362695317788706e+00 3.241645784006651487e-01
9.198062783746269844e+00 3.229846231099875453e-01
9.210780431878317742e+00 3.218089164842872774e-01
9.223515663992756686e+00 3.206374434250612304e-01
9.236268504401975221e+00 3.194701888866233186e-01
9.249038977451981225e+00 3.183071378759250725e-01
9.261827107522444535e+00 3.171482754523720082e-01
9.274632919026741362e+00 3.159935867276469357e-01
9.287456436412002247e+00 3.148430568655277151e-01
9.300297684159161804e+00 3.136966710817105652e-01
9.313156686783001348e+00 3.125544146436288750e-01
9.326033468832198636e+00 3.114162728702788985e-01
9.338928054889374053e+00 3.102822311320396764e-01
9.351840469571152781e+00 3.091522748504968443e-01
9.364770737528143485e+00 3.080263894982723238e-01
9.377718883445089304e+00 3.069045605988395820e-01
9.390684932040850086e+00 3.057867737263558761e-01
9.403668908068461008e+00 3.046730145054792893e-01
9.416670836315182314e+00 3.035632686071136344e-01
9.429690741602541948e+00 3.024575217408871919e-01
9.442728648786395951e+00 3.013557596646367354e-01
9.455784582756956880e+00 3.002579681862708183e-01
9.468858568438861312e+00 2.991641331635948031e-01
9.481950630791200041e+00 2.980742405041367782e-01
9.495060794807578475e+00 2.969882761649773606e-01
9.508189085516155714e+00 2.959062261525775561e-01
9.521335527979697844e+00 2.948280765226052313e-01
9.534500147295624117e+00 2.937538133797680251e-01
9.547682968596054920e+00 2.926834228776400981e-01
9.560884017047857952e+00 2.916168912184953776e-01
9.574103317852715733e+00 2.905542046531352507e-01
9.587340896247102506e+00 2.894953494807274152e-01
9.600596777502438783e+00 2.884403120486287997e-01
9.613870986925068252e+00 2.873890787522243029e-01
9.627163549856327052e+00 2.863416360347582623e-01
9.640474491672588186e+00 2.852979703871698636e-01
9.653803837785307707e+00 2.842580683479269954e-01
9.667151613641079777e+00 2.832219165028599939e-01
9.680517844721682863e+00 2.821895014850001049e-01
9.693902556544125915e+00 2.811608099744137834e-01
9.707305774660699882e+00 2.801358286980393797e-01
9.720727524659023899e+00 2.791145444295259348e-01
9.734167832162096801e+00 2.780969439890694783e-01
9.747626722828346857e+00 2.770830142432531562e-01
9.761104222351674409e+00 2.760727421048853047e-01
9.774600356461508710e+00 2.750661145328385238e-01
9.788115150922873653e+00 2.740631185318897489e-01
9.801648631536354017e+00 2.730637411525654867e-01
9.815200824138271329e+00 2.720679694909752810e-01
9.828771754600644783e+00 2.710757906886591129e-01
9.842361448831272952e+00 2.700871919324265846e-01
9.855969932773767539e+00 2.691021604542029322e-01
9.869597232407617327e+00 2.681206835308698189e-01
9.883243373748225480e+00 2.671427484841096267e-01
9.896908382846971719e+00 2.661683426802514685e-01
9.910592285791249623e+00 2.651974535301145908e-01
9.924295108704527024e+00 2.642300684888539419e-01
9.938016877746388644e+00 2.632661750558075719e-01
9.951757619112589381e+00 2.623057607743412012e-01
9.965517359035104050e+00 2.613488132316971746e-01
9.979296123782173566e+00 2.603953200588416395e-01
9.993093939658365343e+00 2.594452689303112236e-01
1.000691083300460882e+01 2.584986475640634329e-01
1.002074683019828072e+01 2.575554437213243841e-01
1.003460195765316065e+01 2.566156452064422555e-01
1.004847624181961585e+01 2.556792398667317445e-01
1.006236970918456208e+01 2.547462155929611227e-01
1.007628238627153827e+01 2.538165603225244205e-01
1.009021429964075267e+01 2.528902620368008169e-01
1.010416547588914149e+01 2.519673087594583860e-01
1.011813594165041330e+01 2.510476885563061589e-01
1.013212572359509878e+01 2.501313895351470751e-01
1.014613484843060753e+01 2.492183998456322103e-01
1.016016334290127787e+01 2.483087076791168912e-01
1.017421123378841941e+01 2.474023012685156453e-01
1.018827854791037701e+01 2.464991688881577048e-01
1.020236531212257525e+01 2.455992988536442601e-01
1.021647155331756451e+01 2.447026795217061290e-01
1.023059729842508503e+01 2.438092992900587064e-01
1.024474257441210767e+01 2.429191465972633801e-01
1.025890740828291037e+01 2.420322099225812595e-01
1.027309182707904611e+01 2.411484777858406703e-01
1.028729585787951883e+01 2.402679387472853034e-01
1.030151952780075142e+01 2.393905814074425986e-01
1.031576286399666209e+01 2.385163944069809416e-01
1.033002589365871238e+01 2.376453664265700261e-01
1.034430864401595507e+01 2.367774861867439073e-01
1.035861114233509639e+01 2.359127424477621415e-01
1.037293341592054396e+01 2.350511240094708965e-01
1.038727549211445300e+01 2.341926197111672825e-01
1.040163739829678313e+01 2.333372184314621289e-01
1.041601916188535704e+01 2.324849090881426772e-01
1.043042081033589952e+01 2.316356806380381606e-01
1.044484237114209968e+01 2.307895220768836353e-01
1.045928387183566066e+01 2.299464224391845613e-01
1.047374533998635293e+01 2.291063707980832975e-01
1.048822680320208534e+01 2.282693562652240438e-01
1.050272828912887668e+01 2.274353679906224168e-01
1.051724982545103337e+01 2.266043951625268671e-01
1.053179143989111743e+01 2.257764270072899204e-01
1.054635316021002467e+01 2.249514527892350346e-01
1.056093501420702907e+01 2.241294618105255376e-01
1.057553702971984322e+01 2.233104434110311787e-01
1.059015923462467335e+01 2.224943869681998976e-01
1.060480165683626197e+01 2.216812818969261245e-01
1.061946432430795184e+01 2.208711176494201345e-01
1.063414726503173569e+01 2.200638837150803995e-01
1.064885050703830771e+01 2.192595696203621380e-01
1.066357407839711691e+01 2.184581649286510274e-01
1.067831800721642388e+01 2.176596592401336960e-01
1.069308232164335593e+01 2.168640421916694649e-01
1.070786704986395499e+01 2.160713034566645041e-01
1.072267222010323096e+01 2.152814327449441567e-01
1.073749786062524869e+01 2.144944198026244309e-01
1.075234399973307831e+01 2.137102544120234315e-01
1.076721066576899410e+01 2.129289263919789399e-01
1.078209788711443373e+01 2.121504255976251196e-01
1.079700569219007811e+01 2.113747419198847843e-01
1.081193410945589939e+01 2.106018652853336448e-01
1.082688316741122669e+01 2.098317856560781569e-01
1.084185289459478518e+01 2.090644930296315096e-01
1.085684331958476534e+01 2.082999774387892800e-01
1.087185447099887092e+01 2.075382289515094458e-01
1.088688637749436872e+01 2.067792376707887902e-01
1.090193906776815425e+01 2.060229937345406381e-01
1.091701257055679619e+01 2.052694873154751465e-01
1.093210691463659856e+01 2.045187086209776517e-01
1.094722212882365042e+01 2.037706478929874887e-01
1.096235824197388631e+01 2.030252954078796968e-01
1.097751528298313417e+01 2.022826414763440606e-01
1.099269328078720065e+01 2.015426764432646511e-01
1.100789226436183021e+01 2.008053906876071104e-01
1.102311226272290234e+01 2.000707746222911421e-01
1.103835330492638711e+01 1.993388186940790174e-01
1.105361542006843045e+01 1.986095133834563653e-01
1.106889863728540924e+01 1.978828492045138499e-01
1.108420298575398633e+01 1.971588167048320683e-01
1.109952849469116387e+01 1.964374064653636176e-01
1.111487519335434015e+01 1.957186091003183803e-01
1.113024311104136643e+01 1.950024152570473679e-01
1.114563227709060200e+01 1.942888156159273405e-01
1.116104272088097460e+01 1.935778008902457603e-01
1.117647447183202836e+01 1.928693618260876597e-01
1.119192755940398420e+01 1.921634892022198449e-01
1.120740201309779671e+01 1.914601738299786526e-01
1.122289786245521270e+01 1.907594065531562910e-01
1.123841513705884410e+01 1.900611782478860978e-01
1.125395386653213770e+01 1.893654798225359592e-01
1.126951408053956527e+01 1.886723022175879338e-01
1.128509580878659690e+01 1.879816364055324485e-01
1.130069908101976850e+01 1.872934733907552218e-01
1.131632392702674927e+01 1.866078042094256317e-01
1.133197037663638973e+01 1.859246199293875523e-01
1.134763845971878915e+01 1.852439116500476102e-01
1.136332820618534001e+01 1.845656705022669930e-01
1.137903964598879547e+01 1.838898876482510381e-01
1.139477280912332446e+01 1.832165542814395143e-01
1.141052772562456141e+01 1.825456616263995691e-01
1.142630442556967374e+01 1.818772009387165933e-01
1.144210293907741516e+01 1.812111635048853087e-01
1.145792329630817896e+01 1.805475406422041296e-01
1.147376552746406198e+01 1.798863236986665004e-01
1.148962966278892317e+01 1.792275040528491514e-01
1.150551573256845472e+01 1.785710731134810270e-01
1.152142376713015715e+01 1.779170223191449129e-01
1.153735379684353468e+01 1.772653431386561618e-01
1.155330585212005268e+01 1.766160270710094016e-01
1.156927996341322995e+01 1.759690656452713720e-01
1.158527616121868853e+01 1.753244504204777565e-01
1.160129447607421938e+01 1.746821729855270455e-01
1.161733493855983212e+01 1.740422249590779236e-01
1.163339757929781726e+01 1.734045979894447420e-01
1.164948242895280828e+01 1.727692837544946014e-01
1.166558951823183676e+01 1.721362739615432402e-01
1.168171887788438568e+01 1.715055603472544210e-01
1.169787053870246218e+01 1.708771346775349864e-01
1.171404453152064029e+01 1.702509887474355499e-01
1.173024088721613367e+01 1.696271143810471616e-01
1.174645963670884008e+01 1.690055034314005278e-01
1.176270081096141773e+01 1.683861477803651197e-01
1.177896444097935280e+01 1.677690393385478373e-01
1.179525055781093101e+01 1.671541700451959489e-01
1.181155919254743836e+01 1.665415318680927292e-01
1.182789037632312734e+01 1.659311168034600659e-01
1.184424414031529338e+01 1.653229168758597323e-01
1.186062051574434406e+01 1.647169241380943561e-01
1.187701953387384890e+01 1.641131306711076376e-01
1.189344122601060860e+01 1.635115285838878163e-01
1.190988562350470836e+01 1.629121100133689160e-01
1.192635275774957471e+01 1.623148671243332120e-01
1.194284266018204832e+01 1.617197921093145585e-01
1.195935536228243024e+01 1.611268771885013551e-01
1.197589089557454933e+01 1.605361146096394298e-01
1.199244929162581919e+01 1.599474966479368931e-01
1.200903058204730023e+01 1.593610156059676874e-01
1.202563479849376371e+01 1.587766638135760244e-01
1.204226197266376808e+01 1.581944336277806562e-01
1.205891213629962699e+01 1.576143174326828655e-01
1.207558532118761718e+01 1.570363076393681556e-01
1.209228155915793934e+01 1.564603966858132966e-01
1.210900088208480341e+01 1.558865770367934833e-01
1.212574332188649251e+01 1.553148411837882437e-01
1.214250891052541625e+01 1.547451816448877082e-01
1.215929768000818179e+01 1.541775909646996845e-01
1.217610966238564707e+01 1.536120617142582023e-01
1.219294488975299018e+01 1.530485864909295890e-01
1.220980339424975725e+01 1.524871579183217085e-01
1.222668520805993708e+01 1.519277686461922572e-01
1.224359036341201801e+01 1.513704113503561710e-01
1.226051889257904648e+01 1.508150787325961695e-01
1.227747082787869282e+01 1.502617635205713564e-01
1.229444620167330982e+01 1.497104584674198435e-01
1.231144504636999670e+01 1.491611563509371019e-01
1.232846739442068440e+01 1.486138499743220043e-01
1.234551327832209999e+01 1.480685321663149645e-01
1.236258273061597457e+01 1.475251957811047065e-01
1.237967578388901124e+01 1.469838336982409177e-01
1.239679247077296687e+01 1.464444388225463467e-01
1.241393282394471242e+01 1.459070040840275695e-01
1.243109687612630765e+01 1.453715224377862547e-01
1.244828466008505075e+01 1.448379868639325108e-01
1.246549620863354413e+01 1.443063903674966508e-01
1.248273155462975836e+01 1.437767259783415963e-01
1.249999073097709967e+01 1.432489867510773340e-01
1.251727377062446500e+01 1.427231657649722096e-01
1.253458070656630419e+01 1.421992561238684949e-01
1.255191157184269279e+01 1.416772509560954019e-01
1.256926639953938540e+01 1.411571434143833181e-01
1.258664522278788311e+01 1.406389266757787360e-01
1.260404807476549749e+01 1.401225939415588762e-01
1.262147498869543760e+01 1.396081384371457013e-01
1.263892599784676918e+01 1.390955534120254800e-01
1.265640113553463486e+01 1.385848321396586369e-01
1.267390043512021869e+01 1.380759679173994281e-01
1.269142393001082780e+01 1.375689540664120081e-01
1.270897165365995818e+01 1.370637839315856921e-01
1.272654363956736390e+01 1.365604508814530493e-01
1.274413992127911399e+01 1.360589483081068585e-01
1.276176053238766350e+01 1.355592696271165354e-01
1.277940550653191210e+01 1.350614082774473923e-01
1.279707487739726623e+01 1.345653577213777596e-01
1.281476867871571379e+01 1.340711114444168850e-01
1.283248694426587733e+01 1.335786629552249694e-01
1.285022970787308694e+01 1.330880057855304832e-01
1.286799700340943708e+01 1.325991334900500085e-01
1.288578886479385766e+01 1.321120396464079971e-01
1.290360532599220100e+01 1.316267178550550310e-01
1.292144642101720819e+01 1.311431617391912718e-01
1.293931218392872040e+01 1.306613649446815573e-01
1.295720264883364692e+01 1.301813211399800718e-01
1.297511784988605754e+01 1.297030240160495507e-01
1.299305782128724118e+01 1.292264672862823427e-01
1.301102259728577870e+01 1.287516446864221398e-01
1.302901221217760330e+01 1.282785499744854008e-01
1.304702670030606271e+01 1.278071769306835248e-01
1.306506609606199731e+01 1.273375193573441921e-01
1.308313043388379171e+01 1.268695710788348974e-01
1.310121974825744928e+01 1.264033259414846233e-01
1.311933407371665439e+01 1.259387778135077907e-01
1.313747344484283808e+01 1.254759205849519110e-01
1.315563789626524915e+01 1.250147481677875427e-01
1.317382746266101101e+01 1.245552544957270469e-01
1.319204217875519625e+01 1.240974335240585397e-01
1.321028207932091725e+01 1.236412792295679963e-01
1.322854719917928357e+01 1.231867856104677111e-01
1.324683757319963107e+01 1.227339466863169165e-01
1.326515323629947929e+01 1.222827564979488135e-01
1.328349422344462738e+01 1.218332091073965617e-01
1.330186056964921981e+01 1.213852985978174648e-01
1.332025230997581389e+01 1.209390190734197512e-01
1.333866947953544191e+01 1.204943646593888557e-01
1.335711211348768934e+01 1.200513295018127147e-01
1.337558024704074988e+01 1.196099077676098937e-01
1.339407391545149650e+01 1.191700936444554382e-01
1.341259315402555430e+01 1.187318813407083340e-01
1.343113799811735909e+01 1.182952650853390242e-01
1.344970848313023382e+01 1.178602391278566475e-01
1.346830464451644893e+01 1.174267977382377204e-01
1.348692651777728990e+01 1.169949352068535842e-01
1.350557413846316202e+01 1.165646458443980460e-01
1.352424754217353531e+01 1.161359239818200439e-01
1.354294676455718971e+01 1.157087639702461535e-01
1.356167184131216175e+01 1.152831601809149037e-01
1.358042280818584757e+01 1.148591070051038915e-01
1.359919970097507047e+01 1.144365988540597817e-01
1.361800255552614836e+01 1.140156301589285576e-01
1.363683140773495772e+01 1.135961953706852989e-01
1.365568629354701180e+01 1.131782889600643910e-01
1.367456724895751918e+01 1.127619054174906765e-01
1.369347431001146020e+01 1.123470392530100670e-01
1.371240751280365089e+01 1.119336849962198066e-01
1.373136689347881223e+01 1.115218371962012206e-01
1.375035248823164480e+01 1.111114904214500904e-01
1.376936433330689091e+01 1.107026392598093600e-01
1.378840246499940392e+01 1.102952783184003166e-01
1.380746691965422457e+01 1.098894022235554352e-01
1.382655773366667340e+01 1.094850056207500727e-01
1.384567494348230454e+01 1.090820831745374364e-01
1.386481858559714908e+01 1.086806295684782930e-01
1.388398869655767598e+01 1.082806395050766035e-01
1.390318531296087912e+01 1.078821077057115219e-01
1.392240847145435545e+01 1.074850289105722390e-01
1.394165820873637074e+01 1.070893978785912165e-01
1.396093456155593415e+01 1.066952093873779484e-01
1.398023756671286399e+01 1.063024582331542345e-01
1.399956726105785876e+01 1.059111392306883309e-01
1.401892368149257173e+01 1.055212472132289470e-01
1.403830686496967495e+01 1.051327770323997601e-01
1.405771684849293202e+01 1.047457235573022033e-01
1.407715366911727273e+01 1.043600816745111903e-01
1.409661736394885700e+01 1.039758462888179663e-01
1.411610797014515484e+01 1.035930123231976613e-01
1.413562552491500668e+01 1.032115747187457716e-01
1.415517006551873180e+01 1.028315284346137670e-01
1.417474162926807679e+01 1.024528684479470847e-01
1.419434025352646778e+01 1.020755897538190987e-01
1.421396597570895892e+01 1.016996873651697525e-01
1.423361883328233723e+01 1.013251563127416516e-01
1.425329886376519717e+01 1.009519916450183213e-01
1.427300610472800102e+01 1.005801884281604386e-01
1.429274059379316242e+01 1.002097417459444917e-01
1.431250236863511027e+01 9.984064669970026118e-02
1.433229146698036871e+01 9.947289840824841134e-02
1.435210792660761747e+01 9.910649200783999691e-02
1.437195178534777718e+01 9.874142265209384650e-02
1.439182308108406971e+01 9.837768551193583344e-02
1.441172185175209997e+01 9.801527577553778570e-02
1.443164813533992330e+01 9.765418864825695100e-02
1.445160196988811840e+01 9.729441935257436558e-02
1.447158339348989031e+01 9.693596312803526294e-02
1.449159244429102422e+01 9.657881523118985734e-02
1.451162916049013596e+01 9.622297093553090763e-02
1.453169358033862935e+01 9.586842553143581913e-02
1.455178574214079212e+01 9.551517432610634462e-02
1.457190568425387767e+01 9.516321264350940945e-02
1.459205344508817070e+01 9.481253582431824201e-02
1.461222906310706549e+01 9.446313922585261591e-02
1.463243257682713505e+01 9.411501822202103518e-02
1.465266402481820940e+01 9.376816820326140667e-02
1.467292344570344831e+01 9.342258457648341952e-02
1.469321087815940885e+01 9.307826276500964779e-02
1.471352636091612709e+01 9.273519820851838791e-02
1.473386993275718915e+01 9.239338636298523311e-02
1.475424163251980580e+01 9.205282270062609129e-02
1.477464149909488178e+01 9.171350270983939790e-02
1.479506957142709922e+01 9.137542189514930024e-02
1.481552588851501362e+01 9.103857577714827287e-02
1.483601048941101297e+01 9.070295989244193946e-02
1.485652341322157000e+01 9.036856979359025877e-02
1.487706469910719775e+01 9.003540104905220776e-02
1.489763438628255621e+01 8.970344924313027046e-02
1.491823251401652151e+01 8.937270997591360844e-02
1.493885912163226770e+01 8.904317886322246633e-02
1.495951424850733957e+01 8.871485153655313260e-02
1.498019793407372546e+01 8.838772364302197038e-02
1.500091021781793188e+01 8.806179084531302881e-02
1.502165113928106521e+01 8.773704882192510934e-02
1.504242073805890278e+01 8.741349326738938330e-02
1.506321905380196391e+01 8.709111989169093793e-02
1.508404612621559515e+01 8.676992442014715146e-02
1.510490199506004139e+01 8.644990259335372240e-02
1.512578670015052040e+01 8.613105016713090700e-02
1.514670028135729929e+01 8.581336291246965953e-02
1.516764277860580279e+01 8.549683661547763380e-02
1.518861423187657067e+01 8.518146707732777989e-02
1.520961468120550464e+01 8.486725011420237497e-02
1.523064416668383991e+01 8.455418155724175877e-02
1.525170272845823760e+01 8.424225725249155639e-02
1.527279040673087174e+01 8.393147306084942916e-02
1.529390724175949856e+01 8.362182485801299137e-02
1.531505327385753823e+01 8.331330853442792117e-02
1.533622854339414943e+01 8.300591999523503073e-02
1.535743309079430574e+01 8.269965516021920982e-02
1.537866695653887561e+01 8.239450996375746739e-02
1.539993018116469692e+01 8.209048035476688987e-02
1.542122280526466049e+01 8.178756229665438970e-02
1.544254486948777405e+01 8.148575176726473301e-02
1.546389641453925456e+01 8.118504475882959426e-02
1.548527748118059932e+01 8.088543727791697169e-02
1.550668811022969429e+01 8.058692534538029750e-02
1.552812834256076790e+01 8.028950499630933824e-02
1.554959821910465578e+01 7.999317227997769508e-02
1.557109778084875984e+01 7.969792325979389858e-02
1.559262706883714777e+01 7.940375401325172611e-02
1.561418612417064011e+01 7.911066063187978392e-02
1.563577498800688304e+01 7.881863922119261567e-02
1.565739370156043009e+01 7.852768590064095056e-02
1.567904230610281857e+01 7.823779680356203470e-02
1.570072084296265302e+01 7.794896807713137810e-02
1.572242935352567805e+01 7.766119588231355786e-02
1.574416787923485828e+01 7.737447639381321574e-02
1.576593646159046180e+01 7.708880580002680505e-02
1.578773514215013840e+01 7.680418030299419885e-02
1.580956396252899410e+01 7.652059611835022868e-02
1.583142296439967645e+01 7.623804947527697273e-02
1.585331218949244736e+01 7.595653661645590526e-02
1.587523167959530213e+01 7.567605379801915777e-02
1.589718147655391967e+01 7.539659728950449946e-02
1.591916162227192721e+01 7.511816337380475272e-02
1.594117215871086124e+01 7.484074834712269031e-02
1.596321312789027758e+01 7.456434851892353166e-02
1.598528457188782781e+01 7.428896021188753640e-02
1.600738653283934099e+01 7.401457976186408272e-02
1.602951905293890533e+01 7.374120351782460780e-02
1.605168217443895529e+01 7.346882784177470593e-02
1.607387593965033190e+01 7.319744910857924058e-02
1.609610039094239298e+01 7.292706370604482013e-02
1.611835557074306280e+01 7.265766803492006154e-02
1.614064152153893872e+01 7.238925850884871116e-02
1.616295828587535865e+01 7.212183155432431991e-02
1.618530590635648636e+01 7.185538361064508495e-02
1.620768442564538603e+01 7.158991112986839989e-02
1.623009388646412177e+01 7.132541057676530794e-02
1.625253433159385352e+01 7.106187842877559335e-02
1.627500580387478735e+01 7.079931117596463541e-02
1.629750834620646671e+01 7.053770532097566881e-02
1.632004200154772278e+01 7.027705737898737315e-02
1.634260681291677741e+01 7.001736387766904768e-02
1.636520282339132493e+01 6.975862135713649381e-02
1.638783007610863152e+01 6.950082636990760621e-02
1.641048861426560634e+01 6.924397548085861609e-02
1.643317848111887258e+01 6.898806526718065379e-02
1.645589971998488110e+01 6.873309231833552024e-02
1.647865237423995310e+01 6.847905323601290173e-02
1.650143648732040091e+01 6.822594463408675203e-02
1.652425210272258127e+01 6.797376313857203534e-02
1.654709926400300191e+01 6.772250538758183003e-02
1.656997801477838550e+01 6.747216803128483487e-02
1.659288839872576560e+01 6.722274773186194541e-02
1.661583045958259319e+01 6.697424116346405165e-02
1.663880424114670475e+01 6.672664501217073774e-02
1.666180978727657447e+01 6.647995597594583139e-02
1.668484714189130358e+01 6.623417076459710284e-02
1.670791634897070566e+01 6.598928609973325754e-02
1.673101745255540607e+01 6.574529871472303832e-02
1.675415049674692369e+01 6.550220535465281491e-02
1.677731552570775264e+01 6.526000277628521418e-02
1.680051258366144751e+01 6.501868774801840278e-02
1.682374171489271220e+01 6.477825704984371824e-02
1.684700296374747808e+01 6.453870747330554825e-02
1.687029637463298570e+01 6.430003582146005814e-02
1.689362199201788783e+01 6.406223890883425143e-02
1.691697986043230628e+01 6.382531356138565481e-02
1.694037002446794560e+01 6.358925661646128158e-02
1.696379252877815347e+01 6.335406492275799661e-02
1.698724741807802729e+01 6.311973534028136879e-02
1.701073473714452078e+01 6.288626474030631353e-02
1.703425453081639063e+01 6.265365000533755502e-02
1.705780684399449498e+01 6.242188802906838141e-02
1.708139172164174369e+01 6.219097571634193272e-02
1.710500920878320841e+01 6.196090998311166997e-02
1.712865935050621857e+01 6.173168775640201084e-02
1.715234219196044307e+01 6.150330597421905382e-02
1.717605777835797198e+01 6.127576158509066145e-02
1.719980615497341603e+01 6.104905154824438740e-02
1.722358736714397409e+01 6.082317283383088108e-02
1.724740146026953980e+01 6.059812242288817319e-02
1.727124847981277256e+01 6.037389730730292892e-02
1.729512847129919351e+01 6.015049448977202728e-02
1.731904148031726720e+01 5.992791098376387682e-02
1.734298755251849755e+01 5.970614381348040428e-02
1.736696673361749532e+01 5.948519001381897403e-02
1.739097906939209182e+01 5.926504663033387715e-02
1.741502460568344191e+01 5.904571071919887532e-02
1.743910338839597074e+01 5.882717934717022340e-02
1.746321546349768994e+01 5.860944959154734679e-02
1.748736087702013009e+01 5.839251854013643300e-02
1.751153967505846154e+01 5.817638329121314900e-02
1.753575190377159032e+01 5.796104095348515728e-02
1.755999760938224696e+01 5.774648864605499282e-02
1.758427683817707177e+01 5.753272349838344651e-02
1.760858963650669651e+01 5.731974265025212983e-02
1.763293605078584747e+01 5.710754325172757301e-02
1.765731612749342005e+01 5.689612246312422683e-02
1.768172991317257825e+01 5.668547745496773510e-02
1.770617745443082924e+01 5.647560540795923401e-02
1.773065879794013711e+01 5.626650351293882579e-02
1.775517399043697964e+01 5.605816897084987815e-02
1.777972307872246915e+01 5.585059899270219258e-02
1.780430610966245908e+01 5.564379079953715029e-02
1.782892313018748354e+01 5.543774162239237940e-02
1.785357418729308776e+01 5.523244870226472203e-02
1.787825932803974993e+01 5.502790929007578269e-02
1.790297859955301973e+01 5.482412064663667178e-02
1.792773204902360007e+01 5.462108004261276295e-02
1.795251972370745008e+01 5.441878475848827001e-02
1.797734167092585977e+01 5.421723208453173293e-02
1.800219793806554947e+01 5.401641932076110125e-02
1.802708857257876218e+01 5.381634377690892174e-02
1.805201362198334181e+01 5.361700277238796997e-02
1.807697313386284677e+01 5.341839363625665998e-02
1.810196715586661043e+01 5.322051370718475921e-02
1.812699573570985834e+01 5.302336033341936011e-02
1.815205892117378639e+01 5.282693087275065064e-02
1.817715676010565673e+01 5.263122269247774015e-02
1.820228930041888304e+01 5.243623316937532503e-02
1.822745659009317265e+01 5.224195968965916065e-02
1.825265867717444479e+01 5.204839964895408011e-02
1.827789560977517169e+01 5.185555045225861276e-02
1.830316743607431462e+01 5.166340951391234365e-02
1.832847420431743757e+01 5.147197425756488975e-02
1.835381596281681382e+01 5.128124211619058265e-02
1.837919275995152901e+01 5.109121053206071295e-02
1.840460464416753794e+01 5.090187695665690515e-02
1.843005166397779604e+01 5.071323885063501458e-02
1.845553386796232331e+01 5.052529368379305580e-02
1.848105130476832159e+01 5.033803893503824289e-02
1.850660402311024200e+01 5.015147209235423786e-02
1.853219207176989869e+01 4.996559065276971745e-02
1.855781549959654697e+01 4.978039212232559380e-02
1.858347435550698634e+01 4.959587401604280410e-02
1.860916868848565642e+01 4.941203385789081498e-02
1.863489854758471509e+01 4.922886918075554397e-02
1.866066398192418774e+01 4.904637752640706588e-02
1.868646504069189263e+01 4.886455644546967153e-02
1.871230177314378196e+01 4.868340349738810996e-02
1.873817422860386728e+01 4.850291625039772347e-02
1.876408245646435802e+01 4.832309228149248015e-02
1.879002650618575743e+01 4.814392917639413044e-02
1.881600642729694783e+01 4.796542452952096830e-02
1.884202226939530789e+01 4.778757594395678654e-02
1.886807408214677295e+01 4.761038103142017225e-02
1.889416191528596300e+01 4.743383741223364952e-02
1.892028581861625369e+01 4.725794271529309976e-02
1.894644584200989001e+01 4.708269457803716113e-02
1.897264203540806804e+01 4.690809064641678072e-02
1.899887444882103082e+01 4.673412857486492628e-02
1.902514313232817500e+01 4.656080602626657544e-02
1.905144813607813248e+01 4.638812067192817079e-02
1.907778951028891967e+01 4.621607019154762297e-02
1.910416730524786288e+01 4.604465227318553511e-02
1.913058157131193582e+01 4.587386461323378350e-02
1.915703235890769918e+01 4.570370491638656857e-02
1.918351971853144278e+01 4.553417089561104247e-02
1.921004370074926371e+01 4.536526027211745804e-02
1.923660435619718001e+01 4.519697077533009477e-02
1.926320173558122306e+01 4.502930014285777549e-02
1.928983588967752638e+01 4.486224612046467441e-02
1.931650686933243577e+01 4.469580646204146523e-02
1.934321472546259457e+01 4.452997892957602510e-02
1.936995950905504671e+01 4.436476129312502681e-02
1.939674127116733615e+01 4.420015133078467745e-02
1.942356006292759574e+01 4.403614682866251184e-02
1.945041593553465376e+01 4.387274558084843651e-02
1.947730894025812987e+01 4.370994538938651613e-02
1.950423912843852747e+01 4.354774406424664901e-02
1.953120655148737583e+01 4.338613942329588163e-02
1.955821126088717676e+01 4.322512929227119438e-02
1.958525330819171728e+01 4.306471150474987242e-02
1.961233274502604473e+01 4.290488390200504487e-02
1.963944962308656628e+01 4.274564433282795894e-02
1.966660399414118388e+01 4.258699065373521692e-02
1.969379591002936181e+01 4.242892072898010736e-02
1.972102542266225100e+01 4.227143243052423199e-02
1.974829258402277077e+01 4.211452363801046483e-02
1.977559744616571535e+01 4.195819223873521048e-02
1.980294006121784989e+01 4.180243612762134242e-02
1.983032048137802406e+01 4.164725320719064872e-02
1.985773875891723961e+01 4.149264138753695069e-02
1.988519494617879246e+01 4.133859858629894413e-02
1.991268909557833311e+01 4.118512272863331103e-02
1.994022125960399450e+01 4.103221174718779674e-02
1.996779149081648086e+01 4.087986358207430782e-02
1.999539984184920272e+01 4.072807618084249570e-02
2.002304636540822713e+01 4.057684749845351380e-02
2.005073111427262234e+01 4.042617549725266435e-02
2.007845414129438311e+01 4.027605814694346087e-02
2.010621549939857644e+01 4.012649342456151014e-02
2.013401524158345524e+01 3.997747931444813746e-02
2.016185342092054711e+01 3.982901380822425480e-02
2.018973009055475387e+01 3.968109490476435380e-02
2.021764530370446522e+01 3.953372061017076250e-02
2.024559911366164755e+01 3.938688893774745098e-02
2.027359157379195054e+01 3.924059790797471831e-02
2.030162273753481728e+01 3.909484554848324106e-02
2.032969265840356599e+01 3.894962989402853820e-02
2.035780138998551791e+01 3.880494898646567881e-02
2.038594898594207905e+01 3.866080087472385796e-02
2.041413550000884669e+01 3.851718361478093794e-02
2.044236098599576934e+01 3.837409526963812822e-02
2.047062549778705431e+01 3.823153390929583811e-02
2.049892908934155500e+01 3.808949761072725343e-02
2.052727181469267137e+01 3.794798445785437652e-02
2.055565372794852408e+01 3.780699254152268540e-02
2.058407488329203971e+01 3.766651995947684073e-02
2.061253533498106805e+01 3.752656481633552532e-02
2.064103513734846729e+01 3.738712522356721357e-02
2.066957434480222489e+01 3.724819929946560776e-02
2.069815301182556055e+01 3.710978516912508129e-02
2.072677119297701154e+01 3.697188096441645505e-02
2.075542894289056406e+01 3.683448482396285695e-02
2.078412631627573504e+01 3.669759489311530398e-02
2.081286336791768576e+01 3.656120932392899897e-02
2.084164015267733205e+01 3.642532627513914156e-02
2.087045672549143660e+01 3.628994391213692661e-02
2.089931314137271912e+01 3.615506040694594497e-02
2.092820945541001265e+01 3.602067393819823049e-02
2.095714572276818188e+01 3.588678269109890628e-02
2.098612199868849615e+01 3.575338485735210514e-02
2.101513833848856549e+01 3.562047863518152946e-02
2.104419479756247924e+01 3.548806222932692628e-02
2.107329143138091965e+01 3.535613385102056444e-02
2.110242829549126142e+01 3.522469171796412113e-02
2.113160544551768538e+01 3.509373405430534637e-02
2.116082293716127793e+01 3.496325909061526183e-02
2.119008082620014832e+01 3.483326506386483223e-02
2.121937916848951389e+01 3.470375021740233767e-02
2.124871801996182796e+01 3.457471280093053767e-02
2.127809743662687936e+01 3.444615107048353692e-02
2.130751747457189538e+01 3.431806328840469184e-02
2.133697818996165196e+01 3.419044772332355958e-02
2.136647963903858738e+01 3.406330265013356867e-02
2.139602187812293366e+01 3.393662634996947453e-02
2.142560496361267397e+01 3.381041711018561297e-02
2.145522895198389790e+01 3.368467322433262717e-02
2.148489389979073749e+01 3.355939299213577670e-02
2.151459986366551647e+01 3.343457471947310078e-02
2.154434690031886745e+01 3.331021671835294323e-02
2.157413506653982438e+01 3.318631730689222681e-02
2.160396441919594679e+01 3.306287480929438749e-02
2.163383501523342289e+01 3.293988755582795414e-02
2.166374691167717259e+01 3.281735388280419830e-02
2.169370016563096115e+01 3.269527213255610937e-02
2.172369483427751291e+01 3.257364065341662035e-02
2.175373097487861074e+01 3.245245779969681277e-02
2.178380864477521328e+01 3.233172193166493347e-02
2.181392790138756155e+01 3.221143141552482159e-02
2.184408880221527838e+01 3.209158462339459228e-02
2.187429140483750700e+01 3.197217993328573676e-02
2.190453576691303184e+01 3.185321572908143134e-02
2.193482194618022518e+01 3.173469040051653950e-02
2.196515000045743804e+01 3.161660234315533807e-02
2.199551998764290062e+01 3.149894995837150546e-02
2.202593196571491418e+01 3.138173165332704823e-02
2.205638599273192568e+01 3.126494584095166479e-02
2.208688212683266983e+01 3.114859093992172756e-02
2.211742042623626503e+01 3.103266537464023991e-02
2.214800094924231288e+01 3.091716757521586686e-02
2.217862375423104027e+01 3.080209597744251390e-02
2.220928889966338460e+01 3.068744902277928052e-02
2.223999644408110754e+01 3.057322515832979620e-02
2.227074644610692999e+01 3.045942283682213925e-02
2.230153896444461026e+01 3.034604051658870358e-02
2.233237405787908614e+01 3.023307666154596493e-02
2.236325178527656021e+01 3.012052974117463908e-02
2.239417220558464194e+01 3.000839823049857372e-02
2.242513537783247557e+01 2.989668061005357549e-02
2.245614136113069748e+01 2.978537536587238729e-02
2.248719021467179857e+01 2.967448098947223986e-02
2.251828199773007100e+01 2.956399597783608210e-02
2.254941676966176800e+01 2.945391883339249992e-02
2.258059458990520341e+01 2.934424806399653016e-02
2.261181551798087241e+01 2.923498218290998887e-02
2.264307961349157594e+01 2.912611970878211179e-02
2.267438693612250944e+01 2.901765916563020520e-02
2.270573754564140501e+01 2.890959908282058483e-02
2.273713150189862375e+01 2.880193799504909835e-02
2.276856886482728726e+01 2.869467444232216488e-02
2.280004969444337348e+01 2.858780696993775197e-02
2.283157405084584823e+01 2.848133412846633877e-02
2.286314199421676463e+01 2.837525447373191387e-02
2.289475358482139811e+01 2.826956656679337210e-02
2.292640888300838853e+01 2.816426897392520015e-02
2.295810794920967624e+01 2.805936026659985177e-02
2.298985084394089640e+01 2.795483902146772212e-02
2.302163762780131506e+01 2.785070382033944317e-02
2.305346836147398193e+01 2.774695325016720421e-02
2.308534310572585113e+01 2.764358590302610011e-02
2.311726192140789138e+01 2.754060037609600345e-02
2.314922486945521030e+01 2.743799527164310706e-02
2.318123201088716456e+01 2.733576919700168861e-02
2.321328340680748781e+01 2.723392076455585092e-02
2.324537911840438653e+01 2.713244859172155021e-02
2.327751920695067511e+01 2.703135130092844396e-02
2.330970373380388594e+01 2.693062751960174916e-02
2.334193276040638310e+01 2.683027588014474593e-02
2.337420634828549026e+01 2.673029501992026102e-02
2.340652455905359730e+01 2.663068358123351492e-02
2.343888745440827748e+01 2.653144021131394886e-02
2.347129509613247222e+01 2.643256356229744392e-02
2.350374754609438810e+01 2.633405229120960173e-02
2.353624486624792311e+01 2.623590505994687419e-02
2.356878711863258857e+01 2.613812053525990317e-02
2.360137436537366895e+01 2.604069738873604142e-02
2.363400666868235689e+01 2.594363429678163413e-02
2.366668409085585267e+01 2.584692994060511229e-02
2.369940669427748858e+01 2.575058300619943036e-02
2.373217454141686034e+01 2.565459218432508681e-02
2.376498769482992657e+01 2.555895617049290525e-02
2.379784621715914739e+01 2.546367366494696124e-02
2.383075017113359095e+01 2.536874337264759943e-02
2.386369961956905428e+01 2.527416400325465176e-02
2.389669462536819822e+01 2.517993427111019089e-02
2.392973525152063630e+01 2.508605289521802575e-02
2.396282156110309458e+01 2.499251859906641282e-02
2.399595361727949694e+01 2.489933011055969411e-02
2.402913148330116044e+01 2.480648616220826677e-02
2.406235522250669590e+01 2.471398549112776774e-02
2.409562489832244836e+01 2.462182683902176816e-02
2.412894057426240835e+01 2.453000895216567862e-02
2.416230231392837524e+01 2.443853058139024495e-02
2.419571018101009585e+01 2.434739048206521414e-02
2.422916423928537455e+01 2.425658741408269828e-02
2.426266455262019051e+01 2.416612014184123594e-02
2.429621118496884336e+01 2.407598743422938170e-02
2.432980420037403846e+01 2.398618806460958708e-02
2.436344366296705033e+01 2.389672081080201557e-02
2.439712963696780434e+01 2.380758445506853116e-02
2.443086218668503307e+01 2.371877778409679088e-02
2.446464137651638282e+01 2.363029958898418825e-02
2.449846727094853094e+01 2.354214866522199093e-02
2.453233993455732787e+01 2.345432381267953739e-02
2.456625943200794993e+01 2.336682383558836770e-02
2.460022582805483893e+01 2.327964754252693017e-02
2.463423918754211783e+01 2.319279374640428187e-02
2.466829957540351614e+01 2.310626126444488559e-02
2.470240705666253689e+01 2.302004891817295909e-02
2.473656169643259872e+01 2.293415553339702567e-02
2.477076355991713896e+01 2.284857994019453761e-02
2.480501271240975569e+01 2.276332097289624976e-02
2.483930921929432145e+01 2.267837747007118987e-02
2.487365314604510758e+01 2.259374827451126125e-02
2.490804455822691921e+01 2.250943223321596673e-02
2.494248352149521608e+01 2.242542819737726803e-02
2.497697010159622621e+01 2.234173502236468101e-02
2.501150436436708802e+01 2.225835156770981579e-02
2.504608637573597107e+01 2.217527669709185370e-02
2.508071620172219340e+01 2.209250927832222960e-02
2.511539390843636355e+01 2.201004818332987986e-02
2.515011956208053689e+01 2.192789228814629593e-02
2.518489322894816240e+01 2.184604047289123371e-02
2.521971497542449114e+01 2.176449162175714269e-02
2.525458486798651592e+01 2.168324462299513200e-02
2.528950297320314178e+01 2.160229836890005875e-02
2.532446935773532104e+01 2.152165175579613329e-02
2.535948408833616341e+01 2.144130368402208733e-02
2.539454723185108165e+01 2.136125305791711920e-02
2.542965885521791236e+01 2.128149878580617646e-02
2.546481902546704035e+01 2.120203977998559239e-02
2.550002780972153005e+01 2.112287495670892370e-02
2.553528527519725344e+01 2.104400323617265645e-02
2.557059148920302150e+01 2.096542354250182164e-02
2.560594651914070496e+01 2.088713480378735776e-02
2.564135043250536583e+01 2.080913595216139431e-02
2.567680329688539231e+01 2.073142592366364334e-02
2.571230517996262677e+01 2.065400365820293724e-02
2.574785614951253265e+01 2.057686809954326068e-02
2.578345627340413415e+01 2.050001819529001165e-02
2.581910561960044603e+01 2.042345289687586343e-02
2.585480425615840616e+01 2.034717115954714703e-02
2.589055225122904957e+01 2.027117194235008441e-02
2.592634967305762927e+01 2.019545420811726111e-02
2.596219658998377255e+01 2.012001692345371379e-02
2.599809307044158402e+01 2.004485905872346874e-02
2.603403918295979480e+01 1.996997958803616371e-02
2.607003499616188336e+01 1.989537748923319097e-02
2.610608057876621757e+01 1.982105174387461741e-02
2.614217599958616844e+01 1.974700133722551501e-02
2.617832132753025576e+01 1.967322525824281507e-02
2.621451663160227596e+01 1.959972249956182244e-02
2.625076198090143009e+01 1.952649205748321556e-02
2.628705744462246230e+01 1.945353293195946354e-02
2.632340309205584461e+01 1.938084412658191633e-02
2.635979899258768100e+01 1.930842464856792270e-02
2.639624521570018700e+01 1.923627350874724390e-02
2.643274183097158314e+01 1.916438972154924439e-02
2.646928890807629742e+01 1.909277230499013128e-02
2.650588651678508612e+01 1.902142028065977736e-02
2.654253472696518656e+01 1.895033267370885288e-02
2.657923360858042017e+01 1.887950851283618989e-02
2.661598323169135938e+01 1.880894683027579950e-02
2.665278366645543784e+01 1.873864666178413213e-02
2.668963498312708893e+01 1.866860704662754930e-02
2.672653725205789499e+01 1.859882702756944506e-02
2.676349054369669034e+01 1.852930565085778719e-02
2.680049492858973537e+01 1.846004196621263416e-02
2.683755047738081601e+01 1.839103502681328078e-02
2.687465726081140360e+01 1.832228388928619847e-02
2.691181534972077216e+01 1.825378761369230232e-02
2.694902481504619729e+01 1.818554526351467623e-02
2.698628572782287804e+01 1.811755590564641596e-02
2.702359815918438457e+01 1.804981861037792748e-02
2.706096218036259060e+01 1.798233245138498512e-02
2.709837786268785820e+01 1.791509650571647405e-02
2.713584527758917275e+01 1.784810985378209452e-02
2.717336449659427444e+01 1.778137157934042006e-02
2.721093559132981454e+01 1.771488076948673357e-02
2.724855863352146912e+01 1.764863651464091895e-02
2.728623369499408469e+01 1.758263790853563033e-02
2.732396084767181677e+01 1.751688404820424261e-02
2.736174016357827199e+01 1.745137403390228936e-02
2.739957171483663245e+01 1.738610696875489414e-02
2.743745557366980492e+01 1.732108195900446124e-02
2.747539181240055584e+01 1.725629811415578529e-02
2.751338050345164632e+01 1.719175454696460908e-02
2.755142171934597073e+01 1.712745037342578922e-02
2.758951553270675916e+01 1.706338471276140634e-02
2.762766201625747442e+01 1.699955668740954842e-02
2.766586124282231296e+01 1.693596542301200117e-02
2.770411328532609119e+01 1.687261004840311107e-02
2.774241821679446218e+01 1.680948969559803094e-02
2.778077611035404360e+01 1.674660349978113541e-02
2.781918703923257041e+01 1.668395059929476953e-02
2.785765107675901220e+01 1.662153013562754286e-02
2.789616829636373652e+01 1.655934125340304680e-02
2.793473877157863328e+01 1.649738310036854075e-02
2.797336257603726395e+01 1.643565482738349598e-02
2.801203978347499657e+01 1.637415558840839280e-02
2.805077046772915139e+01 1.631288454049349690e-02
2.808955470273913946e+01 1.625184084376756627e-02
2.812839256254659759e+01 1.619102366142679758e-02
2.816728412129554826e+01 1.613043215972367883e-02
2.820622945323257369e+01 1.607006550795569977e-02
2.824522863270674478e+01 1.600992287845494702e-02
2.828428173417010782e+01 1.595000344657615879e-02
2.832338883217758507e+01 1.589030639068654202e-02
2.836255000138718430e+01 1.583083089215445161e-02
2.840176531656014092e+01 1.577157613533867325e-02
2.844103485256106012e+01 1.571254130757751902e-02
2.848035868435804829e+01 1.565372559917801651e-02
2.851973688702287646e+01 1.559512820340520391e-02
2.855916953573111172e+01 1.553674831647127060e-02
2.859865670576225583e+01 1.547858513752509158e-02
2.863819847249990502e+01 1.542063786864131952e-02
2.867779491143187087e+01 1.536290571480995390e-02
2.871744609815035076e+01 1.530538788392570883e-02
2.875715210835205582e+01 1.524808358677746598e-02
2.879691301783835300e+01 1.519099203703778989e-02
2.883672890251541787e+01 1.513411245125251617e-02
2.887659983839444422e+01 1.507744404883013152e-02
2.891652590159153391e+01 1.502098605203183550e-02
2.895650716832821558e+01 1.496473768596059267e-02
2.899654371493134164e+01 1.490869817855133145e-02
2.903663561783329428e+01 1.485286676056032582e-02
2.907678295357214893e+01 1.479724266555521896e-02
2.911698579879178439e+01 1.474182512990466175e-02
2.915724423024207113e+01 1.468661339276818543e-02
2.919755832477898494e+01 1.463160669608612983e-02
2.923792815936476686e+01 1.457680428457716615e-02
2.927835381106807944e+01 1.452220540583893695e-02
2.931883535706412758e+01 1.446780931031079256e-02
2.935937287463483614e+01 1.441361525117189693e-02
2.939996644116897784e+01 1.435962248432881387e-02
2.944061613416232248e+01 1.430583026840575624e-02
2.948132203121779682e+01 1.425223786473450195e-02
2.952208421004562311e+01 1.419884453734478365e-02
2.956290274846352517e+01 1.414564955295442850e-02
2.960377772439663957e+01 1.409265218095974610e-02
2.964470921587803431e+01 1.403985169342562497e-02
2.968569730104860227e+01 1.398724736507595511e-02
2.972674205815727788e+01 1.393483847328404884e-02
2.976784356556118993e+01 1.388262429806300796e-02
2.980900190172580722e+01 1.383060412205612717e-02
2.985021714522507708e+01 1.377877723052742427e-02
2.989148937474160661e+01 1.372714291135211651e-02
2.993281866906677280e+01 1.367570045500709000e-02
2.997420510710090724e+01 1.362444915456162420e-02
3.001564876785342761e+01 1.357338830566790638e-02
3.005714973044299043e+01 1.352251720655165898e-02
3.009870807409764737e+01 1.347183515800285704e-02
3.014032387815500158e+01 1.342134146336637635e-02
3.018199722206233915e+01 1.337103542853286010e-02
3.022372818537686356e+01 1.332091636192927163e-02
3.026551684776558915e+01 1.327098357451006634e-02
3.030736328900587040e+01 1.322123637974767507e-02
3.034926758898530252e+01 1.317167409362344360e-02
3.039122982770192749e+01 1.312229603461874047e-02
3.043325008526441167e+01 1.307310152370571958e-02
3.047532844189217371e+01 1.302408988433826839e-02
3.051746497791554802e+01 1.297526044244322156e-02
3.055965977377594101e+01 1.292661252641115824e-02
3.060191291002597325e+01 1.287814546708761915e-02
3.064422446732965000e+01 1.282985859776412420e-02
3.068659452646249974e+01 1.278175125416936703e-02
3.072902316831173763e+01 1.273382277446035056e-02
3.077151047387641825e+01 1.268607249921361625e-02
3.081405652426758479e+01 1.263849977141640740e-02
3.085666140070843610e+01 1.259110393645797819e-02
3.089932518453446164e+01 1.254388434212088711e-02
3.094204795719367951e+01 1.249684033857224180e-02
3.098482980024653699e+01 1.244997127835531861e-02
3.102767079536642925e+01 1.240327651638055070e-02
3.107057102433961759e+01 1.235675540991719966e-02
3.111353056906544978e+01 1.231040731858475297e-02
3.115654951155650565e+01 1.226423160434437706e-02
3.119962793393876055e+01 1.221822763149046052e-02
3.124276591845173812e+01 1.217239476664097424e-02
3.128596354744867725e+01 1.212673237865483956e-02
3.132922090339667420e+01 1.208123983858109922e-02
3.137253806887685315e+01 1.203591651976076288e-02
3.141591512658451535e+01 1.199076179782915773e-02
3.145935215932929907e+01 1.194577505070742486e-02
3.150284925003535008e+01 1.190095565859441984e-02
3.154640648174144957e+01 1.185630300395826286e-02
3.159002393760120952e+01 1.181181647152815956e-02
3.163370170088320421e+01 1.176749544828624428e-02
3.167743985497120462e+01 1.172333932345913377e-02
3.172123848336407903e+01 1.167934748851029436e-02
3.176509766967634363e+01 1.163551933713129899e-02
3.180901749763804531e+01 1.159185426523409897e-02
3.185299805109501747e+01 1.154835167094284826e-02
3.189703941400900788e+01 1.150501095458589078e-02
3.194114167045785990e+01 1.146183151868767833e-02
3.198530490463566878e+01 1.141881276796090187e-02
3.202952920085294153e+01 1.137595410929844592e-02
3.207381464353674261e+01 1.133325495176546772e-02
3.211816131723088574e+01 1.129071470659153906e-02
3.216256930659606894e+01 1.124833278716275663e-02
3.220703869641005213e+01 1.120610860901389942e-02
3.225156957156780635e+01 1.116404158982060510e-02
3.229616201708168433e+01 1.112213114939157067e-02
3.234081611808159096e+01 1.108037670966090064e-02
3.238553195981518229e+01 1.103877769468018105e-02
3.243030962764780156e+01 1.099733353061110343e-02
3.247514920706299790e+01 1.095604364571736537e-02
3.252005078366247659e+01 1.091490747035737258e-02
3.256501444316627669e+01 1.087392443697644123e-02
3.261004027141297001e+01 1.083309398009929189e-02
3.265512835435980321e+01 1.079241553632243229e-02
3.270027877808288252e+01 1.075188854430666682e-02
3.274549162877731590e+01 1.071151244476956435e-02
3.279076699275739770e+01 1.067128668047799718e-02
3.283610495645675087e+01 1.063121069624064358e-02
3.288150560642851872e+01 1.059128393890064294e-02
3.292696902934551417e+01 1.055150585732806887e-02
3.297249531200038319e+01 1.051187590241268316e-02
3.301808454130577530e+01 1.047239352705649391e-02
3.306373680429451412e+01 1.043305818616652517e-02
3.310945218811976076e+01 1.039386933664744606e-02
3.315523078005524127e+01 1.035482643739427111e-02
3.320107266749513286e+01 1.031592894928539013e-02
3.324697793795468215e+01 1.027717633517492152e-02
3.329294667907004168e+01 1.023856805988582024e-02
3.333897897859855419e+01 1.020010359020263359e-02
3.338507492441888047e+01 1.016178239486441835e-02
3.343123460453121254e+01 1.012360394456148470e-02
3.347745810705738023e+01 1.008556771193757848e-02
3.352374552024108567e+01 1.004767317157216795e-02
3.357009693244803117e+01 1.000991979997058016e-02
3.361651243216608265e+01 9.972307075556997857e-03
3.366299210800547570e+01 9.934834478667513638e-03
3.370953604869895059e+01 9.897501491543170271e-03
3.375614434310192991e+01 9.860307598322941985e-03
3.380281708019270326e+01 9.823252285036974257e-03
3.384955434907256944e+01 9.786335039599589405e-03
3.389635623896611349e+01 9.749555351802399739e-03
3.394322283922105754e+01 9.712912713307779791e-03
3.399015423930887891e+01 9.676406617641559668e-03
3.403715052882469649e+01 9.640036560186634323e-03
3.408421179748749097e+01 9.603802038176076708e-03
3.413133813514031090e+01 9.567702550686363674e-03
3.417852963175041481e+01 9.531737598630770150e-03
3.422578637740945595e+01 9.495906684752615859e-03
3.427310846233365282e+01 9.460209313618584900e-03
3.432049597686395970e+01 9.424644991612156353e-03
3.436794901146625136e+01 9.389213226926935996e-03
3.441546765673146524e+01 9.353913529560109463e-03
3.446305200337580033e+01 9.318745411305858969e-03
3.451070214224090194e+01 9.283708385748809522e-03
3.455841816429398961e+01 9.248801968257535852e-03
3.460620016062807736e+01 9.214025675978039856e-03
3.465404822246212291e+01 9.179379027827323442e-03
3.470196244114126927e+01 9.144861544486872912e-03
3.474994290813675946e+01 9.110472748396389667e-03
3.479798971504651206e+01 9.076212163747177444e-03
3.484610295359502885e+01 9.042079316475888640e-03
3.489428271563362216e+01 9.008073734258189094e-03
3.494252909314061384e+01 8.974194946502337886e-03
3.499084217822149157e+01 8.940442484342978752e-03
3.503922206310910070e+01 8.906815880634742430e-03
3.508766884016380772e+01 8.873314669946124819e-03
3.513618260187367071e+01 8.839938388553146564e-03
3.518476344085463836e+01 8.806686574433097645e-03
3.523341144985071338e+01 8.773558767258510943e-03
3.528212672173412301e+01 8.740554508390820099e-03
3.533090934950551087e+01 8.707673340874255014e-03
3.537975942629410042e+01 8.674914809429785933e-03
3.542867704535789386e+01 8.642278460448933955e-03
3.547766230008381427e+01 8.609763841987715105e-03
3.552671528398799694e+01 8.577370503760544523e-03
3.557583609071564723e+01 8.545097997134373097e-03
3.562502481404168009e+01 8.512945875122383474e-03
3.567428154787057792e+01 8.480913692378215171e-03
3.572360638623666773e+01 8.449001005115747490e-03
3.577299942330429161e+01 8.417207370619704532e-03
3.582246075336799862e+01 8.385532347552068083e-03
3.587199047085269399e+01 8.353975496203411288e-03
3.592158867031384517e+01 8.322536378488206224e-03
3.597125544643767370e+01 8.291214557938755836e-03
3.602099089404129018e+01 8.260009599699340982e-03
3.607079510807292877e+01 8.228921070520213085e-03
3.612066818361208220e+01 8.197948538751670053e-03
3.617061021586972203e+01 8.167091574338130461e-03
3.622062130018845494e+01 8.136349748812360394e-03
3.627070153204270042e+01 8.105722635289450487e-03
3.632085100703898917e+01 8.075209808461091335e-03
3.637106982091578544e+01 8.044810844589840235e-03
3.642135806954417632e+01 8.014525321503051386e-03
3.647171584892770824e+01 7.984352818587392431e-03
3.652214325520268545e+01 7.954292916782906495e-03
3.657264038463831923e+01 7.924345198577377805e-03
3.662320733363693392e+01 7.894509248000605370e-03
3.667384419873414458e+01 7.864784650618648898e-03
3.672455107659904172e+01 7.835170993528289829e-03
3.677532806403436894e+01 7.805667865351259907e-03
3.682617525797671476e+01 7.776274856228671851e-03
3.687709275549669741e+01 7.746991557815455232e-03
3.692808065379915661e+01 7.717817563274642287e-03
3.697913905022333125e+01 7.688752467271985080e-03
3.703026804224302282e+01 7.659795865970273412e-03
3.708146772746683695e+01 7.630947357023871308e-03
3.713273820363831135e+01 7.602206539573156362e-03
3.718407956863622843e+01 7.573573014239132553e-03
3.723549192047444478e+01 7.545046383117969338e-03
3.728697535730259460e+01 7.516626249775439257e-03
3.733852997740591206e+01 7.488312219241557641e-03
3.739015587920555106e+01 7.460103898005250068e-03
3.744185316125872731e+01 7.432000894008902736e-03
3.749362192225893864e+01 7.404002816642991751e-03
3.754546226103613549e+01 7.376109276740797430e-03
3.759737427655691278e+01 7.348319886573039666e-03
3.764935806792471595e+01 7.320634259842574883e-03
3.770141373437998311e+01 7.293052011679168438e-03
3.775354137530040788e+01 7.265572758634124793e-03
3.780574109020105311e+01 7.238196118675175282e-03
3.785801297873459248e+01 7.210921711181151640e-03
3.791035714069148099e+01 7.183749156936851225e-03
3.796277367600015396e+01 7.156678078127769529e-03
3.801526268472719750e+01 7.129708098335040857e-03
3.806782426707763989e+01 7.102838842530166501e-03
3.812045852339483076e+01 7.076069937070062106e-03
3.817316555416108770e+01 7.049401011769406040e-03
3.822594545999757543e+01 7.022831739979920433e-03
3.827879834166459005e+01 6.996361832305601595e-03
3.833172430006174380e+01 6.969990943236300390e-03
3.838472343622814265e+01 6.943718672803298082e-03
3.843779585134261367e+01 6.917544620633878788e-03
3.849094164672386142e+01 6.891468388221947197e-03
3.854416092383069525e+01 6.865489578918279427e-03
3.859745378426218565e+01 6.839607805551957756e-03
3.865082032975790582e+01 6.813822718357408909e-03
3.870426066219806671e+01 6.788133979165510840e-03
3.875777488360375855e+01 6.762541250823626143e-03
3.881136309613714275e+01 6.737044197192242762e-03
3.886502540210162238e+01 6.711642482941199486e-03
3.891876190394211221e+01 6.686335764898900143e-03
3.897257270424496767e+01 6.661123688942820024e-03
3.902645790573860296e+01 6.636005901400772108e-03
3.908041761129338454e+01 6.610982049931632236e-03
3.913445192392192951e+01 6.586051783520271118e-03
3.918856094677927615e+01 6.561214748218208853e-03
3.924274478316307579e+01 6.536470561328780286e-03
3.929700353651383438e+01 6.511818828983397499e-03
3.935133731041504745e+01 6.487259159276662600e-03
3.940574620859344890e+01 6.462791162307452049e-03
3.946023033491918142e+01 6.438414450466579779e-03
3.951478979340600972e+01 6.414128676105559403e-03
3.956942468821151238e+01 6.389933567517663490e-03
3.962413512363727364e+01 6.365828861939457767e-03
3.967892120412909662e+01 6.341814296742487658e-03
3.973378303427718805e+01 6.317889609439121708e-03
3.978872071881637851e+01 6.294054530426157305e-03
3.984373436262637114e+01 6.270308709487058992e-03
3.989882407073165638e+01 6.246651747398872592e-03
3.995398994830217276e+01 6.223083246406106370e-03
4.000923210065318614e+01 6.199602810992997821e-03
4.006455063324558097e+01 6.176210047900431571e-03
4.011994565168605220e+01 6.152904597664915660e-03
4.017541726172731842e+01 6.129686193305804165e-03
4.023096556926830658e+01 6.106554584389858702e-03
4.028659068035437230e+01 6.083509520584018566e-03
4.034229270117749167e+01 6.060550751661285783e-03
4.039807173807646734e+01 6.037678024357735762e-03
4.045392789753712748e+01 6.014891026110103303e-03
4.050986128619253179e+01 5.992189392453352997e-03
4.056587201082318472e+01 5.969572758927867845e-03
4.062196017835722017e+01 5.947040762955731370e-03
4.067812589587062178e+01 5.924593043829849172e-03
4.073436927058741475e+01 5.902229250583381458e-03
4.079069040987997141e+01 5.879949067773115011e-03
4.084708942126885489e+01 5.857752190222745466e-03
4.090356641242355096e+01 5.835638313824637914e-03
4.096012149116233303e+01 5.813607135536361797e-03
4.101675476545255350e+01 5.791658353339087031e-03
4.107346634341082847e+01 5.769791664869082341e-03
4.113025633330327224e+01 5.748006767061412600e-03
4.118712484354569625e+01 5.726303357836237500e-03
4.124407198270379382e+01 5.704681136211247651e-03
4.130109785949338885e+01 5.683139802297718091e-03
4.135820258278061345e+01 5.661679057652123717e-03
4.141538626158211400e+01 5.640298607210626584e-03
4.147264900506527141e+01 5.618998157865781259e-03
4.152999092254841429e+01 5.597777417537136771e-03
4.158741212350101790e+01 5.576636095165475593e-03
4.164491271754390311e+01 5.555573900662664523e-03
4.170249281444954903e+01 5.534590540433695013e-03
4.176015252414196510e+01 5.513685713760966937e-03
4.181789195669739456e+01 5.492859120260036414e-03
4.187571122234418652e+01 5.472110460754738698e-03
4.193361043146310152e+01 5.451439437272104574e-03
4.199158969458751756e+01 5.430845756184188300e-03
4.204964912240364328e+01 5.410329156675921548e-03
4.210778882575071691e+01 5.389889396893876410e-03
4.216600891562124787e+01 5.369526235593743632e-03
4.222430950316119436e+01 5.349239431915617411e-03
4.228269069967017657e+01 5.329028745331409848e-03
4.234115261660173957e+01 5.308893905778795143e-03
4.239969536556348828e+01 5.288834564927497213e-03
4.245831905831737174e+01 5.268850363558170817e-03
4.251702380677985360e+01 5.248940944672121460e-03
4.257580972302213240e+01 5.229105953476372894e-03
4.263467691927036896e+01 5.209345041885931130e-03
4.269362550790598476e+01 5.189657939459696098e-03
4.275265560146551991e+01 5.170044439123432437e-03
4.281176731264136492e+01 5.150504335688671498e-03
4.287096075428163999e+01 5.131037423949701484e-03
4.293023603939050048e+01 5.111643498689291167e-03
4.298959328112835010e+01 5.092322337227032578e-03
4.304903259281203987e+01 5.073073648468060491e-03
4.310855408791510968e+01 5.053897125736921646e-03
4.316815788006798016e+01 5.034792463912719611e-03
4.322784408305819426e+01 5.015759359420293717e-03
4.328761281083061618e+01 4.996797510662984859e-03
4.334746417748765879e+01 4.977906631452130859e-03
4.340739829728948962e+01 4.959086453211870513e-03
4.346741528465427962e+01 4.940336709349881818e-03
4.352751525415836653e+01 4.921657134304914701e-03
4.358769832053653204e+01 4.903047463542628548e-03
4.364796459868218648e+01 4.884507435851856948e-03
4.370831420364768860e+01 4.866036804612828420e-03
4.376874725064419636e+01 4.847635328964050756e-03
4.382926385504244848e+01 4.829302768748663412e-03
4.388986413237259399e+01 4.811038884505611235e-03
4.395054819832453319e+01 4.792843437582828235e-03
4.401131616874810959e+01 4.774716198665427021e-03
4.407216815965335854e+01 4.756656953506136626e-03
4.413310428721071332e+01 4.738665489586806404e-03
4.419412466775122539e+01 4.720741594710929460e-03
4.425522941776679886e+01 4.702885057006016625e-03
4.431641865391038948e+01 4.685095655511411876e-03
4.437769249299625329e+01 4.667373083901287661e-03
4.443905105200016692e+01 4.649716991749759491e-03
4.450049444805961940e+01 4.632127030648538167e-03
4.456202279847408221e+01 4.614602854631675091e-03
4.462363622070520108e+01 4.597144120315606493e-03
4.468533483237712289e+01 4.579750539147442456e-03
4.474711875127634642e+01 4.562421951839597256e-03
4.480898809535250393e+01 4.545158217829234348e-03
4.487094298271821913e+01 4.527959195924869014e-03
4.493298353164944103e+01 4.510824744317322270e-03
4.499510986058561457e+01 4.493754714398342544e-03
4.505732208812997897e+01 4.476748864895973429e-03
4.511962033304974540e+01 4.459806884835726577e-03
4.518200471427633147e+01 4.442928463405946930e-03
4.524447535090560990e+01 4.426113291776920082e-03
4.530703236219811458e+01 4.409361063088132471e-03
4.536967586757926085e+01 4.392671495958884106e-03
4.543240598663960839e+01 4.376044395506231872e-03
4.549522283913505305e+01 4.359479586289018507e-03
4.555812654498708270e+01 4.342976892867951577e-03
4.562111722428297611e+01 4.326536139810519682e-03
4.568419499727606592e+01 4.310157150067313835e-03
4.574735998438604412e+01 4.293839702544259562e-03
4.581061230619881286e+01 4.277583528830012499e-03
4.587395208346728026e+01 4.261388359520515423e-03
4.593737943711123961e+01 4.245253926678559456e-03
4.600089448821763938e+01 4.229179963824835492e-03
4.606449735804088164e+01 4.213166213522553764e-03
4.612818816800300681e+01 4.197212460781134247e-03
4.619196703969392104e+01 4.181318505157518954e-03
4.625583409487168041e+01 4.165484146702450215e-03
4.631978945546266146e+01 4.149709185949664210e-03
4.638383324356183124e+01 4.133993423803757582e-03
4.644796558143297460e+01 4.118336654836271364e-03
4.651218659150892165e+01 4.102738663615693518e-03
4.657649639639177508e+01 4.087199234543318488e-03
4.664089511885316597e+01 4.071718152779893983e-03
4.670538288183446696e+01 4.056295204243070933e-03
4.676995980844703382e+01 4.040930173043801379e-03
4.683462602197253943e+01 4.025622822869239295e-03
4.689938164586282454e+01 4.010372908039343265e-03
4.696422680374070779e+01 3.995180184061307080e-03
4.702916161939983652e+01 3.980044407698465556e-03
4.709418621680502781e+01 3.964965337019345573e-03
4.715930072009248164e+01 3.949942743812749797e-03
4.722450525357005802e+01 3.934976428931706745e-03
4.728979994171746171e+01 3.920066197664430659e-03
4.735518490918652645e+01 3.905211855854163593e-03
4.742066028080144235e+01 3.890413209898495837e-03
4.748622618155897612e+01 3.875670067810137610e-03
4.755188273662870557e+01 3.860982252274965023e-03
4.761763007135331094e+01 3.846349596340337997e-03
4.768346831124873830e+01 3.831771933439431961e-03
4.774939758200450513e+01 3.817249097175580072e-03
4.781541800948389209e+01 3.802780921321136966e-03
4.788152971972431970e+01 3.788367219955139122e-03
4.794773283893717775e+01 3.774007741817262795e-03
4.801402749350863530e+01 3.759702223512783985e-03
4.808041380999953418e+01 3.745450403321256595e-03
4.814689191514568734e+01 3.731252021185049381e-03
4.821346193585815598e+01 3.717106820789361360e-03
4.828012399922346276e+01 3.703014596623202797e-03
4.834687823250384042e+01 3.688975193753057154e-03
4.841372476313749473e+01 3.674988459549429886e-03
4.848066371873882474e+01 3.661054241446142984e-03
4.854769522709866436e+01 3.647172386943821343e-03
4.861481941618456659e+01 3.633342734386823397e-03
4.868203641414098826e+01 3.619565076558806539e-03
4.874934634928957422e+01 3.605839192985938867e-03
4.881674935012939898e+01 3.592164864310616254e-03
4.888424554533720112e+01 3.578541872289591440e-03
4.895183506376762494e+01 3.564970000077656836e-03
4.901951803445358991e+01 3.551449046368650164e-03
4.908729458660611300e+01 3.537978831509121756e-03
4.915516484961516852e+01 3.524559178012873998e-03
4.922312895304952463e+01 3.511189908920403415e-03
4.929118702665709861e+01 3.497870847797887161e-03
4.935933920036521272e+01 3.484601817766979932e-03
4.942758560428082149e+01 3.471382635177950454e-03
4.949592636869076756e+01 3.458213113696568131e-03
4.956436162406205170e+01 3.445093067668161639e-03
4.963289150104204595e+01 3.432022312132397036e-03
4.970151613045877781e+01 3.419000662859168326e-03
4.977023564332113637e+01 3.406027942327073416e-03
4.983905017081918487e+01 3.393103986081782378e-03
4.990795984432435262e+01 3.380228631621920009e-03
4.997696479538971204e+01 3.367401716826218076e-03
5.004606515575022740e+01 3.354623079953820194e-03
5.011526105732301062e+01 3.341892556610694988e-03
5.018455263220766227e+01 3.329209946551717290e-03
5.025394001268613664e+01 3.316575026640244256e-03
5.032342333122357303e+01 3.303987574652302289e-03
5.039300272046818208e+01 3.291447369696049677e-03
5.046267831325155839e+01 3.278954192212965319e-03
5.053245024258897899e+01 3.266507841157511791e-03
5.060231864167960936e+01 3.254108168871793633e-03
5.067228364390680184e+01 3.241755037864780999e-03
5.074234538283831597e+01 3.229448310740005556e-03
5.081250399222660263e+01 3.217187850198316955e-03
5.088275960600903858e+01 3.204973517809908082e-03
5.095311235830817509e+01 3.192805149922072101e-03
5.102356238343202222e+01 3.180682559628023823e-03
5.109410981587429035e+01 3.168605559969201336e-03
5.116475479031464602e+01 3.156573964865145004e-03
5.123549744161896058e+01 3.144587589108850580e-03
5.130633790483968681e+01 3.132646250091283835e-03
5.137727631521570260e+01 3.120749773907266749e-03
5.144831280817316355e+01 3.108897989601200253e-03
5.151944751932539646e+01 3.097090726894794182e-03
5.159068058447321192e+01 3.085327816183956479e-03
5.166201213960519567e+01 3.073609088897274241e-03
5.173344232089794303e+01 3.061934392107787742e-03
5.180497126471635738e+01 3.050303593301094320e-03
5.187659910761385618e+01 3.038716561482665817e-03
5.194832598633268361e+01 3.027173165767695334e-03
5.202015203780415220e+01 3.015673275383511966e-03
5.209207739914887725e+01 3.004216752661300997e-03
5.216410220767708950e+01 2.992803411924390908e-03
5.223622660088885539e+01 2.981433048171033481e-03
5.230845071647436129e+01 2.970105457588567525e-03
5.238077469231416927e+01 2.958820437617479607e-03
5.245319866647948004e+01 2.947577787124261006e-03
5.252572277723250238e+01 2.936377327229257143e-03
5.259834716302629687e+01 2.925218920193312002e-03
5.267107196250567824e+01 2.914102433111717076e-03
5.274389731450703778e+01 2.903027733300410276e-03
5.281682335805874118e+01 2.891994688297266133e-03
5.288985023238137728e+01 2.881003164112164866e-03
5.296297807688802095e+01 2.870053008126891968e-03
5.303620703118451019e+01 2.859144056759486529e-03
5.310953723506972324e+01 2.848276146975359246e-03
5.318296882853579888e+01 2.837449116451003055e-03
5.325650195176846324e+01 2.826662803577688083e-03
5.333013674514725722e+01 2.815917053267862590e-03
5.340387334924582063e+01 2.805211727321954562e-03
5.347771190483214809e+01 2.794546690728078216e-03
5.355165255286887316e+01 2.783921808793372952e-03
5.362569543451353127e+01 2.773336947144215865e-03
5.369984069111882974e+01 2.762791970758719622e-03
5.377408846423302435e+01 2.752286727377658161e-03
5.384843889559974883e+01 2.741821050059981956e-03
5.392289212715895275e+01 2.731394772184603421e-03
5.399744830104671678e+01 2.721007727965168727e-03
5.407210755959566484e+01 2.710659752445306828e-03
5.414687004533520565e+01 2.700350685013560865e-03
5.422173590099180274e+01 2.690080380512820547e-03
5.429670526948928710e+01 2.679848698155945248e-03
5.437177829394907747e+01 2.669655497635042493e-03
5.444695511769050000e+01 2.659500639119995614e-03
5.452223588423100864e+01 2.649383983388805663e-03
5.459762073728653320e+01 2.639305396310787782e-03
5.467310982077167836e+01 2.629264749867449465e-03
5.474870327880004339e+01 2.619261916708520623e-03
5.482440125568448508e+01 2.609296769791895690e-03
5.490020389593740191e+01 2.599369182383767189e-03
5.497611134427108937e+01 2.589479024598217560e-03
5.505212374559761912e+01 2.579626145159667500e-03
5.512824124502974854e+01 2.569810385056007975e-03
5.520446398788075726e+01 2.560031586072923204e-03
5.528079211966485929e+01 2.550289590808120163e-03
5.535722578609743749e+01 2.540584242779599187e-03
5.543376513309537046e+01 2.530915396362464886e-03
5.551041030677727406e+01 2.521282924370873806e-03
5.558716145346380699e+01 2.511686701811670364e-03
5.566401871967791948e+01 2.502126604032527471e-03
5.574098225214515878e+01 2.492602506721600455e-03
5.581805219779395344e+01 2.483114285402570308e-03
5.589522870375586905e+01 2.473661811026279383e-03
5.597251191736589959e+01 2.464244952191419879e-03
5.604990198616275165e+01 2.454863577928371662e-03
5.612739905788914285e+01 2.445517557729575547e-03
5.620500328049204342e+01 2.436206761540580818e-03
5.628271480212310252e+01 2.426931056342700697e-03
5.636053377113847773e+01 2.417690300810060137e-03
5.643846033609978008e+01 2.408484352858171734e-03
5.651649464577392479e+01 2.399313071062672380e-03
5.659463684913350789e+01 2.390176314655858593e-03
5.667288709535711178e+01 2.381073944306001926e-03
5.675124553382957515e+01 2.372005833927486908e-03
5.682971231414228441e+01 2.362971868049211673e-03
5.690828758609345783e+01 2.353971931777519132e-03
5.698697149968841558e+01 2.345005910500495144e-03
5.706576420513991366e+01 2.336073689887972413e-03
5.714466585286837130e+01 2.327175153062121041e-03
5.722367659350220492e+01 2.318310172640556874e-03
5.730279657787806968e+01 2.309478619139990804e-03
5.738202595704120768e+01 2.300680363604257206e-03
5.746136488224568240e+01 2.291915277602061402e-03
5.754081350495481217e+01 2.283183233252675682e-03
5.762037197684097123e+01 2.274484104034172130e-03
5.770004044978661284e+01 2.265817764891439080e-03
5.777981907588405619e+01 2.257184091310370042e-03
5.785970800743592690e+01 2.248582959262090605e-03
5.793970739695541283e+01 2.240014245200992130e-03
5.801981739716658382e+01 2.231477825210221710e-03
5.810003816100467589e+01 2.222973570962411948e-03
5.818036984161637548e+01 2.214501352946361603e-03
5.826081259236010368e+01 2.206061042237563753e-03
5.834136656680635014e+01 2.197652510497462904e-03
5.842203191873790757e+01 2.189275630158273728e-03
5.850280880215021995e+01 2.180930287449346205e-03
5.858369737125163823e+01 2.172616390619639976e-03
5.866469778046373307e+01 2.164333849966210751e-03
5.874581018442157898e+01 2.156082575799137674e-03
5.882703473797406701e+01 2.147862478443918980e-03
5.890837159618430974e+01 2.139673464419456807e-03
5.898982091432943520e+01 2.131515406508074223e-03
5.907138284790165272e+01 2.123388160462539882e-03
5.915305755260801845e+01 2.115291582743567423e-03
5.923484518437089719e+01 2.107225530670185209e-03
5.931674589932821817e+01 2.099189862442701893e-03
5.939875985383381618e+01 2.091184445392542564e-03
5.948088720445768018e+01 2.083209167224092141e-03
5.956312810798630863e+01 2.075263918905523221e-03
5.964548272142295815e+01 2.067348591770473438e-03
5.972795120198797747e+01 2.059463077517007662e-03
5.981053370711909167e+01 2.051607268463618520e-03
5.989323039447170061e+01 2.043781060978883124e-03
5.997604142191919863e+01 2.035984354493771808e-03
6.005896694755324461e+01 2.028217048764545481e-03
6.014200712968409590e+01 2.020479043804778753e-03
6.022516212684089254e+01 2.012770239885266262e-03
6.030843209777208358e+01 2.005090537639431843e-03
6.039181720144524945e+01 1.997439838326686874e-03
6.047531759704813226e+01 1.989818043537402385e-03
6.055893344398844391e+01 1.982225055110411246e-03
6.064266490189431380e+01 1.974660775132906689e-03
6.072651213061455877e+01 1.967125105278668285e-03
6.081047529021903841e+01 1.959617930363930730e-03
6.089455454099891085e+01 1.952139117517749092e-03
6.097875004346696670e+01 1.944688533779172961e-03
6.106306195835792749e+01 1.937266046990492648e-03
6.114749044662875832e+01 1.929871525791883877e-03
6.123203566945895204e+01 1.922504844755151040e-03
6.131669778825089168e+01 1.915165906225801138e-03
6.140147696463008486e+01 1.907854621717267139e-03
6.148637336044552626e+01 1.900570902903447835e-03
6.157138713776999595e+01 1.893314661613951450e-03
6.165651845890047156e+01 1.886085809702693584e-03
6.174176748635797907e+01 1.878884251661998468e-03
6.182713438288860175e+01 1.871709880856715089e-03
6.191261931146333097e+01 1.864562590147207741e-03
6.199822243527848542e+01 1.857442272854845002e-03
6.208394391775603793e+01 1.850348822759769092e-03
6.216978392254389973e+01 1.843282135510194335e-03
6.225574261351626149e+01 1.836242118534354073e-03
6.234182015477387040e+01 1.829228684982434723e-03
6.242801671064440683e+01 1.822241748213872204e-03
6.251433244568271874e+01 1.815281221761856243e-03
6.260076752467119121e+01 1.808347019287449538e-03
6.268732211262005194e+01 1.801439045494952372e-03
6.277399637476766969e+01 1.794557185419623242e-03
6.286079047658088115e+01 1.787701322070599187e-03
6.294770458375529643e+01 1.780871339113651282e-03
6.303473886221564015e+01 1.774067120867083101e-03
6.312189347811617779e+01 1.767288553923707355e-03
6.320916859784050246e+01 1.760535546413846599e-03
6.329656438800265761e+01 1.753808021265546111e-03
6.338408101544693096e+01 1.747105901773319528e-03
6.347171864724828083e+01 1.740429111302113510e-03
6.355947745071269139e+01 1.733777573286368612e-03
6.364735759337744270e+01 1.727151203380063995e-03
6.373535924301149436e+01 1.720549892108089261e-03
6.382348256761574135e+01 1.713973525482463461e-03
6.391172773542336927e+01 1.707421990171559744e-03
6.400009491490018831e+01 1.700895173495922067e-03
6.408858427474493169e+01 1.694392964198156290e-03
6.417719598388954694e+01 1.687915269093902227e-03
6.426593021149962226e+01 1.681462012573309251e-03
6.435478712697457127e+01 1.675033119856246273e-03
6.444376689994805929e+01 1.668628516249013281e-03
6.453286970028831604e+01 1.662248127145462629e-03
6.462209569809853349e+01 1.655891874308004297e-03
6.471144506371672378e+01 1.649559661689392392e-03
6.480091796771678503e+01 1.643251388254020383e-03
6.489051458090835922e+01 1.636966953467752133e-03
6.498023507433724433e+01 1.630706257296268705e-03
6.507007961928572115e+01 1.624469200432250354e-03
6.516004838727290860e+01 1.618255694846535211e-03
6.525014155005506211e+01 1.612065667985831778e-03
6.534035927962592893e+01 1.605899048524662195e-03
6.543070174821707496e+01 1.599755765211064665e-03
6.552116912829815476e+01 1.593635746867774153e-03
6.561176159257732365e+01 1.587538918973539293e-03
6.570247931400152197e+01 1.581465182090829825e-03
6.579332246575683030e+01 1.575414426164269696e-03
6.588429122126873949e+01 1.569386541767974538e-03
6.597538575420257700e+01 1.563381420152933901e-03
6.606660623846389058e+01 1.557398953320513445e-03
6.615795284819829192e+01 1.551439044994903363e-03
6.624942575779256515e+01 1.545501621729835923e-03
6.634102514187446786e+01 1.539586612920335268e-03
6.643275117531322849e+01 1.533693948068673299e-03
6.652460403321983051e+01 1.527823556785144234e-03
6.661658389094741040e+01 1.521975367967765480e-03
6.670869092409152756e+01 1.516149301138165892e-03
6.680092530849051968e+01 1.510345269986355932e-03
6.689328722022587215e+01 1.504563188462119819e-03
6.698577683562251650e+01 1.498802970876007661e-03
6.707839433124917150e+01 1.493064531899347376e-03
6.717113988391871260e+01 1.487347788795354096e-03
6.726401367068844195e+01 1.481652665769556208e-03
6.735701586886050052e+01 1.475979088467065797e-03
6.745014665598219494e+01 1.470326982732854827e-03
6.754340620984625332e+01 1.464696274611597708e-03
6.763679470849142206e+01 1.459086890044563722e-03
6.773031233020218167e+01 1.453498749186983184e-03
6.782395925350991206e+01 1.447931767005496400e-03
6.791773565719273620e+01 1.442385858642268419e-03
6.801164172027593224e+01 1.436860939619206100e-03
6.810567762203231723e+01 1.431356925836086130e-03
6.819984354198257392e+01 1.425873733240573538e-03
6.829413965989560609e+01 1.420411276707311907e-03
6.838856615578887954e+01 1.414969471108807426e-03
6.848312320992874902e+01 1.409548231721073370e-03
6.857781100283081344e+01 1.404147474221497478e-03
6.867262971526027115e+01 1.398767114870719469e-03
6.876757952823224684e+01 1.393407077549577372e-03
6.886266062301211832e+01 1.388067295828612248e-03
6.895787318111595710e+01 1.382747704046671366e-03
6.905321738431072731e+01 1.377448236669411800e-03
6.914869341461478314e+01 1.372168828289703100e-03
6.924430145429822403e+01 1.366909412565483649e-03
6.934004168588279526e+01 1.361669916195843832e-03
6.943591429214298216e+01 1.356450263222174889e-03
6.953191945610586799e+01 1.351250377974252395e-03
6.962805736105160292e+01 1.346070185078127295e-03
6.972432819051371666e+01 1.340909609457096923e-03
6.982073212827954478e+01 1.335768576561939015e-03
6.991726935839048451e+01 1.330647012568694689e-03
7.001394006514244950e+01 1.325544843982364362e-03
7.011074443308612558e+01 1.320461997587305068e-03
7.020768264702738293e+01 1.315398400446177261e-03
7.030475489202761707e+01 1.310353979681172770e-03
7.040196135340410422e+01 1.305328660421810252e-03
7.049930221673032804e+01 1.300322366760066134e-03
7.059677766783636343e+01 1.295335023102432833e-03
7.069438789280921753e+01 1.290366554186611787e-03
7.079213307799335553e+01 1.285416885081522125e-03
7.089001340999043066e+01 1.280485942283188152e-03
7.098802907566054898e+01 1.275573655592612864e-03
7.108618026212202778e+01 1.270679955578606296e-03
7.118446715675190717e+01 1.265804773063346341e-03
7.128288994718627691e+01 1.260948039121509000e-03
7.138144882132070279e+01 1.256109685213337287e-03
7.148014396731052500e+01 1.251289645388905776e-03
7.157897557357122764e+01 1.246487855898387219e-03
7.167794382877880821e+01 1.241704253236112143e-03
7.177704892187014707e+01 1.236938774075961459e-03
7.187629104204333430e+01 1.232191355271116664e-03
7.197567037875809604e+01 1.227461933165265116e-03
7.207518712173606446e+01 1.222750441495911757e-03
7.217484146096123254e+01 1.218056813523218972e-03
7.227463358668022408e+01 1.213380982749461033e-03
7.237456368940276263e+01 1.208722882918207911e-03
7.247463195990208362e+01 1.204082447877190829e-03
7.257483858921477804e+01 1.199459607178485166e-03
7.267518376864200036e+01 1.194854285207205477e-03
7.277566768974925537e+01 1.190266406413911576e-03
7.287629054436692400e+01 1.185695895645004841e-03
7.297705252459061853e+01 1.181142678140418862e-03
7.307795382278155216e+01 1.176606681745447601e-03
7.317899463156690842e+01 1.172087848189494593e-03
7.328017514384019648e+01 1.167586124454195618e-03
7.338149555276163483e+01 1.163101457597432104e-03
7.348295605175850653e+01 1.158633794744252021e-03
7.358455683452554297e+01 1.154183083005770041e-03
7.368629809502529326e+01 1.149749262817186890e-03
7.378818002748847960e+01 1.145332263142897220e-03
7.389020282641436665e+01 1.140932012144110254e-03
7.399236668657115956e+01 1.136548438350776062e-03
7.409467180299633071e+01 1.132181470659433852e-03
7.419711837099721663e+01 1.127831039349891547e-03
7.429970658615070533e+01 1.123497084676088617e-03
7.440243664430457216e+01 1.119179552383365054e-03
7.450530874157719552e+01 1.114878388387292082e-03
7.460832307435815380e+01 1.110593538717647528e-03
7.471147983930853798e+01 1.106324949510627785e-03
7.481477923336137792e+01 1.102072563850410971e-03
7.491822145372195507e+01 1.097836317039683606e-03
7.502180669786825717e+01 1.093616143440289757e-03
7.512553516355126249e+01 1.089411977717201887e-03
7.522940704879542295e+01 1.085223754836937707e-03
7.533342255189894843e+01 1.081051410139062009e-03
7.543758187143424720e+01 1.076894880394353238e-03
7.554188520624826708e+01 1.072754103544908957e-03
7.564633275546290747e+01 1.068629017820359964e-03
7.575092471847536046e+01 1.064519561711997544e-03
7.585566129495867926e+01 1.060425673971562193e-03
7.596054268486155081e+01 1.056347295465315207e-03
7.606556908840953213e+01 1.052284374198609717e-03
7.617074070610493663e+01 1.048236859907314758e-03
7.627605773872721784e+01 1.044204702424912689e-03
7.638152038733352356e+01 1.040187851682794744e-03
7.648712885325892330e+01 1.036186257498849421e-03
7.659288333811689142e+01 1.032199863746052684e-03
7.669878404379967662e+01 1.028228607722219507e-03
7.680483117247861458e+01 1.024272426665132378e-03
7.691102492660465373e+01 1.020331258115203662e-03
7.701736550890858268e+01 1.016405039913835864e-03
7.712385312240155599e+01 1.012493711133254440e-03
7.723048797037537838e+01 1.008597216337654137e-03
7.733727025640295949e+01 1.004715502102077355e-03
7.744420018433865494e+01 1.000848515176570169e-03
7.755127795831870685e+01 9.969962024838491255e-04
7.765850378276174126e+01 9.931585110996956137e-04
7.776587786236856914e+01 9.893353870137667778e-04
7.787340040212346537e+01 9.855267743964445624e-04
7.798107160729401244e+01 9.817326174590629631e-04
7.808889168343158360e+01 9.779528606361389924e-04
7.819686083637174079e+01 9.741874485844336526e-04
7.830497927223467514e+01 9.704363261365112200e-04
7.841324719742554805e+01 9.666994379558289463e-04
7.852166481863491754e+01 9.629767287336265472e-04
7.863023234283909346e+01 9.592681433877510997e-04
7.873894997730062073e+01 9.555736270632585573e-04
7.884781792956853508e+01 9.518931251381021258e-04
7.895683640747891729e+01 9.482265849215747557e-04
7.906600561915513481e+01 9.445739578663920905e-04
7.917532577300838170e+01 9.409351961178551941e-04
7.928479707773797713e+01 9.373102519487581984e-04
7.939441974233179167e+01 9.336990777593118674e-04
7.950419397606684413e+01 9.301016257290898714e-04
7.961411998850898897e+01 9.265178433471013206e-04
7.972419798951433734e+01 9.229476747874217112e-04
7.983442818922900130e+01 9.193910644037233282e-04
7.994481079808964807e+01 9.158479568097902673e-04
8.005534602682388368e+01 9.123182968783170302e-04
8.016603408645069351e+01 9.088020311585788677e-04
8.027687518828084023e+01 9.052991112848912756e-04
8.038786954391721906e+01 9.018094900854125174e-04
8.049901736525532669e+01 8.983331205301048512e-04
8.061031886448361661e+01 8.948699557304970898e-04
8.072177425408395379e+01 8.914199488140502883e-04
8.083338374683194161e+01 8.879830499507993143e-04
8.094514755579740495e+01 8.845592062809309614e-04
8.105706589434478815e+01 8.811483650338309626e-04
8.116913897613349604e+01 8.777504736793931847e-04
8.128136701511856188e+01 8.743654799267875418e-04
8.139375022555030625e+01 8.709933329004370620e-04
8.150628882197578662e+01 8.676339879730797901e-04
8.161898301923856991e+01 8.642874025672503012e-04
8.173183303247924414e+01 8.609535342011240050e-04
8.184483907713585893e+01 8.576323404877749012e-04
8.195800136894435184e+01 8.543237790620062441e-04
8.207132012393893206e+01 8.510278037396418671e-04
8.218479555845253515e+01 8.477443627001292554e-04
8.229842788911716411e+01 8.444734039004983235e-04
8.241221733286438678e+01 8.412148755494573303e-04
8.252616410692569104e+01 8.379687261060117130e-04
8.264026842883292545e+01 8.347349048491593121e-04
8.275453051641871127e+01 8.315133657529355125e-04
8.286895058781682621e+01 8.283040650524178556e-04
8.298352886146270180e+01 8.251069591307003560e-04
8.309826555609372178e+01 8.219220045061802551e-04
8.321316089074994693e+01 8.187491578239022936e-04
8.332821508477373129e+01 8.155883743887953679e-04
8.344342835781122858e+01 8.124396065164750423e-04
8.355880092981210794e+01 8.093028063234379479e-04
8.367433302103016501e+01 8.061779261368685195e-04
8.379002485202371986e+01 8.030649184935849351e-04
8.390587664365604326e+01 7.999637363474361483e-04
8.402188861709578305e+01 7.968743354474845013e-04
8.413806099381739045e+01 7.937966734592437085e-04
8.425439399560153220e+01 7.907307082172460380e-04
8.437088784453551682e+01 7.876763976908754145e-04
8.448754276301370680e+01 7.846336999839785163e-04
8.460435897373800174e+01 7.816025732023907735e-04
8.472133669971817937e+01 7.785829751728909993e-04
8.483847616427236460e+01 7.755748637829970723e-04
8.495577759102745574e+01 7.725781970630377646e-04
8.507324120391955091e+01 7.695929331857287101e-04
8.519086722719455906e+01 7.666190303847128257e-04
8.530865588540790156e+01 7.636564452860874434e-04
8.542660740342599013e+01 7.607051329984856804e-04
8.554472200642599944e+01 7.577650487565753623e-04
8.566299991989644980e+01 7.548361479899709124e-04
8.578144136963757660e+01 7.519183863222917222e-04
8.590004658176189878e+01 7.490117204052812753e-04
8.601881578269448880e+01 7.461161109905651645e-04
8.613774919917354111e+01 7.432315200971193565e-04
8.625684705825072740e+01 7.403579098438779456e-04
8.637610958729163713e+01 7.374952424495235777e-04
8.649553701397626071e+01 7.346434801717941377e-04
8.661512956629935900e+01 7.318025826854850785e-04
8.673488747257093223e+01 7.289725061281857347e-04
8.685481096141667479e+01 7.261532065691364687e-04
8.697490026177834466e+01 7.233446402791811336e-04
8.709515560291447400e+01 7.205467637297272151e-04
8.721557721439999966e+01 7.177595341374518219e-04
8.733616532612785477e+01 7.149829127910003026e-04
8.745692016830862769e+01 7.122168627896734725e-04
8.757784197147120153e+01 7.094613473422906611e-04
8.769893096646320885e+01 7.067163297601148590e-04
8.782018738445148642e+01 7.039817734383035366e-04
8.794161145692243053e+01 7.012576394999667055e-04
8.806320341568257959e+01 6.985438845292299545e-04
8.818496349285889835e+01 6.958404647739956355e-04
8.830689192089936057e+01 6.931473367005532580e-04
8.842898893257331849e+01 6.904644569923519548e-04
8.855125476097192916e+01 6.877917831219408727e-04
8.867368963950868022e+01 6.851292791833954021e-04
8.879629380191975940e+01 6.824769133969007607e-04
8.891906748226453772e+01 6.798346540878917425e-04
8.904201091492598152e+01 6.772024696241734374e-04
8.916512433461134890e+01 6.745803284134222529e-04
8.928840797635183435e+01 6.719681958352401695e-04
8.941186207550417464e+01 6.693660284997186589e-04
8.953548686775029353e+01 6.667737816567248683e-04
8.965928258909804072e+01 6.641914108078360562e-04
8.978324947588151872e+01 6.616188717047645712e-04
8.990738776476163707e+01 6.590561207456671405e-04
9.003169769272651024e+01 6.565031221302437565e-04
9.015617949709191237e+01 6.539598469402026128e-04
9.028083341550176044e+01 6.514262665132963294e-04
9.040565968592854063e+01 6.489023522012479046e-04
9.053065854667376300e+01 6.463880753704264988e-04
9.065583023636843052e+01 6.438834053164405003e-04
9.078117499397349377e+01 6.413883024008880818e-04
9.090669305878029149e+01 6.389027247561451838e-04
9.103238467041101956e+01 6.364266307388580018e-04
9.115825006881937043e+01 6.339599789286291505e-04
9.128428949429024897e+01 6.315027282251524203e-04
9.141050318744136405e+01 6.290548414104899866e-04
9.153689138922290169e+01 6.266162860836938225e-04
9.166345434091820721e+01 6.241870302331574546e-04
9.179019228414422571e+01 6.217670419301722911e-04
9.191710546085199951e+01 6.193562893289103824e-04
9.204419411332708023e+01 6.169547400401690805e-04
9.217145848419001197e+01 6.145623577000426836e-04
9.229889881639681448e+01 6.121791044762321578e-04
9.242651535323940948e+01 6.098049427120791127e-04
9.255430833834610382e+01 6.074398349299755086e-04
9.268227801568210111e+01 6.050837438414809980e-04
9.281042462954985695e+01 6.027366334165678782e-04
9.293874842458964736e+01 6.003984697536071408e-04
9.306724964577999515e+01 5.980692192880303435e-04
9.319592853843812463e+01 5.957488485794517176e-04
9.332478534822067218e+01 5.934373243111873246e-04
9.345382032112333093e+01 5.911346132020259356e-04
9.358303370348248507e+01 5.888406812070515759e-04
9.371242574197493980e+01 5.865554939038110762e-04
9.384199668361854663e+01 5.842790170083915968e-04
9.397174677577274338e+01 5.820112163812054965e-04
9.410167626613890945e+01 5.797520580267886709e-04
9.423178540276096271e+01 5.775015083422767054e-04
9.436207443402575734e+01 5.752595345257692982e-04
9.449254360866355285e+01 5.730261040116525068e-04
9.462319317574856825e+01 5.708011843596751079e-04
9.475402338469935160e+01 5.685847432544628753e-04
9.488503448527934836e+01 5.663767484480396013e-04
9.501622672759729937e+01 5.641771668591646308e-04
9.514760036210779504e+01 5.619859647513389097e-04
9.527915563961170164e+01 5.598031085148000036e-04
9.541089281125663035e+01 5.576285646902553930e-04
9.554281212853766192e+01 5.554622999681464073e-04
9.567491384329701987e+01 5.533042824336450614e-04
9.580719820772571893e+01 5.511544852220965404e-04
9.593966547436323822e+01 5.490128827357504708e-04
9.607231589609828859e+01 5.468794494099620505e-04
9.620514972616918214e+01 5.447541597135574249e-04
9.633816721816438644e+01 5.426369879243098365e-04
9.647136862602302187e+01 5.405279012357707552e-04
9.660475420403525959e+01 5.384268585964881214e-04
9.673832420684290412e+01 5.363338187500248664e-04
9.687207888943983392e+01 5.342487407239204312e-04
9.700601850717248453e+01 5.321715838276442267e-04
9.714014331574034600e+01 5.301023100922037197e-04
9.727445357119646019e+01 5.280408962922695897e-04
9.740894952994788980e+01 5.259873245482375725e-04
9.754363144875620151e+01 5.239415769191111067e-04
9.767849958473820493e+01 5.219036353952243848e-04
9.781355419536559737e+01 5.198734817322201015e-04
9.794879553846665488e+01 5.178510848231348976e-04
9.808422387222594807e+01 5.158363921413797919e-04
9.821983945518502424e+01 5.138293495589442254e-04
9.835564254624291891e+01 5.118299034479798339e-04
9.849163340465661065e+01 5.098380006766850331e-04
9.862781229004153261e+01 5.078535953416870316e-04
9.876417946237208412e+01 5.058767036403680238e-04
9.890073518198214231e+01 5.039073742992503926e-04
9.903747970956547420e+01 5.019456552732108612e-04
9.917441330617636197e+01 4.999915934326485930e-04
9.931153623322998669e+01 4.980452345746545339e-04
9.944884875250298251e+01 4.961066234342121966e-04
9.958635112613393403e+01 4.941758036954067932e-04
9.972404361662385952e+01 4.922528180026804461e-04
9.986192648683675088e+01 4.903377079720774249e-04
1.000000000000000000e+02 4.884305142025322085e-04
